<?xml version="1.0" encoding="UTF-8"?>
<kml xmlns="http://www.opengis.net/kml/2.2">
<Document><name>My document</name>
<description>Content</description>
<Style id="Lump">
<LineStyle><color>CD0000FF</color><width>2</width></LineStyle>
<PolyStyle><color>9AFF0000</color></PolyStyle>
</Style>
<Style id="Path">
<LineStyle><color>FF0000FF</color><width>3</width></LineStyle>
</Style>
<Style id="markerstyle">
<IconStyle><Icon><href>
https://maps.google.com/intl/en_us/mapfiles/ms/micons/red-dot.png
</href></Icon></IconStyle>
</Style>
<Placemark><name>NAME</name>
<description>YES</description>
<styleUrl>#Path</styleUrl>
<LineString>
<tessellate>1</tessellate>
<altitudeMode>clampToGround</altitudeMode>
<coordinates>
121.96991199474,7.29550557052525,0.0 121.970000178154,7.29572876305453,0.0 121.970966372563,7.29784758265806,0.0 121.97204054433,7.29991392234795,0.0 121.973219845421,7.30192230091106,0.0 121.974501148805,7.30386739082879,0.0 121.975881056738,7.30574403241649,0.0 121.977355909768,7.30754724751782,0.0 121.978921796439,7.30927225271792,0.0 121.980574563662,7.31091447203999,0.0 121.98230982773,7.31246954909169,0.0 121.984122985949,7.31393335862889,0.0 121.986009228848,7.31530201750618,0.0 121.987963552941,7.3165718949847,0.0 121.989980774007,7.31773962237023,0.0 121.992055540848,7.31880210195555,0.0 121.992178646855,7.31885734663942,0.0 121.985692279808,7.34956349347794,0.0 121.985263022818,7.35189721567264,0.0 121.984957005012,7.35425020895005,0.0 121.984775071423,7.35661599104192,0.0 121.984717725262,7.35898804434288,0.0 121.984785126509,7.36135983386686,0.0 121.984977091449,7.36372482525255,0.0 121.985293093158,7.36607650276821,0.0 121.985732262934,7.36840838726635,0.0 121.986293392666,7.37071405403853,0.0 121.986974938148,7.37298715052135,0.0 121.987775023311,7.37522141380439,0.0 121.988691445376,7.37741068789223,0.0 121.989721680907,7.37954894067252,0.0 121.990862892748,7.38163028054354,0.0 121.99211193783,7.38364897265509,0.0 121.993465375816,7.38559945471815,0.0 121.994919478577,7.38747635233934,0.0 121.996470240452,7.38927449383801,0.0 121.998113389283,7.39098892450496,0.0 121.999844398184,7.39261492026335,0.0 122.009523499787,7.4012397526362,0.0 122.012231617779,7.40895264363027,0.0 122.013901407473,7.44065602848697,0.0 122.014085479191,7.44299287182423,0.0 122.01439066479,7.44531704895312,0.0 122.014816145512,7.44762231024402,0.0 122.015360779063,7.44990245684169,0.0 122.016023102677,7.45215135733851,0.0 122.029176345981,7.49287386733528,0.0 122.02700389933,7.50691317059905,0.0 122.026707517428,7.50922070154893,0.0 122.026530479723,7.51154039388645,0.0 122.026473257023,7.51386610387888,0.0 122.026536002803,7.51619167175763,0.0 122.026718552779,7.51851093803419,0.0 122.027020425328,7.5208177598165,0.0 122.027440822735,7.52310602708219,0.0 122.027978633295,7.52536967886588,0.0 122.028632434234,7.52760271931735,0.0 122.029400495465,7.52979923358812,0.0 122.030280784147,7.53195340350427,0.0 122.031270970062,7.53405952298391,0.0 122.032368431769,7.53611201315843,0.0 122.033570263538,7.53810543715726,0.0 122.034873283034,7.54003451451706,0.0 122.036274039741,7.54189413517688,0.0 122.037768824094,7.54367937302237,0.0 122.039353677299,7.54538549894275,0.0 122.041024401818,7.54700799336613,0.0 122.042776572488,7.54854255823964,0.0 122.044605548242,7.54998512842276,0.0 122.046506484408,7.55133188246335,0.0 122.048474345544,7.55257925272782,0.0 122.050503918787,7.55372393485862,0.0 122.05258982767,7.55476289653367,0.0 122.05472654637,7.55569338550467,0.0 122.056908414364,7.55651293689281,0.0 122.066829611191,7.55995120230966,0.0 122.070464625338,7.56737214052991,0.0 122.069720696168,7.56826705394702,0.0 122.068325111804,7.57013373526585,0.0 122.067027713479,7.57206965781769,0.0 122.065831945767,7.57406968399409,0.0 122.064740983659,7.57612850597484,0.0 122.063757724125,7.5782406598087,0.0 122.06288477841,7.58040053990926,0.0 122.062124465087,7.58260241392757,0.0 122.06147880389,7.58484043796214,0.0 122.06094951033,7.58710867206595,0.0 122.060537991128,7.5894010960094,0.0 122.060245340459,7.59171162525733,0.0 122.060072337029,7.59403412711787,0.0 122.060019441985,7.59636243702,0.0 122.060086797674,7.598690374877,0.0 122.060274227242,7.60101176149195,0.0 122.060581235083,7.60332043496205,0.0 122.061007008136,7.60561026703794,0.0 122.061550418023,7.6078751793947,0.0 122.062210024025,7.61010915977127,0.0 122.062984076889,7.61230627793535,0.0 122.063870523455,7.61446070143134,0.0 122.064867012093,7.61656671106949,0.0 122.065970898928,7.61861871611498,0.0 122.067179254849,7.62061126913663,0.0 122.089142007745,7.65480250000965,0.0 122.088434545019,7.66702561236087,0.0 122.082876982046,7.68242626270223,0.0 122.081809085519,7.68281744184625,0.0 122.079637149283,7.68374384118153,0.0 122.077516545168,7.6847818800846,0.0 122.075453034629,7.68592873877041,0.0 122.073452224167,7.68718130178435,0.0 122.071519550102,7.68853616645746,0.0 122.069660263808,7.68998965214196,0.0 122.067879417447,7.69153781020192,0.0 122.066181850244,7.69317643473216,0.0 122.064572175335,7.69490107397627,0.0 122.06305476723,7.69670704241306,0.0 122.061633749924,7.69858943347833,0.0 122.060312985681,7.7005431328879,0.0 122.059096064531,7.70256283252553,0.0 122.057986294503,7.70464304485823,0.0 122.056986692624,7.70677811783984,0.0 122.056099976706,7.70896225026242,0.0 122.055328557944,7.71118950751395,0.0 122.054674534345,7.71345383769942,0.0 122.049331910054,7.73394317046055,0.0 122.048803394534,7.73620747902955,0.0 122.048392286217,7.73849589640856,0.0 122.048099674434,7.74080236973502,0.0 122.047926335126,7.7431207982855,0.0 122.047872728767,7.74544504961236,0.0 122.047938999128,7.7477689757654,0.0 122.048124972874,7.75008642955558,0.0 122.048430160003,7.7523912808178,0.0 122.04885375512,7.75467743262958,0.0 122.049394639549,7.75693883744291,0.0 122.050051384276,7.75916951308633,0.0 122.050822253707,7.761363558595,0.0 122.051705210242,7.7635151698267,0.0 122.052697919655,7.76561865482257,0.0 122.053797757252,7.76766844887158,0.0 122.083038672659,7.81894166059532,0.0 122.084273801499,7.82098015915138,0.0 122.085614893347,7.82295094610796,0.0 122.087058225722,7.82484854928152,0.0 122.088599792086,7.82666769964724,0.0 122.09023531297,7.82840334597849,0.0 122.091960247847,7.83005066888168,0.0 122.093769807741,7.83160509418733,0.0 122.095658968529,7.83306230566005,0.0 122.097622484888,7.83441825699207,0.0 122.099654904871,7.83566918304681,0.0 122.09995945379,7.835845751523,0.0 122.099965437359,7.83588252729504,0.0 122.100497316047,7.83830342306759,0.0 122.10116145266,7.84069160981434,0.0 122.1019558528,7.84303990809564,0.0 122.102878130341,7.84534125828341,0.0 122.103925514573,7.84758874179308,0.0 122.105094858518,7.84977560189251,0.0 122.106382648371,7.85189526402517,0.0 122.133465516208,7.89382779519224,0.0 122.134773372803,7.89574281093234,0.0 122.136177933159,7.89758848981816,0.0 122.137675507759,7.8993599822314,0.0 122.139262162532,7.90105263344755,0.0 122.140933729187,7.90266199587452,0.0 122.142685816164,7.90418384074707,0.0 122.144513820174,7.90561416924595,0.0 122.146412938297,7.90694922301282,0.0 122.14837818061,7.90818549403272,0.0 122.1504043833,7.90931973385862,0.0 122.152486222248,7.91034896215305,0.0 122.154618227022,7.91127047452498,0.0 122.156794795267,7.91208184964067,0.0 122.159010207439,7.91278095559013,0.0 122.166436625113,7.91491721801081,0.0 122.181371396016,7.9257183416313,0.0 122.183069098673,7.92966069664812,0.0 122.181563887561,7.93250208360007,0.0 122.180512090127,7.93461980601571,0.0 122.17957273148,7.93678943541959,0.0 122.178748380654,7.93900504254996,0.0 122.178041292486,7.94126057238345,0.0 122.177453401434,7.94354986067922,0.0 122.176986316269,7.94586665082256,0.0 122.176641315656,7.94820461092232,0.0 122.176419344637,7.95055735111511,0.0 122.176321012025,7.95291844102924,0.0 122.176346588717,7.95528142736065,0.0 122.176496006928,7.95763985151258,0.0 122.176768860357,7.95998726725108,0.0 122.177164405272,7.96231725832775,0.0 122.177681562521,7.96462345602173,0.0 122.178318920461,7.96689955655281,0.0 122.179074738797,7.96913933831804,0.0 122.179946953318,7.97133667890465,0.0 122.180933181525,7.97348557183271,0.0 122.182030729124,7.97558014298159,0.0 122.183236597381,7.97761466665531,0.0 122.184547491302,7.97958358124271,0.0 122.185959828636,7.98148150442949,0.0 122.187469749655,7.98330324792053,0.0 122.189073127699,7.98504383163191,0.0 122.190765580459,7.98669849731395,0.0 122.192542481946,7.98826272156775,0.0 122.194398975149,7.98973222821956,0.0 122.207501382404,7.99955734485568,0.0 122.209657256204,8.00421590497264,0.0 122.210694597519,8.00631304110812,0.0 122.211839356596,8.00835389621044,0.0 122.213088471087,8.01033300828112,0.0 122.214438599203,8.01224508051233,0.0 122.215886128648,8.01408499547151,0.0 122.217427186285,8.01584782880608,0.0 122.219057648492,8.01752886243164,0.0 122.2207731522,8.01912359716801,0.0 122.222569106567,8.02062776478942,0.0 122.22444070527,8.02203733945627,0.0 122.226382939372,8.02334854849789,0.0 122.271666766071,8.0522404991699,0.0 122.273971384224,8.05361646823019,0.0 122.27635371687,8.05485399953237,0.0 122.278805401949,8.05594874946313,0.0 122.346309270183,8.08372061239576,0.0 122.348360134094,8.08450672465437,0.0 122.350446801945,8.08519290600931,0.0 122.352564374063,8.08577754548305,0.0 122.354707878156,8.08625927053523,0.0 122.35687228101,8.08663695028636,0.0 122.387504422216,8.09122161617664,0.0 122.453653147496,8.11570121301684,0.0 122.455826599098,8.11644343583059,0.0 122.458034985185,8.11707501043644,0.0 122.460272636867,8.1175943159069,0.0 122.462533810083,8.11800001951644,0.0 122.464812700369,8.11829108016262,0.0 122.467103457768,8.11846675103798,0.0 122.469400201865,8.11852658154548,0.0 122.471697036896,8.1184704184528,0.0 122.473988066901,8.11829840628246,0.0 122.47626741087,8.11801098693685,0.0 122.478529217859,8.11760889855917,0.0 122.497005185599,8.1138403554825,0.0 122.499021505731,8.11503201178143,0.0 122.501155459238,8.11614502583492,0.0 122.503345706523,8.11714356349767,0.0 122.505586068618,8.11802480801485,0.0 122.50787022507,8.11878627354838,0.0 122.51019173179,8.11942581219309,0.0 122.51254403925,8.11994162003847,0.0 122.514920510981,8.12033224225883,0.0 122.517314442314,8.12059657721743,0.0 122.554721575439,8.12372575877239,0.0 122.556921161828,8.12614893399416,0.0 122.558457340538,8.12775979815718,0.0 122.560071134705,8.12929346037742,0.0 122.561758642298,8.13074621191167,0.0 122.5635157829,8.13211453967276,0.0 122.565338307572,8.13339513473121,0.0 122.567221809141,8.13458490032263,0.0 122.569161732857,8.13568095934185,0.0 122.571153387421,8.13668066130518,0.0 122.593585212273,8.14725840673898,0.0 122.59485639783,8.15057342241299,0.0 122.595716223114,8.15265817865205,0.0 122.596679302377,8.154697622402,0.0 122.597743241092,8.1566866800335,0.0 122.598905393694,8.15862040321527,0.0 122.600162870151,8.16049398123164,0.0 122.601512543148,8.16230275295805,0.0 122.602951055858,8.16404221846462,0.0 122.627121179491,8.19182394325298,0.0 122.628732254981,8.19357993665179,0.0 122.630433861102,8.19524901607159,0.0 122.632221281785,8.19682655496431,0.0 122.634089562913,8.19830818051825,0.0 122.63603352606,8.19968978578788,0.0 122.638047782849,8.20096754108627,0.0 122.640126749898,8.20213790460817,0.0 122.64226466431,8.20319763225452,0.0 122.644455599657,8.20414378663073,0.0 122.646693482425,8.20497374519391,0.0 122.648972108865,8.20568520752639,0.0 122.65128516221,8.20627620171514,0.0 122.6536262302,8.20674508981956,0.0 122.655988822877,8.20709057241232,0.0 122.658366390597,8.20731169218064,0.0 122.660752342208,8.20740783657815,0.0 122.663140063336,8.20737873951986,0.0 122.665522934745,8.20722448211563,0.0 122.667894350704,8.20694549244008,0.0 122.670247737319,8.20654254433983,0.0 122.672576570773,8.20601675528118,0.0 122.674874395424,8.20536958324445,0.0 122.677134841724,8.20460282267373,0.0 122.679351643881,8.20371859949318,0.0 122.681518657244,8.20271936520399,0.0 122.683629875346,8.20160789007847,0.0 122.685679446561,8.20038725547015,0.0 122.687661690331,8.19906084526149,0.0 122.689571112914,8.19763233647296,0.0 122.691402422615,8.1961056890597,0.0 122.693150544452,8.19448513492417,0.0 122.694810634219,8.19277516617543,0.0 122.696378091909,8.19098052266768,0.0 122.697848574451,8.18910617885276,0.0 122.699218007743,8.18715732998324,0.0 122.700482597928,8.18513937770428,0.0 122.714316427826,8.16171201475929,0.0 122.737805930794,8.15758060805212,0.0 122.799289161655,8.16452012673451,0.0 122.813656585648,8.16837066912614,0.0 122.830638608002,8.18206599144293,0.0 122.83256241726,8.18353435763257,0.0 122.834562212117,8.18489822959533,0.0 122.83663228149,8.18615371235868,0.0 122.838766713439,8.18729722052053,0.0 122.840959412072,8.18832548849529,0.0 122.843204114965,8.18923557984553,0.0 122.845494411065,8.19002489567253,0.0 122.847823759021,8.1906911820417,0.0 122.850185505879,8.19123253642156,0.0 122.852572906111,8.19164741311782,0.0 122.854979140895,8.19193462768718,0.0 122.857397337616,8.19209336031799,0.0 122.859820589514,8.19212315816839,0.0 122.86224197543,8.19202393665505,0.0 122.864654579598,8.19179597968908,0.0 122.867051511415,8.19143993885832,0.0 122.869425925139,8.19095683155851,0.0 122.871771039463,8.19034803807894,0.0 122.874080156895,8.18961529765052,0.0 122.876346682901,8.18876070346835,0.0 122.878526979046,8.18787155641867,0.0 122.89442327894,8.19015655380873,0.0 122.938486076498,8.22591937083354,0.0 122.937712372055,8.22649493139231,0.0 122.935794521259,8.22809290454216,0.0 122.933967953496,8.22979372674656,0.0 122.916457837051,8.24702234962944,0.0 122.914723162308,8.24882607300708,0.0 122.913091177614,8.25072252930148,0.0 122.911566871265,8.25270592414901,0.0 122.910154902763,8.25477019741085,0.0 122.908859588559,8.25690904167955,0.0 122.907684888849,8.25911592154264,0.0 122.906634395444,8.26138409354434,0.0 122.894691429381,8.28916301379426,0.0 122.893823490734,8.29133533199979,0.0 122.893069511854,8.29354946027607,0.0 122.892431513306,8.29579947117483,0.0 122.891911205237,8.29807934106478,0.0 122.891509982775,8.30038296625661,0.0 122.89122892227,8.30270417934353,0.0 122.89106877839,8.30503676571374,0.0 122.891029982075,8.30737448019049,0.0 122.891112639363,8.30971106375521,0.0 122.891316531081,8.31204026030892,0.0 122.891641113407,8.31435583342693,0.0 122.89208551931,8.31665158306203,0.0 122.892648560844,8.31892136215132,0.0 122.893328732311,8.32115909308203,0.0 122.894124214276,8.32335878397244,0.0 122.895032878419,8.32551454472387,0.0 122.896052293219,8.3276206028009,0.0 122.89717973045,8.32967131869737,0.0 122.898412172476,8.33166120104664,0.0 122.899746320321,8.33358492133548,0.0 122.901178602496,8.33543732818218,0.0 122.902705184555,8.33721346114038,0.0 122.90432197936,8.33890856399167,0.0 122.906024658026,8.34051809749108,0.0 122.907808661513,8.34203775153141,0.0 122.909669212839,8.34346345669348,0.0 122.911601329877,8.34479139515145,0.0 122.913599838701,8.34601801090375,0.0 122.915659387458,8.34714001930221,0.0 122.917774460704,8.34815441585379,0.0 122.919939394191,8.34905848427117,0.0 122.938895233481,8.35640535682621,0.0 122.93674366903,8.36273575965444,0.0 122.936009015655,8.36511032881136,0.0 122.935406534697,8.36752152547792,0.0 122.934938050567,8.36996205855935,0.0 122.934604982544,8.37242454809716,0.0 122.934408340458,8.37490154758606,0.0 122.934348721601,8.37738556649393,0.0 122.934481765447,8.4140562593657,0.0 122.934553320107,8.41643427458605,0.0 122.934750477653,8.41880524262616,0.0 122.935072693708,8.42116258994921,0.0 122.935519077102,8.4234997806738,0.0 122.936088392319,8.42581033470159,0.0 122.936779062896,8.42808784569136,0.0 122.937589175779,8.43032599882955,0.0 122.938516486607,8.43251858834791,0.0 122.939558425915,8.43465953473962,0.0 122.940712106242,8.43674290162588,0.0 122.941974330131,8.43876291222626,0.0 122.943341598976,8.44071396538688,0.0 122.94481012272,8.44259065112179,0.0 122.946375830357,8.44438776562454,0.0 122.948034381213,8.44610032570781,0.0 122.949781176987,8.44772358263131,0.0 122.951611374501,8.44925303527921,0.0 122.95351989913,8.45068444265039,0.0 122.955501458888,8.45201383562704,0.0 122.957550559102,8.45323752798849,0.0 122.959661517667,8.45435212663991,0.0 122.96182848081,8.45535454102716,0.0 122.971648379573,8.45958761690741,0.0 122.975903254703,8.4686736595782,0.0 122.98108878618,8.49260244641158,0.0 122.981664168537,8.49495073455653,0.0 122.982364878428,8.49726502657338,0.0 122.983188912282,8.49953869827901,0.0 122.984133913398,8.5017652416704,0.0 122.985197178667,8.50393828356285,0.0 122.986375666295,8.50605160384299,0.0 122.987666004495,8.50809915328422,0.0 122.98906450113,8.51007507087346,0.0 122.990567154268,8.51197370059934,0.0 122.992169663632,8.51378960765376,0.0 122.99386744291,8.51551759400012,0.0 123.023280022835,8.54388980730238,0.0 123.02495204015,8.54542352944365,0.0 123.026699128762,8.54687197217596,0.0 123.028516904085,8.54823150020687,0.0 123.030400803978,8.54949870141533,0.0 123.032346100206,8.55067039542165,0.0 123.034347910314,8.55174364157524,0.0 123.036401209894,8.55271574633998,0.0 123.038500845204,8.55358427005858,0.0 123.040641546118,8.55434703307899,0.0 123.042817939368,8.55500212122737,0.0 123.064938189597,8.56106184627906,0.0 123.067209520448,8.56162171278574,0.0 123.069506821726,8.56206431280567,0.0 123.071823986239,8.56238847023488,0.0 123.196938477152,8.57660685272158,0.0 123.199410640655,8.57681941800869,0.0 123.201890778117,8.57689718048492,0.0 123.204371474572,8.57683990832441,0.0 123.206845313454,8.57664777341684,0.0 123.209304898792,8.5763213508451,0.0 123.211742877349,8.57586161715631,0.0 123.21415196062,8.57526994743141,0.0 123.272259110547,8.5593047550776,0.0 123.288837016567,8.58253084032366,0.0 123.306418071087,8.64688585388982,0.0 123.307122417535,8.64921403108004,0.0 123.30795163228,8.65150111928681,0.0 123.308903314681,8.6537404916997,0.0 123.30997470908,8.65592565968691,0.0 123.311162712774,8.65805029160797,0.0 123.312463884984,8.66010823117196,0.0 123.313874456821,8.66209351528802,0.0 123.315390342191,8.6640003913563,0.0 123.317007149636,8.66582333394893,0.0 123.31872019505,8.66755706083257,0.0 123.320524515258,8.66919654828604,0.0 123.322414882396,8.67073704566819,0.0 123.324385819068,8.67217408919402,0.0 123.326431614229,8.67350351487863,0.0 123.32854633974,8.67472147061156,0.0 123.330723867567,8.67582442732633,0.0 123.332957887551,8.67680918923269,0.0 123.347831892038,8.68289417221419,0.0 123.347141383066,8.6846406964721,0.0 123.346388931333,8.68688121316785,0.0 123.345755215534,8.68915780797883,0.0 123.34524197106,8.69146425497576,0.0 123.344850603896,8.69379424645521,0.0 123.344582186751,8.69614141019052,0.0 123.3444374561,8.69849932686065,0.0 123.344416810142,8.70086154760919,0.0 123.344901704375,8.72848179420632,0.0 123.345003293574,8.73081375091267,0.0 123.345225824016,8.73313737261233,0.0 123.345568703661,8.73544645451453,0.0 123.346031019025,8.73773483055288,0.0 123.346611537599,8.73999638985798,0.0 123.347308711119,8.74222509308349,0.0 123.348120679681,8.74441498854219,0.0 123.349045276691,8.74656022810863,0.0 123.350080034635,8.74865508284586,0.0 123.351222191657,8.7506939583145,0.0 123.352468698917,8.75267140952286,0.0 123.353816228732,8.75458215547843,0.0 123.355261183451,8.75642109330132,0.0 123.356799705056,8.75818331186222,0.0 123.358427685469,8.75986410490807,0.0 123.360140777519,8.76145898364034,0.0 123.361934406555,8.76296368871216,0.0 123.363803782669,8.76437420161225,0.0 123.365743913493,8.76568675540492,0.0 123.367749617544,8.76689784479758,0.0 123.369815538071,8.76800423550858,0.0 123.371936157374,8.76900297291044,0.0 123.374105811558,8.76989138992508,0.0 123.376318705673,8.77066711415021,0.0 123.378568929209,8.77132807419743,0.0 123.380850471898,8.77187250522542,0.0 123.383157239791,8.77229895365314,0.0 123.385483071545,8.77260628104061,0.0 123.387821754908,8.77279366712686,0.0 123.390167043322,8.77286061201689,0.0 123.392512672634,8.77280693751198,0.0 123.394852377842,8.77263278757965,0.0 123.397179909844,8.77233862796225,0.0 123.399489052153,8.77192524492525,0.0 123.401773637512,8.77139374314856,0.0 123.447630562956,8.75947112235948,0.0 123.449886524192,8.75882197646461,0.0 123.452105716598,8.75805764168372,0.0 123.454282201643,8.75718016406599,0.0 123.456410155257,8.75619189240269,0.0 123.458483883428,8.75509547193003,0.0 123.460497837445,8.75389383723867,0.0 123.462446628749,8.75259020440878,0.0 123.464325043357,8.75118806239206,0.0 123.466128055813,8.74969116366385,0.0 123.467850842635,8.74810351417037,0.0 123.469488795214,8.74642936259836,0.0 123.471037532141,8.74467318899583,0.0 123.472492910922,8.74283969277443,0.0 123.474000038082,8.74083657131011,0.0 123.474714575794,8.74122507955581,0.0 123.476883007747,8.74225970344894,0.0 123.479103473058,8.74317862234194,0.0 123.481369739016,8.74397925742741,0.0 123.483675444279,8.74465936193844,0.0 123.486014116742,8.74521702745563,0.0 123.48837919173,8.74565068926307,0.0 123.490764030446,8.74595913073826,0.0 123.493161938624,8.74614148676361,0.0 123.495566185344,8.7461972461501,0.0 123.497970021947,8.74612625306608,0.0 123.500366701001,8.74592870746758,0.0 123.502749495256,8.74560516452873,0.0 123.505111716553,8.74515653307419,0.0 123.507446734608,8.74458407301795,0.0 123.509747995646,8.74388939181588,0.0 123.512009040807,8.7430744399421,0.0 123.514223524288,8.74214150540211,0.0 123.516385231168,8.74109320729803,0.0 123.518488094857,8.73993248846438,0.0 123.520526214131,8.73866260719515,0.0 123.522493869699,8.73728712808553,0.0 123.524385540256,8.73580991201423,0.0 123.526195917974,8.73423510529461,0.0 123.527919923398,8.7325671280254,0.0 123.529552719695,8.73081066167355,0.0 123.531089726213,8.72897063592466,0.0 123.532526631331,8.7270522148376,0.0 123.53385940454,8.72506078234266,0.0 123.546217075893,8.7054904976409,0.0 123.547417636675,8.70347489079574,0.0 123.548511521127,8.70140004947408,0.0 123.549495787408,8.69927155769494,0.0 123.550367788812,8.69709514372745,0.0 123.551125180861,8.69487666467145,0.0 123.551765927599,8.69262209069272,0.0 123.552288307043,8.69033748895542,0.0 123.552690915794,8.68802900729496,0.0 123.552972672783,8.68570285767531,0.0 123.553132822163,8.68336529947503,0.0 123.553170935311,8.68102262264733,0.0 123.553086911959,8.67868113079902,0.0 123.552880980438,8.67634712423418,0.0 123.55255369704,8.67402688300781,0.0 123.552373671741,8.67310204759912,0.0 123.552462645782,8.67306636071898,0.0 123.554659638801,8.67204627172671,0.0 123.556798746144,8.67091089981217,0.0 123.557850117672,8.67031643644122,0.0 123.56898434981,8.69130602702603,0.0 123.570133966027,8.69334353643521,0.0 123.571387962271,8.69531915073145,0.0 123.572742982503,8.69722758074242,0.0 123.574195400038,8.69906371713821,0.0 123.57574132726,8.70082264412037,0.0 123.57737662602,8.70249965259271,0.0 123.579096918721,8.7040902527784,0.0 123.580897600039,8.70559018624933,0.0 123.58277384926,8.70699543733564,0.0 123.584720643191,8.70830224388456,0.0 123.586732769621,8.70950710733973,0.0 123.588804841286,8.71060680211394,0.0 123.590931310309,8.71159838422997,0.0 123.593106483063,8.71247919920654,0.0 123.595324535438,8.71324688916799,0.0 123.597579528447,8.71389939915874,0.0 123.599865424149,8.71443498264548,0.0 123.602176101832,8.71485220619246,0.0 123.604505374424,8.71514995329722,0.0 123.606847005075,8.71532742737669,0.0 123.609194723878,8.71538415389543,0.0 123.611542244675,8.71531998163063,0.0 123.613883281908,8.71513508307032,0.0 123.616211567469,8.7148299539439,0.0 123.618520867494,8.7144054118864,0.0 123.620804999078,8.71386259423986,0.0 123.623057846839,8.71320295499823,0.0 123.625273379305,8.71242826090376,0.0 123.627445665077,8.71154058670555,0.0 123.62956888872,8.71054230959319,0.0 123.631637366335,8.70943610282042,0.0 123.633645560789,8.708224928536,0.0 123.63558809654,8.70691202984131,0.0 123.637459774029,8.70550092209586,0.0 123.639255583601,8.7039953834943,0.0 123.640970718912,8.70239944494026,0.0 123.64260058979,8.70071737924423,0.0 123.644140834519,8.69895368967459,0.0 123.645587331499,8.69711309789253,0.0 123.646936210271,8.69520053130335,0.0 123.648183861864,8.69322110985797,0.0 123.651164473719,8.68820868874021,0.0 123.652887847404,8.68878722126733,0.0 123.655187223185,8.68942724539135,0.0 123.657517245348,8.68994605006144,0.0 123.659871463442,8.69034219970869,0.0 123.662243360032,8.69061459833647,0.0 123.664626368761,8.69076249255033,0.0 123.667013892553,8.69078547363821,0.0 123.669399321894,8.69068347869527,0.0 123.671776053148,8.69045679079037,0.0 123.674137506862,8.69010603817365,0.0 123.676477145995,8.6896321925277,0.0 123.699962550485,8.68423108712566,0.0 123.702225530487,8.68364910692753,0.0 123.704455386727,8.68295196022942,0.0 123.706646203653,8.68214149721547,0.0 123.708792169451,8.68121986865831,0.0 123.710887591472,8.68018952020143,0.0 123.712926911347,8.67905318585924,0.0 123.714904719728,8.67781388075208,0.0 123.716815770651,8.67647489309556,0.0 123.718654995447,8.67503977546568,0.0 123.745489988552,8.65296524189833,0.0 123.750832253483,8.65179723359681,0.0 123.753146282663,8.65122748855276,0.0 123.755427042272,8.65053759482246,0.0 123.757668237145,8.64972945738081,0.0 123.759863681502,8.64880530754043,0.0 123.762007316039,8.64776769677995,0.0 123.764093224653,8.64661948968839,0.0 123.766115650783,8.64536385604526,0.0 123.768069013297,8.64400426205847,0.0 123.7699479219,8.64254446078434,0.0 123.771747192009,8.64098848175635,0.0 123.773461859056,8.6393406198514,0.0 123.775087192185,8.63760542342443,0.0 123.776618707297,8.63578768174443,0.0 123.778052179414,8.63389241176649,0.0 123.779383654326,8.63192484427662,0.0 123.780609459487,8.62989040944773,0.0 123.781726214127,8.62779472184664,0.0 123.782730838568,8.62564356493367,0.0 123.783620562697,8.62344287509764,0.0 123.784392933587,8.62119872527036,0.0 123.785045822241,8.61891730816598,0.0 123.785577429442,8.61660491919135,0.0 123.785986290689,8.61426793907459,0.0 123.786271280216,8.61191281625993,0.0 123.787629766514,8.59750875874289,0.0 123.787807107827,8.59745370783186,0.0 123.790035224399,8.5966323598612,0.0 123.792217070187,8.59569603705696,0.0 123.794346660575,8.59464730855584,0.0 123.796418154488,8.59348905177802,0.0 123.798425870425,8.59222444452093,0.0 123.800364302042,8.59085695622943,0.0 123.802228133257,8.5893903384661,0.0 123.804012252831,8.58782861460827,0.0 123.805711768382,8.58617606880001,0.0 123.807322019798,8.58443723418963,0.0 123.808838592009,8.58261688048504,0.0 123.810257327082,8.58072000086136,0.0 123.811574335615,8.57875179825658,0.0 123.812786007386,8.57671767109331,0.0 123.813889021236,8.57462319846554,0.0 123.814880354157,8.57247412483142,0.0 123.815757289563,8.57027634425387,0.0 123.828364497777,8.53609533688877,0.0 123.829134438896,8.53382296710726,0.0 123.829782099834,8.53151311382842,0.0 123.830305656357,8.52917229181163,0.0 123.830703634308,8.52680710301253,0.0 123.830809448762,8.52587764031172,0.0 123.848409982766,8.50918395842687,0.0 123.850129318331,8.50746301040756,0.0 123.851753266899,8.50565257603741,0.0 123.853277137473,8.50375788734356,0.0 123.854696528462,8.50178441968142,0.0 123.856007340379,8.49973787590298,0.0 123.857205787673,8.49762416986913,0.0 123.858288409642,8.49544940935397,0.0 123.85925208041,8.49321987839037,0.0 123.860094017933,8.49094201910806,0.0 123.860811792011,8.48862241311668,0.0 123.86140333128,8.48626776248766,0.0 123.861866929171,8.48388487038991,0.0 123.862201248805,8.48148062143523,0.0 123.862405326833,8.47906196179024,0.0 123.862478576182,8.47663587911216,0.0 123.862420787728,8.47420938236655,0.0 123.862223173445,8.47032310128291,0.0 123.870832441268,8.46049954213997,0.0 123.872381185164,8.45863361380941,0.0 123.873827260674,8.4566877328672,0.0 123.875166513604,8.45466749224746,0.0 123.87639509696,8.45257869845046,0.0 123.877509481981,8.45042735484706,0.0 123.878506468264,8.44821964441888,0.0 123.879383192931,8.44596191198415,0.0 123.880137138834,8.44366064596002,0.0 123.880766141759,8.44132245971417,0.0 123.881268396619,8.43895407255898,0.0 123.881642462609,8.43656229044323,0.0 123.881887267322,8.43415398639644,0.0 123.882002109798,8.43173608078232,0.0 123.881986662507,8.42931552141781,0.0 123.881404533864,8.41183722715395,0.0 123.886308045721,8.40082423946383,0.0 123.887248736793,8.3985456405794,0.0 123.888063221816,8.39621934457304,0.0 123.888749078725,8.39385227660796,0.0 123.889304268449,8.3914514830532,0.0 123.889727140946,8.38902411050849,0.0 123.890016440083,8.38657738453265,0.0 123.892300813777,8.36134939922806,0.0 123.898938522285,8.35310194050774,0.0 123.90038675627,8.35120167373764,0.0 123.901732182238,8.34922788161476,0.0 123.902971046112,8.34718607461103,0.0 123.904099891466,8.34508195293106,0.0 123.905115569147,8.34292139059333,0.0 123.90601524605,8.34071041902764,0.0 123.906796412998,8.33845521023477,0.0 123.907456891722,8.33616205955534,0.0 123.907994840917,8.33383736809606,0.0 123.908408761356,8.33148762486238,0.0 123.908697500046,8.32911938864738,0.0 123.908860253418,8.32673926972751,0.0 123.908896569548,8.32435391141617,0.0 123.908806349384,8.3219699715265,0.0 123.908589847005,8.3195941037952,0.0 123.908247668882,8.31723293931891,0.0 123.907780772159,8.31489306805514,0.0 123.907190461968,8.31258102043891,0.0 123.906478387756,8.31030324916661,0.0 123.905646538669,8.30806611119759,0.0 123.90469723798,8.30587585002359,0.0 123.903633136594,8.30373857825538,0.0 123.902457205631,8.30166026057502,0.0 123.901172728133,8.29964669710115,0.0 123.899783289886,8.29770350721361,0.0 123.898292769412,8.29583611388236,0.0 123.896705327143,8.29404972854421,0.0 123.895025393808,8.29234933656955,0.0 123.894660090393,8.2920167030832,0.0 123.894388182909,8.26819763323582,0.0 123.900227396062,8.25920335157126,0.0 123.9015210368,8.25708534180306,0.0 123.902696020402,8.25489979508606,0.0 123.903748806759,8.25265330083805,0.0 123.90467622432,8.25035263205673,0.0 123.905475479626,8.24800472489622,0.0 123.906144165704,8.24561665775368,0.0 123.906680269289,8.24319562992908,0.0 123.907082176862,8.24074893992275,0.0 123.913296352527,8.19508690663312,0.0 123.929845068388,8.20595722695766,0.0 123.931807476829,8.20717577592871,0.0 123.933829723874,8.20829300205564,0.0 123.935906543415,8.20930599644688,0.0 123.938032527145,8.21021212167107,0.0 123.940202138664,8.21100901862668,0.0 123.979009081711,8.22414976946578,0.0 123.979123554293,8.22429092662925,0.0 123.980721053019,8.22606116259953,0.0 123.982409996525,8.22774504691384,0.0 123.984185689283,8.22933789779924,0.0 123.986043194394,8.23083528661719,0.0 123.987977347326,8.23223305018522,0.0 123.989982770278,8.23352730235962,0.0 123.992053887152,8.2347144448468,0.0 123.994184939064,8.2357911772132,0.0 123.996370000379,8.23675450606577,0.0 123.998602995199,8.23760175337748,0.0 124.000877714279,8.23833056393467,0.0 124.003187832309,8.23893891188544,0.0 124.005526925527,8.23942510637093,0.0 124.007888489594,8.23978779622375,0.0 124.01026595771,8.24002597372058,0.0 124.012652718887,8.24013897737854,0.0 124.015042136355,8.24012649378752,0.0 124.10311037204,8.23734253375837,0.0 124.10551547554,8.23720240470912,0.0 124.107909696626,8.23693512535548,0.0 124.110286266284,8.23654145221773,0.0 124.112638465547,8.23602249914333,0.0 124.114959644506,8.23537973414537,0.0 124.117243241121,8.23461497523901,0.0 124.119482799794,8.23373038528798,0.0 124.121341306116,8.23287980965802,0.0 124.152870470448,8.23213805092885,0.0 124.177641616796,8.24859634852604,0.0 124.179693681302,8.24988197491687,0.0 124.18181183299,8.25105642800014,0.0 124.18399000825,8.2521163462808,0.0 124.186221971547,8.25305869618259,0.0 124.18850133329,8.25388078073369,0.0 124.190821568142,8.25458024728733,0.0 124.195897843476,8.25596398820855,0.0 124.202088403121,8.27308196872831,0.0 124.202976360135,8.27534430012757,0.0 124.203985214446,8.27755576999629,0.0 124.205112045692,8.27970997325532,0.0 124.206353591628,8.28180067064652,0.0 124.207706257564,8.28382180681667,0.0 124.209166126775,8.28576752786861,0.0 124.210728971833,8.2876321983288,0.0 124.212771053717,8.28993948076451,0.0 124.203312447679,8.31875468639785,0.0 124.202645884261,8.32097701450592,0.0 124.202094803208,8.32323051091307,0.0 124.201660661596,8.32550922625009,0.0 124.201344607803,8.32780714444044,0.0 124.201147478449,8.3301181985861,0.0 124.201069796171,8.33243628698898,0.0 124.201111768213,8.33475528926552,0.0 124.201273285859,8.33706908251174,0.0 124.201553924698,8.33937155747612,0.0 124.201952945724,8.34165663469754,0.0 124.202469297265,8.34391828056544,0.0 124.203101617743,8.34615052325982,0.0 124.203848239251,8.34834746852886,0.0 124.20470719194,8.3505033152623,0.0 124.205676209211,8.35261237081944,0.0 124.206752733683,8.35466906607111,0.0 124.207933923937,8.35666797011572,0.0 124.209216662015,8.35860380463047,0.0 124.210597561641,8.3604714578196,0.0 124.212072977165,8.36226599792284,0.0 124.213639013186,8.36398268624815,0.0 124.214674502661,8.36500676300773,0.0 124.217327126528,8.38400098505746,0.0 124.21771716483,8.3863410852963,0.0 124.218230118604,8.38865754748222,0.0 124.218864573053,8.39094397351387,0.0 124.219618777665,8.39319404817186,0.0 124.220490651033,8.39540155657247,0.0 124.221477786588,8.39756040134481,0.0 124.222577459233,8.39966461948387,0.0 124.223786632857,8.40170839883272,0.0 124.225101968715,8.40368609414822,0.0 124.226519834639,8.40559224270565,0.0 124.228036315071,8.40742157939906,0.0 124.229647221878,8.40916905129539,0.0 124.231348105916,8.41082983160211,0.0 124.233134269329,8.41239933300955,0.0 124.241045728517,8.41899088596722,0.0 124.241781703725,8.42251651789228,0.0 124.238706901329,8.45962191150243,0.0 124.238573539388,8.46198834079382,0.0 124.238565122776,8.46435847741809,0.0 124.238681677002,8.46672578597596,0.0 124.238922882926,8.46908373875126,0.0 124.239288077613,8.47142583371859,0.0 124.23977625614,8.4737456124813,0.0 124.240386074344,8.47603667809017,0.0 124.241115852509,8.47829271269353,0.0 124.241963579978,8.48050749497019,0.0 124.242926920685,8.48267491729662,0.0 124.244003219578,8.48478900260125,0.0 124.26312643282,8.52001989724243,0.0 124.266904770728,8.54330928898422,0.0 124.267332700845,8.54557681872568,0.0 124.267876481381,8.5478196171154,0.0 124.268534693155,8.55003182326271,0.0 124.269305617838,8.55220765615228,0.0 124.27018724242,8.55434142976098,0.0 124.271177264463,8.55642756792693,0.0 124.272273098107,8.55846061893179,0.0 124.273471880813,8.56043526975814,0.0 124.274770480841,8.56234635998439,0.0 124.276165505427,8.564188895281,0.0 124.277653309645,8.56595806047232,0.0 124.279230005936,8.56764923213006,0.0 124.280891474264,8.56925799066516,0.0 124.282633372892,8.57078013188647,0.0 124.284451149729,8.57221167799576,0.0 124.286340054239,8.57354888799043,0.0 124.288295149864,8.57478826744641,0.0 124.290311326935,8.57592657765573,0.0 124.310827307429,8.58682839274149,0.0 124.341783977304,8.61826441112397,0.0 124.343493714408,8.61991158115931,0.0 124.345287925148,8.62146721852538,0.0 124.347161668577,8.6229270392932,0.0 124.349109784561,8.62428702344596,0.0 124.351126907995,8.6255434259568,0.0 124.353207483597,8.62669278710825,0.0 124.35534578122,8.62773194202451,0.0 124.357535911651,8.62865802939071,0.0 124.359771842846,8.62946849933456,0.0 124.383501245238,8.63737337749478,0.0 124.41701345223,8.65898494025702,0.0 124.419057347613,8.66022780773498,0.0 124.421164343629,8.6613615420315,0.0 124.42332856088,8.66238298020155,0.0 124.425543960206,8.66328927269435,0.0 124.427804359554,8.6640778913058,0.0 124.430103451255,8.66474663623273,0.0 124.43243481964,8.6652936422094,0.0 124.434791958965,8.66571738370895,0.0 124.437168291592,8.66601667919547,0.0 124.439557186361,8.66619069441474,0.0 124.441951977118,8.66623894471467,0.0 124.444345981335,8.66616129638881,0.0 124.482123357556,8.66393907436125,0.0 124.484491347704,8.6637375779719,0.0 124.486845468636,8.66341289762607,0.0 124.489179252907,8.66296592623864,0.0 124.491486289102,8.66239789267254,0.0 124.493760239454,8.6617103583495,0.0 124.495994857278,8.66090521294677,0.0 124.49818400414,8.65998466919162,0.0 124.500321666724,8.65895125676821,0.0 124.502401973367,8.65780781535366,0.0 124.504419210185,8.65655748680266,0.0 124.506367836775,8.65520370650234,0.0 124.508242501433,8.65375019392116,0.0 124.51003805585,8.65220094237817,0.0 124.511749569248,8.65056020806067,0.0 124.513372341919,8.64883249832083,0.0 124.514901918115,8.64702255928346,0.0 124.516334098282,8.64513536279903,0.0 124.517664950573,8.64317609277812,0.0 124.518890821632,8.64115013094473,0.0 124.520008346609,8.63906304204785,0.0 124.521014458378,8.63692055857186,0.0 124.521906395938,8.63472856498796,0.0 124.522681711972,8.63249308158976,0.0 124.523338279542,8.6302202479577,0.0 124.523874297906,8.62791630609737,0.0 124.524288297433,8.62558758329852,0.0 124.524579143611,8.62324047476128,0.0 124.524746040142,8.62088142603763,0.0 124.524788531091,8.61851691533624,0.0 124.524773241542,8.61807639678883,0.0 124.527100802126,8.61694593267865,0.0 124.529473281616,8.61570594087251,0.0 124.531767994227,8.61432862261255,0.0 124.533976924473,8.61281879076316,0.0 124.562602074187,8.59198611336381,0.0 124.5643907285,8.59061494638662,0.0 124.566108568505,8.58915685280542,0.0 124.567751334786,8.58761544950208,0.0 124.569314954302,8.58599455988039,0.0 124.57079555048,8.58429820437446,0.0 124.571376876545,8.5835610239272,0.0 124.574773184534,8.58320299712957,0.0 124.577173057399,8.58288529340368,0.0 124.579552457629,8.5824405187351,0.0 124.581904597896,8.58186994287305,0.0 124.584222768817,8.58117519439153,0.0 124.586500358107,8.58035825602846,0.0 124.588730869453,8.57942145901421,0.0 124.590907941053,8.57836747640576,0.0 124.593025363769,8.57719931544586,0.0 124.595077098845,8.57592030896915,0.0 124.597057295129,8.57453410587984,0.0 124.598960305764,8.5730446607285,0.0 124.600780704289,8.57145622241775,0.0 124.602513300106,8.56977332206935,0.0 124.604153153279,8.56800076008734,0.0 124.605695588607,8.56614359245449,0.0 124.605908000181,8.56585807070588,0.0 124.608343086255,8.56606613675967,0.0 124.610813807146,8.56620973749045,0.0 124.613288713316,8.56621889395503,0.0 124.615760425297,8.56609357993296,0.0 124.618221573274,8.56583417014943,0.0 124.620664819084,8.56544143914393,0.0 124.623082878111,8.56491655894569,0.0 124.62546854103,8.56426109556313,0.0 124.676581583214,8.54870748156089,0.0 124.678863311889,8.54794649927759,0.0 124.681101237599,8.54706604234057,0.0 124.683289051595,8.54606859390427,0.0 124.685420586627,8.54495696687835,0.0 124.687489834341,8.54373429598169,0.0 124.689490962217,8.54240402888945,0.0 124.691418330009,8.54096991649826,0.0 124.693266505649,8.53943600233737,0.0 124.695030280545,8.53780661115556,0.0 124.695041891377,8.53779468229769,0.0 124.695078985751,8.53859052174245,0.0 124.69532442707,8.5410158092801,0.0 124.695701104634,8.54342435989273,0.0 124.701244763756,8.57349583879335,0.0 124.701742423294,8.57584189760623,0.0 124.702364614904,8.57815832335971,0.0 124.70310958283,8.58043857198136,0.0 124.703975224312,8.58267620153168,0.0 124.704959095509,8.58486489041604,0.0 124.706058418389,8.58699845525711,0.0 124.707270088567,8.58907086837702,0.0 124.708590684064,8.59107627483976,0.0 124.710016474969,8.59300900900546,0.0 124.711543433975,8.59486361054954,0.0 124.715878656681,8.59985235849466,0.0 124.71571375573,8.60062346506639,0.0 124.71534956266,8.6028847382753,0.0 124.715101133249,8.60516149243,0.0 124.714969109861,8.60744786053819,0.0 124.714953834871,8.60973795071768,0.0 124.715055349762,8.6120258613853,0.0 124.715210290938,8.61424051993237,0.0 124.714376788901,8.61485674889215,0.0 124.712535678381,8.61637414059334,0.0 124.710777481336,8.61798600775376,0.0 124.709107087369,8.61968786969217,0.0 124.707529142192,8.62147499538873,0.0 124.706048034698,8.62334241662742,0.0 124.704667884739,8.62528494179934,0.0 124.703392531659,8.62729717032847,0.0 124.702225523596,8.62937350767997,0.0 124.701170107596,8.63150818090941,0.0 124.700229220561,8.63369525470961,0.0 124.699405481059,8.63592864791079,0.0 124.698701182016,8.63820215038795,0.0 124.698118284314,8.64050944032856,0.0 124.697658411307,8.64284410181268,0.0 124.693901785707,8.6649948412391,0.0 124.693583921435,8.66719950352649,0.0 124.693375783856,8.66941709002448,0.0 124.69327788226,8.6716421960263,0.0 124.693290457247,8.67386939839614,0.0 124.693413480122,8.67609326879181,0.0 124.693646652946,8.67830838690118,0.0 124.693989409245,8.68050935365985,0.0 124.699830387797,8.71273138244547,0.0 124.7003080965,8.71502394980604,0.0 124.700904706912,8.71728876908283,0.0 124.701618613883,8.71951973971909,0.0 124.702447896172,8.72171085226683,0.0 124.70339032161,8.72385620458541,0.0 124.704443353091,8.72595001775176,0.0 124.705604155404,8.72798665163879,0.0 124.706869602857,8.72996062012017,0.0 124.708236287691,8.73186660586007,0.0 124.709700529256,8.73369947464821,0.0 124.711258383924,8.7354542892411,0.0 124.712905655715,8.73712632267233,0.0 124.714637907602,8.73871107099569,0.0 124.72150073966,8.74466982607455,0.0 124.721366220511,8.74498677774095,0.0 124.720527563107,8.74730984809273,0.0 124.719817862041,8.74967507584702,0.0 124.71923924455,8.75207538086365,0.0 124.718793445537,8.75450357781897,0.0 124.718481802343,8.75695239771852,0.0 124.718305250708,8.75941450966243,0.0 124.718264321933,8.76188254279807,0.0 124.718359141262,8.76434910839433,0.0 124.718589427472,8.76680682197131,0.0 124.720243572336,8.78041759466913,0.0 124.720592762521,8.7827689103857,0.0 124.721065959852,8.7850986660809,0.0 124.72166185282,8.7874003942025,0.0 124.722378789169,8.78966770492148,0.0 124.72321478047,8.7918943038827,0.0 124.72416750762,8.79407400969132,0.0 124.725234327265,8.79620077108588,0.0 124.743309079103,8.82997093270232,0.0 124.743505018599,8.87246674427767,0.0 124.727113596416,8.95702474139983,0.0 124.726727039304,8.95934199715226,0.0 124.726462306187,8.96167611767044,0.0 124.726320117217,8.96402077511032,0.0 124.726300860305,8.96636961292872,0.0 124.726404590046,8.96871626312296,0.0 124.726631027541,8.97105436350282,0.0 124.726979561132,8.97337757494807,0.0 124.727449248034,8.97567959860469,0.0 124.728038816873,8.97795419297282,0.0 124.728746671105,8.98019519084024,0.0 124.729570893334,8.98239651601513,0.0 124.73050925049,8.98455219981274,0.0 124.73155919987,8.98665639725091,0.0 124.73271789602,8.98870340291067,0.0 124.733982198442,8.99068766641839,0.0 124.735348680102,8.99260380750762,0.0 124.736813636716,8.99444663061953,0.0 124.738373096796,8.99621113900207,0.0 124.768648348381,9.02871421848932,0.0 124.770280245107,9.03037782374021,0.0 124.771996159427,9.03195567743624,0.0 124.773791537914,9.03344359248663,0.0 124.775661616095,9.03483762051835,0.0 124.777601431111,9.03613406236131,0.0 124.779605834896,9.03732947787117,0.0 124.781669507855,9.03842069506355,0.0 124.78322016151,9.03914138646739,0.0 124.782887611325,9.0391296394455,0.0 124.758194429098,9.03889851034546,0.0 124.755777316744,9.0389398049231,0.0 124.753365837386,9.03910897332059,0.0 124.750966831303,9.0394055367236,0.0 124.748587103539,9.03982865493798,0.0 124.746233404626,9.0403771287591,0.0 124.743912411444,9.04104940335862,0.0 124.741630708302,9.04184357267966,0.0 124.739394768271,9.0427573848279,0.0 124.737210934829,9.04378824844348,0.0 124.735085403877,9.0449332400359,0.0 124.733024206166,9.04618911226127,0.0 124.731033190189,9.04755230311864,0.0 124.729118005589,9.04901894603948,0.0 124.727284087129,9.05058488084198,0.0 124.725536639266,9.05224566551909,0.0 124.723880621373,9.05399658882727,0.0 124.722320733663,9.05583268364021,0.0 124.72086140383,9.05774874102985,0.0 124.718578673288,9.06091784930067,0.0 124.683363897676,9.06698545391875,0.0 124.681072376444,9.06744085889023,0.0 124.678807460055,9.06801287882293,0.0 124.676575150376,9.0686999988524,0.0 124.674381363052,9.06950039907546,0.0 124.672231911838,9.07041195935931,0.0 124.670132493204,9.07143226494616,0.0 124.668088671245,9.07255861283858,0.0 124.666105862937,9.07378801894887,0.0 124.664189323787,9.07511722599356,0.0 124.626240244616,9.10290386208756,0.0 124.624430899044,9.10429984800363,0.0 124.622694686121,9.10578475822689,0.0 124.621036026273,9.10735481378411,0.0 124.619459142728,9.10900601887136,0.0 124.617968050756,9.110734171015,0.0 124.616566547434,9.11253487175964,0.0 124.615258201975,9.11440353785597,0.0 124.614046346623,9.11633541292002,0.0 124.612934068153,9.11832557953442,0.0 124.611924200001,9.12036897176078,0.0 124.592654482935,9.16197797173125,0.0 124.591743536816,9.16408411599037,0.0 124.590941406052,9.16623351977373,0.0 124.590250163405,9.16842063504157,0.0 124.589671595482,9.17063981627012,0.0 124.589207198097,9.17288533502468,0.0 124.588858172386,9.17515139474824,0.0 124.588625421684,9.17743214572727,0.0 124.588509549165,9.17972170019613,0.0 124.588510856263,9.1820141475411,0.0 124.589482800749,9.2191569892858,0.0 124.589604923067,9.22149160688786,0.0 124.589848590532,9.22381680528736,0.0 124.590213151236,9.22612634178314,0.0 124.590697628603,9.22841401562138,0.0 124.591300723984,9.23067368465339,0.0 124.592020820127,9.23289928183716,0.0 124.592855985496,9.23508483153781,0.0 124.593803979445,9.23722446558346,0.0 124.594862258216,9.23931243903295,0.0 124.602941251194,9.25427308996683,0.0 124.604149389058,9.25637301740077,0.0 124.605469076977,9.25840560078611,0.0 124.606896522926,9.26036499775407,0.0 124.60842762492,9.26224557629137,0.0 124.610057982808,9.26404193094227,0.0 124.611782910918,9.26574889835875,0.0 124.61359745153,9.26736157215412,0.0 124.615496389138,9.268875317017,0.0 124.617474265445,9.2702857820451,0.0 124.64318056573,9.2875972236437,0.0 124.645154761363,9.28885390230847,0.0 124.647191622747,9.29000768442973,0.0 124.649285719635,9.29105549463717,0.0 124.651431469092,9.29199454012176,0.0 124.6536231504,9.29282231808295,0.0 124.655854920321,9.29353662240149,0.0 124.658120828704,9.29413554951981,0.0 124.660414834362,9.29461750351454,0.0 124.701474384495,9.30214670007937,0.0 124.703781618856,9.30250894987364,0.0 124.706104548944,9.30275287506993,0.0 124.7084370281,9.30287783114816,0.0 124.710772884463,9.30288348839512,0.0 124.713105937321,9.30276983276818,0.0 124.715430013484,9.30253716592273,0.0 124.717738963639,9.30218610440328,0.0 124.720026678633,9.30171757800059,0.0 124.722287105658,9.30113282727925,0.0 124.724514264277,9.30043340028238,0.0 124.726702262261,9.29962114842239,0.0 124.749118846184,9.2906394203466,0.0 124.751245773575,9.28972376506068,0.0 124.753322880729,9.28870148798364,0.0 124.755344755498,9.28757525391095,0.0 124.75730612988,9.28634799846522,0.0 124.759201893748,9.28502292043273,0.0 124.761027108167,9.28360347341469,0.0 124.762777018259,9.28209335681507,0.0 124.764447065588,9.2804965061885,0.0 124.76603290003,9.27881708297388,0.0 124.767530391095,9.27705946364022,0.0 124.788513102174,9.25111533195893,0.0 124.803313121328,9.24169235294236,0.0 124.805265656976,9.24037680952845,0.0 124.80714676384,9.23896228171624,0.0 124.808951363974,9.23745258958343,0.0 124.810674586239,9.23585181004123,0.0 124.812311779451,9.23416426581367,0.0 124.813858524923,9.23239451375415,0.0 124.815310648385,9.23054733253126,0.0 124.816664231241,9.22862770971679,0.0 124.817915621123,9.22664082831138,0.0 124.819061441739,9.22459205274386,0.0 124.820098601964,9.22248691438254,0.0 124.821024304158,9.22033109659731,0.0 124.821836051701,9.21813041941327,0.0 124.849626247548,9.1362602120261,0.0 124.850329182066,9.13399416578073,0.0 124.850911319953,9.13169454224882,0.0 124.851371055213,9.12936769590322,0.0 124.851707120114,9.12702005628189,0.0 124.851918588656,9.124658110226,0.0 124.852004879104,9.12228838396139,0.0 124.851965755562,9.11991742507294,0.0 124.851801328602,9.11755178442143,0.0 124.851512054928,9.11519799805275,0.0 124.851098736088,9.11286256914942,0.0 124.850562516237,9.11055195007406,0.0 124.849904878952,9.10827252455427,0.0 124.849127643113,9.10603059005799,0.0 124.848232957859,9.10383234040788,0.0 124.847223296639,9.10168384868259,0.0 124.846101450358,9.09959105045189,0.0 124.844870519662,9.09755972739184,0.0 124.820715555623,9.05996370543438,0.0 124.81938709248,9.05801015108763,0.0 124.817957766049,9.05612825579367,0.0 124.8164314814,9.05432316007517,0.0 124.814812408252,9.05259979468874,0.0 124.813104969588,9.05096286716707,0.0 124.811562365858,9.04963137411828,0.0 124.81325870477,9.04984746447679,0.0 124.815595317894,9.0500238777539,0.0 124.817937971728,9.05008014347125,0.0 124.877004834473,9.04997746098466,0.0 124.879474677781,9.04990608821015,0.0 124.881936942026,9.04970116968337,0.0 124.884384324159,9.04936331434005,0.0 124.886809565445,9.04889352538565,0.0 124.889205473013,9.04829319730336,0.0 124.89156494121,9.0475641117007,0.0 124.893880972685,9.04670843200738,0.0 124.896146699164,9.04572869704028,0.0 124.898355401822,9.04462781345498,0.0 124.900500531222,9.0434090471064,0.0 124.902575726737,9.04207601334439,0.0 124.90457483542,9.04063266627348,0.0 124.928030067366,9.02270713428338,0.0 124.955900557398,9.01244730236662,0.0 124.957861283229,9.01167342591873,0.0 124.959783690428,9.01080976623479,0.0 124.9616636219,9.00985819178277,0.0 124.963497012558,9.00882076111062,0.0 124.993068885324,8.99116834012299,0.0 124.995088396784,8.98988942777433,0.0 124.997037205095,8.9885063534296,0.0 124.998909881247,8.98702297173294,0.0 125.000701208617,8.98544341670252,0.0 125.002406197491,8.98377209019754,0.0 125.016199905485,8.96951698486558,0.0 125.040960367461,8.96024708344309,0.0 125.043124678317,8.95937279792334,0.0 125.045240830178,8.95838886628513,0.0 125.047303208863,8.95729790011021,0.0 125.04930634309,8.95610279489602,0.0 125.051244918991,8.95480672235862,0.0 125.053113794211,8.9534131220034,0.0 125.054908011551,8.95192569198577,0.0 125.056622812109,8.95034837928645,0.0 125.058253647902,8.94868536922751,0.0 125.059796193919,8.94694107435712,0.0 125.061246359581,8.9451201227326,0.0 125.062600299582,8.94322734563309,0.0 125.063854424069,8.94126776473443,0.0 125.065005408149,8.93924657878041,0.0 125.066050200686,8.93716914978588,0.0 125.066986032375,8.93504098880831,0.0 125.067810423063,8.93286774132564,0.0 125.068521188305,8.9306551722592,0.0 125.069116445129,8.92840915068155,0.0 125.069594617011,8.92613563424962,0.0 125.069954438024,8.92384065340456,0.0 125.070194956172,8.92153029538015,0.0 125.070315535891,8.91921068806214,0.0 125.070315859706,8.91688798374112,0.0 125.070295868243,8.91611203642968,0.0 125.076807787103,8.90720222195013,0.0 125.094661795749,8.89240104303235,0.0 125.096440479788,8.89084635494751,0.0 125.098135112042,8.88920144390324,0.0 125.099741072111,8.88747079692239,0.0 125.101253981661,8.885659134722,0.0 125.102669716345,8.88377139882762,0.0 125.103984417038,8.88181273808677,0.0 125.105194500339,8.87978849461871,0.0 125.105479491707,8.87924954995443,0.0 125.124128507334,8.88550317151202,0.0 125.124603615046,8.88755697650941,0.0 125.12523429096,8.8897630871569,0.0 125.125976954681,8.89193444936646,0.0 125.126829686204,8.89406544476632,0.0 125.12779028058,8.89615055938826,0.0 125.128856253603,8.89818439794638,0.0 125.130024848234,8.90016169780885,0.0 125.131293041727,8.90207734262645,0.0 125.132657553444,8.90392637558246,0.0 125.134114853346,8.90570401222944,0.0 125.140430727508,8.91301981400078,0.0 125.141639224946,8.94635259772904,0.0 125.1278927626,9.00203464871064,0.0 125.127390899868,9.00432257585587,0.0 125.127009181396,9.00663332057056,0.0 125.126748639129,9.00896065095954,0.0 125.126609978203,9.01129829025636,0.0 125.12659357502,9.01363993375777,0.0 125.126699476199,9.01597926583503,0.0 125.126927398433,9.01830997697598,0.0 125.127276729219,9.02062578081199,0.0 125.127746528496,9.02292043108348,0.0 125.128335531152,9.02518773849843,0.0 125.129042150421,9.02742158743798,0.0 125.129864482142,9.02961595246405,0.0 125.130800309879,9.03176491458432,0.0 125.131847110888,9.03386267723049,0.0 125.13300206291,9.0359035819065,0.0 125.134262051773,9.0378821234644,0.0 125.13562367979,9.03979296496651,0.0 125.137083274915,9.04163095209359,0.0 125.139182148028,9.04413723735047,0.0 125.138541505905,9.0688412355902,0.0 125.1385455053,9.07130904819253,0.0 125.138685329751,9.07377294681093,0.0 125.138960563118,9.07622555059553,0.0 125.139370383521,9.07865951239951,0.0 125.139913565775,9.08106754080203,0.0 125.14058848503,9.08344242196555,0.0 125.141393121612,9.08577704126185,0.0 125.142325067056,9.08806440460173,0.0 125.143381531299,9.09029765940429,0.0 125.14455935102,9.09247011514276,0.0 125.153714387365,9.10830161365645,0.0 125.154946200714,9.11030859107877,0.0 125.156281600824,9.11224902337675,0.0 125.157716957794,9.11411763472842,0.0 125.159248369754,9.11590934459684,0.0 125.160871673473,9.11761928155528,0.0 125.16258245568,9.11924279654303,0.0 125.164376065077,9.12077547551594,0.0 125.166247624987,9.12221315145674,0.0 125.168192046627,9.12355191571276,0.0 125.170204042963,9.12478812862981,0.0 125.172278143094,9.12591842945338,0.0 125.174408707148,9.12693974547009,0.0 125.193034584827,9.13527982425096,0.0 125.195207723597,9.1361860682908,0.0 125.197425286125,9.13697893040525,0.0 125.199681286761,9.1376562714873,0.0 125.201969636086,9.13821626427788,0.0 125.204284157371,9.1386573982933,0.0 125.206618603273,9.13897848389642,0.0 125.208966672714,9.13917865550026,0.0 125.211322027917,9.13925737389578,0.0 125.213678311528,9.13921442769738,0.0 125.216029163797,9.13904993390241,0.0 125.218368239766,9.13876433756345,0.0 125.220689226406,9.13835841057402,0.0 125.222985859678,9.13783324957155,0.0 125.225251941452,9.13719027296307,0.0 125.227481356249,9.13643121708213,0.0 125.229668087757,9.13555813148719,0.0 125.231806235075,9.13457337341462,0.0 125.233890028646,9.13347960140125,0.0 125.235913845834,9.13227976809404,0.0 125.237872226093,9.13097711226632,0.0 125.239759885707,9.12957515006245,0.0 125.241571732042,9.12807766549464,0.0 125.243302877285,9.12648870021774,0.0 125.24494865162,9.1248125426098,0.0 125.246504615822,9.12305371618805,0.0 125.247966573218,9.12121696739163,0.0 125.249330580997,9.11930725276422,0.0 125.250592960829,9.11732972557125,0.0 125.25175030877,9.11528972188797,0.0 125.252799504424,9.11319274619588,0.0 125.253737719337,9.11104445652659,0.0 125.275405433487,9.05767316594311,0.0 125.30131466572,9.03567253747427,0.0 125.352573687678,9.03809057946305,0.0 125.354947945177,9.03814052093297,0.0 125.357321569326,9.03806682692584,0.0 125.359688048766,9.03786970074743,0.0 125.362040891881,9.03754968429315,0.0 125.364373644623,9.03710765654733,0.0 125.366679908233,9.03654483115717,0.0 125.368953356806,9.03586275308797,0.0 125.371187754663,9.03506329436911,0.0 125.373376973455,9.03414864894262,0.0 125.375515008993,9.03312132662868,0.0 125.386183561995,9.02764780442996,0.0 125.402956272224,9.02812969610297,0.0 125.405375659168,9.02813495312895,0.0 125.407791875575,9.02801190834253,0.0 125.410198040692,9.02776091337038,0.0 125.412587302553,9.02738268419261,0.0 125.414952857512,9.02687829908792,0.0 125.417287969632,9.02624919554616,0.0 125.419585989882,9.02549716615733,0.0 125.421840375085,9.02462435348908,0.0 125.423251937427,9.02403426068603,0.0 125.458226808695,9.0369697472421,0.0 125.470540971347,9.04417629959156,0.0 125.487852781462,9.07416631700467,0.0 125.488356459294,9.07698208030811,0.0 125.478866212688,9.10562594105818,0.0 125.478224656258,9.10773435429678,0.0 125.477687505452,9.10987140353702,0.0 125.47725604533,9.11203198461089,0.0 125.476931308538,9.11421093702454,0.0 125.476714072818,9.11640305628755,0.0 125.47660485913,9.1186031063484,0.0 125.475501005308,9.16277516627654,0.0 125.475508415064,9.16527587543999,0.0 125.475655387952,9.16777232647036,0.0 125.47594147433,9.17025683340593,0.0 125.47636579614,9.17272174691909,0.0 125.476927049577,9.17515947788258,0.0 125.477623509074,9.17756252075183,0.0 125.478453032587,9.17992347669105,0.0 125.479413068169,9.18223507637179,0.0 125.481143763202,9.18609488711893,0.0 125.464562720929,9.22533405558328,0.0 125.463728411672,9.22745721610621,0.0 125.463003189188,9.22961956705173,0.0 125.46238891028,9.23181557917552,0.0 125.461887148108,9.23403963701132,0.0 125.461499188145,9.23628605323275,0.0 125.461226024863,9.23854908320061,0.0 125.461068359167,9.24082293965793,0.0 125.461026596574,9.24310180753556,0.0 125.461100846157,9.24537985883015,0.0 125.461290920238,9.24765126751635,0.0 125.463152855866,9.26467274477516,0.0 125.45941584345,9.28966863435677,0.0 125.44190071031,9.33280927139651,0.0 125.42401097573,9.35859822766427,0.0 125.422765375805,9.36049389210306,0.0 125.421617156827,9.36244927147573,0.0 125.420569216334,9.36445943521557,0.0 125.419624199114,9.36651931445724,0.0 125.418784490525,9.36862371481632,0.0 125.418052210446,9.37076732948675,0.0 125.417429207916,9.37294475262324,0.0 125.416917056444,9.37515049297506,0.0 125.416517050016,9.37737898773657,0.0 125.416230199809,9.37962461657966,0.0 125.416057231615,9.38188171583271,0.0 125.415998583986,9.38414459277015,0.0 125.415993971018,9.39159352903353,0.0 125.415160692179,9.39255052311956,0.0 125.41367551435,9.39445260805263,0.0 125.412294676358,9.39643070672867,0.0 125.4110221172,9.39847918020775,0.0 125.409861467369,9.40059218872897,0.0 125.408816038482,9.40276370835299,0.0 125.407888813805,9.40498754813184,0.0 125.407082439717,9.40725736775694,0.0 125.406399218139,9.40956669563513,0.0 125.405841099934,9.41190894734113,0.0 125.405409679311,9.41427744439395,0.0 125.40510618925,9.4166654333034,0.0 125.404931497949,9.41906610483264,0.0 125.404886106319,9.42147261342164,0.0 125.404970146521,9.42387809671595,0.0 125.40518338156,9.42627569514517,0.0 125.407409137268,9.44544192783365,0.0 125.406160855014,9.45158666049844,0.0 125.405900874741,9.45182660179181,0.0 125.404234076572,9.45344611259422,0.0 125.402653221278,9.45514846964488,0.0 125.401162481506,9.45692918207082,0.0 125.399765792348,9.45878355211818,0.0 125.398466840941,9.46070668753807,0.0 125.39726905672,9.46269351448695,0.0 125.396175602351,9.46473879090769,0.0 125.39518936536,9.46683712035617,0.0 125.394312950494,9.46898296623679,0.0 125.39354867282,9.47117066640957,0.0 125.392898551591,9.47339444813013,0.0 125.392364304892,9.47564844328341,0.0 125.378482287776,9.54179398203397,0.0 125.36880947944,9.56328697788152,0.0 125.367795460395,9.56572988730771,0.0 125.366927368426,9.56822756888725,0.0 125.36620818946,9.57077144240035,0.0 125.347306417885,9.64604382087781,0.0 125.346776470186,9.64842750544273,0.0 125.346377323879,9.65083616205284,0.0 125.346110152401,9.65326272779937,0.0 125.345975742192,9.65570008708032,0.0 125.345974490352,9.65814109247407,0.0 125.346106403445,9.66057858570824,0.0 125.346371097441,9.66300541866235,0.0 125.350347885565,9.69207562336599,0.0 125.349040303445,9.72664314451686,0.0 125.349017281534,9.72922525786559,0.0 125.349143333145,9.73180444199823,0.0 125.349418047981,9.73437223277151,0.0 125.349840527742,9.7369202032597,0.0 125.357885174042,9.77803355217975,0.0 125.358386837178,9.78028676704873,0.0 125.359004095275,9.78251156227248,0.0 125.359735332588,9.7847021069656,0.0 125.360578634496,9.78685265994205,0.0 125.361531792503,9.78895758477457,0.0 125.362592310014,9.79101136457985,0.0 125.363757408867,9.79300861649069,0.0 125.365024036605,9.79494410577682,0.0 125.366388874472,9.79681275957746,0.0 125.367848346109,9.79860968020931,0.0 125.369398626923,9.80033015801497,0.0 125.371035654119,9.80196968371795,0.0 125.37275513735,9.80352396025176,0.0 125.374552569969,9.80498891403194,0.0 125.376423240853,9.8063607056413,0.0 125.378362246761,9.80763573990035,0.0 125.380364505201,9.80881067529634,0.0 125.438157705156,9.84076234875098,0.0 125.440221259459,9.84183505469567,0.0 125.442337539464,9.84280146064283,0.0 125.444500981656,9.84365902689995,0.0 125.446705898478,9.84440549994609,0.0 125.44894649331,9.84503891835426,0.0 125.45121687572,9.84555761794448,0.0 125.453511076979,9.84596023615394,0.0 125.455823065774,9.8462457156129,0.0 125.458146764077,9.84641330691678,0.0 125.460476063158,9.8464625705875,0.0 125.462804839654,9.8463933782188,0.0 125.465126971692,9.84620591280265,0.0 125.467436355002,9.84590066823607,0.0 125.46972691898,9.84547844800979,0.0 125.471992642662,9.84494036308223,0.0 125.505603194973,9.83604719165023,0.0 125.507930616537,9.83536471995322,0.0 125.510217964349,9.83455998380813,0.0 125.512458713233,9.83363528026534,0.0 125.514646471226,9.83259324855614,0.0 125.516774997816,9.83143686254381,0.0 125.518838221753,9.83016942222029,0.0 125.520830258365,9.82879454427307,0.0 125.522745426351,9.82731615174914,0.0 125.524578263974,9.82573846284606,0.0 125.526323544638,9.82406597886216,0.0 125.526512097729,9.82386490473262,0.0 125.528762784464,9.82419033085116,0.0 125.531096603148,9.82440661991309,0.0 125.533329704385,9.82449876048774,0.0 125.532912448411,9.83713848297172,0.0 125.532898014321,9.83955288655065,0.0 125.533013985943,9.84196459127386,0.0 125.533260033159,9.84436667414865,0.0 125.533635452354,9.84675223966899,0.0 125.534139168408,9.84911443962308,0.0 125.534769737752,9.85144649276637,0.0 125.535525352486,9.85374170430341,0.0 125.53640384555,9.85599348512257,0.0 125.537402696924,9.85819537072789,0.0 125.538519040844,9.8603410398138,0.0 125.539749674016,9.86242433242897,0.0 125.541091064808,9.8644392676769,0.0 125.542539363372,9.86638006090233,0.0 125.542732821205,9.86661218995112,0.0 125.541381023757,9.86839960115652,0.0 125.540038076123,9.87038685422552,0.0 125.538803342162,9.87244197261097,0.0 125.537680303098,9.87455916672668,0.0 125.536672125643,9.87673247190411,0.0 125.535781653047,9.87895576519283,0.0 125.535011397054,9.881222782609,0.0 125.534363530795,9.88352713678337,0.0 125.533839882633,9.88586233495918,0.0 125.533441930976,9.888221797289,0.0 125.533170800075,9.89059887537915,0.0 125.533027256829,9.89298687102926,0.0 125.533011708584,9.89537905511412,0.0 125.533124201956,9.89776868655456,0.0 125.533364422668,9.90014903132359,0.0 125.533731696401,9.90251338143447,0.0 125.534224990674,9.90485507385661,0.0 125.53484291772,9.90716750930616,0.0 125.535583738373,9.90944417085798,0.0 125.536445366952,9.9116786423264,0.0 125.537425377117,9.91386462636279,0.0 125.538521008687,9.91599596221857,0.0 125.539729175415,9.91806664312369,0.0 125.541046473666,9.92007083323101,0.0 125.542469192008,9.92200288407895,0.0 125.543993321669,9.92385735052552,0.0 125.545614567834,9.92562900610883,0.0 125.547328361751,9.92731285779044,0.0 125.562207098266,9.94117395064455,0.0 125.563935720071,9.94270152637957,0.0 125.563739772416,9.94318204173761,0.0 125.558368899829,9.94438904736777,0.0 125.556072907244,9.94496775754739,0.0 125.55381042751,9.94566425945883,0.0 125.551587604037,9.94647666309859,0.0 125.549410472798,9.94740276370438,0.0 125.547284945942,9.94844004772457,0.0 125.545216795748,9.9495856996262,0.0 125.543211638961,9.95083660952318,0.0 125.541274921532,9.95218938160432,0.0 125.539411903834,9.95364034333831,0.0 125.537627646369,9.95518555543097,0.0 125.535926996021,9.9568208225079,0.0 125.534314572879,9.95854170449362,0.0 125.532794757683,9.96034352865654,0.0 125.531371679904,9.96222140228712,0.0 125.530049206517,9.96417022597505,0.0 125.528830931473,9.96618470744932,0.0 125.527720165919,9.96825937594391,0.0 125.52671992918,9.97038859705001,0.0 125.525832940528,9.9725665880146,0.0 125.525061611773,9.97478743344378,0.0 125.52440804068,9.97704510136836,0.0 125.523874005243,9.97933345962806,0.0 125.523460958822,9.98164629252964,0.0 125.523170026168,9.98397731773393,0.0 125.523002000333,9.98632020332571,0.0 125.522957340486,9.98866858502002,0.0 125.523036170637,9.99101608345801,0.0 125.523238279269,9.99335632154547,0.0 125.523563119886,9.99568294178649,0.0 125.52400981247,9.99798962356537,0.0 125.528410780715,10.017895792883,0.0 125.527328860916,10.0175774700314,0.0 125.524971529523,10.0170174524475,0.0 125.522587437084,10.0165827346037,0.0 125.520183356606,10.0162745527414,0.0 125.517766117938,10.0160937836403,0.0 125.515342588403,10.0160409421158,0.0 125.512919653305,10.0161161795446,0.0 125.510504196396,10.016319283421,0.0 125.508103080344,10.0166496779452,0.0 125.505723127253,10.0171064256439,0.0 125.503371099304,10.0176882300163,0.0 125.501053679558,10.0183934392003,0.0 125.498777452982,10.019220050648,0.0 125.496548887754,10.0201657167961,0.0 125.494374316894,10.0212277517181,0.0 125.492259920275,10.0224031387366,0.0 125.490211707068,10.0236885389768,0.0 125.488235498668,10.0250803008354,0.0 125.486336912145,10.0265744703391,0.0 125.484521344284,10.028166802363,0.0 125.465912042657,10.0453849658826,0.0 125.464272535385,10.0469805131488,0.0 125.462716418452,10.0486560964853,0.0 125.461247665588,10.0504074395479,0.0 125.459870027729,10.0522300724713,0.0 125.458587023427,10.0541193432699,0.0 125.457401929851,10.0560704297045,0.0 125.456317774402,10.0580783515855,0.0 125.455337326962,10.0601379834806,0.0 125.43505164079,10.1056973748314,0.0 125.434142548437,10.1078937988803,0.0 125.433351413301,10.1101346077865,0.0 125.432680432862,10.1124135856201,0.0 125.432131471366,10.1147244103845,0.0 125.431706054628,10.1170606715561,0.0 125.431405365756,10.1194158878712,0.0 125.431230241843,10.1217835253117,0.0 125.431181171611,10.1241570152388,0.0 125.431258294018,10.1265297726244,0.0 125.431461397846,10.1288952143302,0.0 125.431789922255,10.1312467773823,0.0 125.43224295831,10.1335779371924,0.0 125.432819251476,10.1358822256726,0.0 125.433517205074,10.1381532491953,0.0 125.434334884691,10.1403847063474,0.0 125.435270023523,10.1425704054294,0.0 125.43632002865,10.1447042816499,0.0 125.437481988215,10.1467804139696,0.0 125.438752679496,10.1487930415455,0.0 125.440128577835,10.1507365797311,0.0 125.441605866416,10.1526056355871,0.0 125.443180446852,10.1543950228604,0.0 125.444847950565,10.1560997763877,0.0 125.446603750903,10.1577151658863,0.0 125.450969488818,10.1615245092506,0.0 125.45951477532,10.1846916800461,0.0 125.457007708197,10.1897834035057,0.0 125.45600982512,10.1919539656215,0.0 125.45512923302,10.1941737833251,0.0 125.454368400561,10.1964366409636,0.0 125.453729461167,10.1987362021735,0.0 125.453214207008,10.2010660276242,0.0 125.452824083951,10.2034195930529,0.0 125.452560187476,10.2057903075381,0.0 125.452423259575,10.208171531963,0.0 125.45241368664,10.210556597615,0.0 125.452531498346,10.2129388248706,0.0 125.452776367537,10.215311541912,0.0 125.453147611113,10.2176681034235,0.0 125.45364419191,10.2200019092156,0.0 125.454264721583,10.2223064227236,0.0 125.455007464466,10.2245751893292,0.0 125.455870342409,10.2268018544533,0.0 125.456850940585,10.2289801813699,0.0 125.457946514232,10.2311040686895,0.0 125.459153996326,10.233167567465,0.0 125.460470006166,10.2351648978691,0.0 125.461890858831,10.2370904653996,0.0 125.463412575502,10.238938876564,0.0 125.465030894601,10.2407049540009,0.0 125.466741283734,10.2423837509958,0.0 125.467634263934,10.2431719947911,0.0 125.467726912722,10.2446112812965,0.0 125.468004200435,10.2469636450947,0.0 125.468405870158,10.2492983319066,0.0 125.46893081512,10.2516088939673,0.0 125.469577587951,10.2538889500346,0.0 125.47034440466,10.2561322030269,0.0 125.471229149539,10.2583324574281,0.0 125.472229380987,10.2604836364133,0.0 125.473342338236,10.2625797986477,0.0 125.474564948967,10.2646151547102,0.0 125.475169009174,10.2655101566817,0.0 125.47512990373,10.2737958289072,0.0 125.472974007965,10.2783415902951,0.0 125.472055123232,10.2804125853443,0.0 125.471242309319,10.282526634034,0.0 125.470537616209,10.2846784111622,0.0 125.469942821604,10.2868624963315,0.0 125.469459426424,10.2890733876043,0.0 125.469088650997,10.2913055153652,0.0 125.468831431959,10.2935532563546,0.0 125.468688419871,10.2958109478393,0.0 125.468659977549,10.2980729018848,0.0 125.468746179126,10.3003334196908,0.0 125.468946809842,10.302586805957,0.0 125.469261366558,10.3048273832402,0.0 125.473698499282,10.3314999527547,0.0 125.474145021334,10.3338069824055,0.0 125.474712336981,10.3360878387056,0.0 125.475398907168,10.3383363246516,0.0 125.476202868669,10.3405463311052,0.0 125.477122039124,10.3427118534056,0.0 125.478153922954,10.3448270076991,0.0 125.479295718127,10.3468860469398,0.0 125.480544323758,10.3488833765194,0.0 125.481896348532,10.3508135694826,0.0 125.483348119904,10.3526713812872,0.0 125.484895694084,10.3544517640673,0.0 125.48653486675,10.3561498803621,0.0 125.488261184476,10.3577611162726,0.0 125.490069956839,10.3592810940088,0.0 125.491956269177,10.3607056837955,0.0 125.493914995951,10.3620310151021,0.0 125.495940814691,10.363253487167,0.0 125.498028220474,10.3643697787876,0.0 125.500171540903,10.3653768573488,0.0 125.500571151653,10.3655399400174,0.0 125.500522444236,10.3659317030432,0.0 125.500356172524,10.3682482410264,0.0 125.500310650193,10.3705701838224,0.0 125.500386000839,10.3728913651765,0.0 125.500582027002,10.3752056207226,0.0 125.500898210657,10.3775068043625,0.0 125.50106238946,10.3783670946532,0.0 125.500904788255,10.3783221012722,0.0 125.498583314903,10.3777878661074,0.0 125.496236781373,10.377374635152,0.0 125.493871616697,10.3770835417483,0.0 125.491494301013,10.3769153846201,0.0 125.489111347831,10.3768706256743,0.0 125.486729286209,10.3769493887243,0.0 125.484354642892,10.377151459138,0.0 125.481993924449,10.3774762844127,0.0 125.479653599464,10.377922975674,0.0 125.477340080836,10.3784903100959,0.0 125.475059708216,10.3791767342356,0.0 125.47281873066,10.3799803682727,0.0 125.47062328951,10.3808990111439,0.0 125.468479401579,10.3819301465563,0.0 125.466392942671,10.3830709498654,0.0 125.464369631483,10.3843182957986,0.0 125.462415013931,10.3856687670017,0.0 125.460534447958,10.3871186633879,0.0 125.458733088838,10.3886640122615,0.0 125.457015875047,10.3903005791898,0.0 125.45538751471,10.3920238795938,0.0 125.453852472692,10.3938291910249,0.0 125.45241495834,10.3957115660963,0.0 125.426302402188,10.4318295296865,0.0 125.424966221312,10.4337836220981,0.0 125.423735166007,10.4358042558759,0.0 125.42261261238,10.4378858940832,0.0 125.421601639372,10.440022832421,0.0 125.420705020303,10.4422092148553,0.0 125.419925215232,10.444439049662,0.0 125.419264364193,10.446706225846,0.0 125.418724281293,10.4490045298893,0.0 125.418306449707,10.4513276627817,0.0 125.418012017585,10.4536692572882,0.0 125.417841794866,10.4560228954049,0.0 125.417796251028,10.4583821259563,0.0 125.417875513769,10.4607404822855,0.0 125.418079368624,10.4630914999877,0.0 125.418407259525,10.4654287346399,0.0 125.418858290294,10.4677457794773,0.0 125.419431227073,10.4700362829667,0.0 125.420124501681,10.4722939662312,0.0 125.420936215892,10.4745126402754,0.0 125.421864146615,10.4766862229656,0.0 125.422905751971,10.4788087557174,0.0 125.424058178249,10.4808744198455,0.0 125.425318267714,10.4828775525293,0.0 125.426682567258,10.4848126623524,0.0 125.428147337858,10.4866744443704,0.0 125.429708564824,10.4884577946689,0.0 125.431361968808,10.4901578243687,0.0 125.43310301754,10.4917698730407,0.0 125.434926938257,10.4932895214942,0.0 125.4368287308,10.4947126039021,0.0 125.438803181335,10.4960352192306,0.0 125.440844876663,10.497253741942,0.0 125.442948219076,10.4983648319393,0.0 125.445107441726,10.4993654437286,0.0 125.447316624458,10.5002528347705,0.0 125.449569710062,10.5010245730001,0.0 125.451860520904,10.5016785434939,0.0 125.454182775894,10.5022129542654,0.0 125.456530107726,10.5026263411733,0.0 125.458896080368,10.5029175719299,0.0 125.461274206729,10.5030858491969,0.0 125.463657966475,10.5031307127627,0.0 125.466040823929,10.5030520407925,0.0 125.468416246014,10.5028500501504,0.0 125.47077772019,10.5025252957908,0.0 125.473118772329,10.502078669223,0.0 125.475432984483,10.5015113960506,0.0 125.509051454058,10.4923380291107,0.0 125.511332564233,10.4916513764688,0.0 125.513574216986,10.4908474926034,0.0 125.515770265838,10.4899285830097,0.0 125.517914689616,10.488897168527,0.0 125.52000160898,10.487756078408,0.0 125.522025302541,10.486508442543,0.0 125.523980222556,10.4851576828593,0.0 125.525861010136,10.4837075039217,0.0 125.527662509936,10.4821618827576,0.0 125.529379784278,10.4805250579369,0.0 125.531008126684,10.4788015179357,0.0 125.532543074762,10.4769959888158,0.0 125.533980422424,10.4751134212549,0.0 125.535316231397,10.4731589769624,0.0 125.536546842,10.4711380145181,0.0 125.53766888315,10.4690560746736,0.0 125.538679281575,10.4669188651559,0.0 125.539575270217,10.4647322450154,0.0 125.540354395778,10.462502208561,0.0 125.54101452542,10.4602348689269,0.0 125.541553852576,10.4579364413154,0.0 125.541970901871,10.4556132259622,0.0 125.542264533129,10.4532715908707,0.0 125.542433944469,10.4509179543626,0.0 125.542478674465,10.4485587674921,0.0 125.542398603381,10.4462004963729,0.0 125.542193953469,10.4438496044648,0.0 125.541865288325,10.4415125348702,0.0 125.541413511322,10.4391956926866,0.0 125.540839863102,10.4369054274653,0.0 125.535438677676,10.4175256343006,0.0 125.537625980412,10.4189601085987,0.0 125.539660220689,10.4202191098224,0.0 125.541758645978,10.4213702617043,0.0 125.543915426455,10.4224103669784,0.0 125.546124570069,10.4233365369419,0.0 125.54837993921,10.4241461994812,0.0 125.550675267791,10.4248371062164,0.0 125.553004178679,10.425407338745,0.0 125.555360201435,10.4258553139672,0.0 125.557736790323,10.4261797884771,0.0 125.560127342522,10.4263798620091,0.0 125.56252521649,10.4264549799294,0.0 125.563473256688,10.4264352013144,0.0 125.563375312473,10.4283485438132,0.0 125.563380256148,10.4307226982607,0.0 125.563511510987,10.4330932994854,0.0 125.563768715445,10.4354537667877,0.0 125.564151158241,10.4377975474675,0.0 125.564657780305,10.4401181350267,0.0 125.565287177692,10.4424090872451,0.0 125.566037605452,10.4446640440786,0.0 125.566906982456,10.4468767453301,0.0 125.579249555088,10.4759907330773,0.0 125.58020461524,10.4780910670816,0.0 125.581266871059,10.4801403526519,0.0 125.582433548375,10.4821332349816,0.0 125.583701599959,10.4840645066232,0.0 125.585067713484,10.4859291211089,0.0 125.586528320168,10.4877222061495,0.0 125.588079604108,10.4894390763788,0.0 125.589717512246,10.4910752456081,0.0 125.591437764969,10.4926264385597,0.0 125.593235867298,10.4940886020488,0.0 125.595107120646,10.4954579155836,0.0 125.597046635103,10.496730801356,0.0 125.599049342234,10.4979039335975,0.0 125.601110008338,10.4989742472747,0.0 125.603223248146,10.4999389461022,0.0 125.605383538907,10.5007955098516,0.0 125.60758523485,10.5015417009376,0.0 125.609822581952,10.5021755702642,0.0 125.638559561212,10.5095344852678,0.0 125.640862700452,10.5100614033628,0.0 125.643190367949,10.510469302639,0.0 125.645536287093,10.5107570843623,0.0 125.647894132112,10.5109239737142,0.0 125.65025754516,10.5109695218716,0.0 125.65262015348,10.5108936072058,0.0 125.654975586614,10.5106964355985,0.0 125.657317493598,10.5103785398725,0.0 125.659639560111,10.5099407783409,0.0 125.661935525518,10.5093843324774,0.0 125.664199199766,10.5087107037144,0.0 125.666424480088,10.5079217093781,0.0 125.668605367474,10.5070194777714,0.0 125.670735982846,10.5060064424183,0.0 125.672810582926,10.5048853354852,0.0 125.674823575716,10.5036591803979,0.0 125.676769535576,10.5023312836726,0.0 125.678643217854,10.5009052259857,0.0 125.680439573014,10.4993848525042,0.0 125.682153760247,10.4977742625045,0.0 125.683781160501,10.4960777983076,0.0 125.685317388928,10.4943000335597,0.0 125.686758306681,10.4924457608914,0.0 125.688100032055,10.4905199789877,0.0 125.689338950925,10.4885278791048,0.0 125.690471726468,10.486474831069,0.0 125.691495308128,10.484366368797,0.0 125.692406939811,10.4822081753748,0.0 125.693204167285,10.4800060677376,0.0 125.693884844763,10.4777659809907,0.0 125.694447140656,10.4754939524135,0.0 125.694889542477,10.4731961051905,0.0 125.695210860884,10.4708786319132,0.0 125.695487221045,10.4684115135109,0.0 125.696800849928,10.4672779925097,0.0 125.698556004244,10.4655908607251,0.0 125.70021702561,10.4638128323428,0.0 125.701779117669,10.4619490446842,0.0 125.703237770137,10.4600048826268,0.0 125.704588771806,10.4579859630353,0.0 125.705828222687,10.4558981185248,0.0 125.706952545242,10.4537473806029,0.0 125.707958494689,10.4515399622398,0.0 125.708843168343,10.4492822399167,0.0 125.724026401731,10.4072120128023,0.0 125.72474911073,10.4050363863343,0.0 125.725359208796,10.4028272173095,0.0 125.725855122365,10.4005902134642,0.0 125.726235572923,10.3983311542867,0.0 125.726499580277,10.3960558760896,0.0 125.726646465061,10.3937702569366,0.0 125.726675850464,10.3914802014637,0.0 125.726587663171,10.3891916256327,0.0 125.726382133529,10.3869104414567,0.0 125.726059794925,10.3846425417378,0.0 125.725621482384,10.3823937848551,0.0 125.725068330391,10.3801699796427,0.0 125.724401769934,10.3779768703965,0.0 125.704080092945,10.3167730751696,0.0 125.703404380404,10.3148804704366,0.0 125.702644222972,10.3130195419845,0.0 125.695901260181,10.2975135782373,0.0 125.696632804398,10.2960458137353,0.0 125.697578592821,10.2938660326896,0.0 125.698407207338,10.2916399754384,0.0 125.699116353617,10.2893738136378,0.0 125.699704068625,10.2870738299362,0.0 125.700168726037,10.2847464005583,0.0 125.700509040709,10.2823979776326,0.0 125.700724072206,10.2800350713093,0.0 125.700813227379,10.277664231721,0.0 125.700776261973,10.2752920308333,0.0 125.700613281269,10.2729250442368,0.0 125.698634907374,10.2522298785894,0.0 125.706749346158,10.2047677637577,0.0 125.707086461023,10.2024234302368,0.0 125.70729878271,10.2000647908128,0.0 125.707385727758,10.1976983591662,0.0 125.707347058904,10.1953306703406,0.0 125.70718288571,10.1929682627054,0.0 125.706893664227,10.1906176599112,0.0 125.706480195709,10.1882853528868,0.0 125.705943624373,10.1859777819285,0.0 125.705285434213,10.1837013189295,0.0 125.704507444879,10.1814622497999,0.0 125.703611806637,10.1792667571245,0.0 125.70260099441,10.1771209031064,0.0 125.701591007523,10.175241295151,0.0 125.703154869949,10.1717909882251,0.0 125.704104356574,10.1695342036487,0.0 125.704928876303,10.1672297196249,0.0 125.705626004591,10.1648843216167,0.0 125.706193692069,10.1625049153386,0.0 125.706630270545,10.1600985064268,0.0 125.706934457869,10.1576721798177,0.0 125.707105361675,10.1552330788957,0.0 125.707649110197,10.1424696172424,0.0 125.708896033577,10.1409049863178,0.0 125.71023894374,10.1390307509206,0.0 125.71148362833,10.137091101721,0.0 125.732024357411,10.1031997680917,0.0 125.733150805337,10.1012305977479,0.0 125.734176020778,10.0992078550925,0.0 125.735097418541,10.0971366455998,0.0 125.735912675574,10.0950221969076,0.0 125.736619736804,10.0928698456219,0.0 125.737216820299,10.0906850238481,0.0 125.737702421736,10.0884732454835,0.0 125.742154287817,10.0654237406976,0.0 125.742557471347,10.0629720804824,0.0 125.74282371109,10.06050212683,0.0 125.742952201217,10.0580213862447,0.0 125.742942554491,10.0555373978232,0.0 125.742794803408,10.053057710355,0.0 125.742509400055,10.0505898593954,0.0 125.742087214702,10.0481413443805,0.0 125.741529533121,10.0457196058541,0.0 125.732080880964,10.0093336531093,0.0 125.731482374844,10.0072392977905,0.0 125.730782532152,10.0051760339528,0.0 125.729982987461,10.0031486759593,0.0 125.729085607848,10.0011619543508,0.0 125.721820828454,9.98606564162246,0.0 125.724283257841,9.96823543065711,0.0 125.724547886875,9.96584709146492,0.0 125.724683718241,9.96344816437327,0.0 125.724690368661,9.96104547002506,0.0 125.724567822085,9.95864583961912,0.0 125.724316429698,9.95625609549951,0.0 125.723936908899,9.95388303177144,0.0 125.723430341224,9.95153339499908,0.0 125.723224704047,9.95077888970395,0.0 125.740222921561,9.9317915795856,0.0 125.741789748575,9.92994388459634,0.0 125.743254500456,9.92801564381706,0.0 125.744612974736,9.92601239324515,0.0 125.745861274259,9.92393988400791,0.0 125.746995818345,9.92180406584469,0.0 125.748013353035,9.91961107002119,0.0 125.748910960402,9.91736719172499,0.0 125.749686066895,9.91507887199292,0.0 125.750336450685,9.9127526792223,0.0 125.750860248015,9.91039529031888,0.0 125.751255958508,9.90801347153575,0.0 125.751522449439,9.90561405905816,0.0 125.751658958948,9.9032039393897,0.0 125.751665098195,9.90079002959633,0.0 125.75154085244,9.89837925746453,0.0 125.751286581051,9.89597854163059,0.0 125.750903016442,9.89359477173777,0.0 125.747138930432,9.8736483706411,0.0 125.745371924491,9.85947493610547,0.0 125.745023160511,9.85716889027844,0.0 125.74455456725,9.85488382324674,0.0 125.743967401755,9.85262585406914,0.0 125.743263238444,9.85040102915904,0.0 125.742443964871,9.84821530610677,0.0 125.741511776654,9.84607453774037,0.0 125.740469171583,9.84398445646705,0.0 125.73931894292,9.84195065893742,0.0 125.738064171911,9.83997859107311,0.0 125.736708219529,9.83807353349789,0.0 125.735254717474,9.83624058741088,0.0 125.733707558444,9.83448466093973,0.0 125.732070885719,9.83281045601,0.0 125.731234227369,9.83203881929109,0.0 125.731553647121,9.8319747365238,0.0 125.733849229271,9.83138909020224,0.0 125.736110872033,9.83068548692527,0.0 125.738332417408,9.82986584375961,0.0 125.740507816823,9.82893239367886,0.0 125.742631147605,9.82788767946543,0.0 125.744696629117,9.82673454676916,0.0 125.746698638495,9.82547613634146,0.0 125.748631725963,9.8241158754666,0.0 125.750490629664,9.82265746861347,0.0 125.752270289982,9.82110488733348,0.0 125.75396586331,9.81946235943257,0.0 125.755572735222,9.81773435744658,0.0 125.757086533023,9.81592558645182,0.0 125.758503137635,9.81404097124415,0.0 125.759818694792,9.81208564292142,0.0 125.761029625511,9.81006492490623,0.0 125.762132635807,9.80798431844682,0.0 125.763124725639,9.80584948763602,0.0 125.764003197046,9.80366624398873,0.0 125.764765661462,9.80144053062019,0.0 125.76541004619,9.79917840606818,0.0 125.765934600009,9.79688602780284,0.0 125.766337897914,9.79456963546947,0.0 125.770186945192,9.76841075906937,0.0 125.770470666221,9.7660473942624,0.0 125.770628179362,9.76367246579666,0.0 125.770659047911,9.7612926001976,0.0 125.770563188474,9.75891443761777,0.0 125.770340871163,9.75654461332042,0.0 125.769992718818,9.75418973917853,0.0 125.769519705239,9.75185638524014,0.0 125.768923152448,9.74955106141185,0.0 125.76820472697,9.74728019931086,0.0 125.76736643517,9.74505013433637,0.0 125.766410617636,9.74286708800993,0.0 125.76533994263,9.74073715063388,0.0 125.764157398638,9.73866626431599,0.0 125.76286628602,9.7366602064075,0.0 125.761470207795,9.73472457340053,0.0 125.759973059594,9.73286476532955,0.0 125.758379018787,9.7310859707202,0.0 125.756692532832,9.72939315212735,0.0 125.754918306881,9.72779103230253,0.0 125.753061290657,9.72628408102907,0.0 125.751126664664,9.72487650266159,0.0 125.749119825744,9.72357222440458,0.0 125.747046372046,9.72237488536241,0.0 125.744912087423,9.72128782639146,0.0 125.742722925323,9.72031408078244,0.0 125.7404849922,9.71945636579902,0.0 125.738204530508,9.71871707509611,0.0 125.735887901308,9.71809827203917,0.0 125.733541566553,9.71760168394312,0.0 125.731172071085,9.71722869724685,0.0 125.728786024405,9.71698035363705,0.0 125.72639008226,9.71685734713217,0.0 125.723990928104,9.71686002213467,0.0 125.721595254475,9.71698837245729,0.0 125.701685151263,9.71857863035944,0.0 125.702763840357,9.71603243097644,0.0 125.703605764989,9.7138941698589,0.0 125.704336823597,9.71171614474632,0.0 125.704955121244,9.70950400882236,0.0 125.705459055717,9.7072635036447,0.0 125.705847321664,9.70500044424583,0.0 125.706118913949,9.70272070404489,0.0 125.706273130239,9.70043019960953,0.0 125.706309572795,9.69813487530737,0.0 125.706046872426,9.67127661498006,0.0 125.705961798916,9.6689218623961,0.0 125.705752793958,9.66657474081085,0.0 125.705420431448,9.6642416672681,0.0 125.704965622432,9.66192902029498,0.0 125.704389612582,9.65964312247621,0.0 125.703693978777,9.65739022318197,0.0 125.702880624769,9.6551764814969,0.0 125.701951775961,9.6530079493964,0.0 125.700909973309,9.65089055521607,0.0 125.699758066364,9.64883008745948,0.0 125.698499205472,9.64683217898803,0.0 125.697136833157,9.6449022916362,0.0 125.69698633528,9.64471119715117,0.0 125.716848657711,9.6417918640823,0.0 125.719063150998,9.64141050809848,0.0 125.721255901538,9.64092086434458,0.0 125.72342153499,9.64032413398498,0.0 125.725554743652,9.63962178061952,0.0 125.727650299481,9.63881552668305,0.0 125.729703066913,9.63790734921021,0.0 125.731708015457,9.63689947497643,0.0 125.760532963363,9.62150654314427,0.0 125.762571293663,9.62034949200656,0.0 125.76454659515,9.61908939286058,0.0 125.76645358349,9.61772961839572,0.0 125.768287157386,9.61627380788732,0.0 125.770042412232,9.61472585744392,0.0 125.771714653218,9.61308990956843,0.0 125.773299407888,9.61137034206115,0.0 125.774792438085,9.60957175629472,0.0 125.776189751277,9.6076989648922,0.0 125.777487611221,9.60575697884164,0.0 125.778682547934,9.60375099408165,0.0 125.779771366957,9.60168637759387,0.0 125.779888192412,9.60143387117511,0.0 125.779996815188,9.60145470769175,0.0 125.782437894147,9.60185480520917,0.0 125.784897306926,9.60212230122004,0.0 125.787367745043,9.60225640224019,0.0 125.789841867368,9.60225671119577,0.0 125.792312321966,9.60212322858786,0.0 125.794771767968,9.60185635247412,0.0 125.797212897413,9.60145687726778,0.0 125.799628456981,9.60092599135774,0.0 125.80201126957,9.60026527355704,0.0 125.804354255635,9.59947668839059,0.0 125.806650454241,9.59856258023639,0.0 125.830832098805,9.58816701321309,0.0 125.866677802376,9.57959415426688,0.0 125.85706533363,9.62962647269499,0.0 125.856683288259,9.63194114360341,0.0 125.85642316661,9.63427241168892,0.0 125.856285676619,9.63661395621046,0.0 125.856271193697,9.63895942841814,0.0 125.856379759688,9.64130246877567,0.0 125.856611082721,9.64363672421362,0.0 125.856964537979,9.64595586536644,0.0 125.857439169368,9.64825360374644,0.0 125.858033692082,9.65052370880807,0.0 125.858746496073,9.65276002485588,0.0 125.859575650392,9.65495648775029,0.0 125.860518908408,9.65710714136573,0.0 125.86157371389,9.65920615375603,0.0 125.862737207928,9.6612478329834,0.0 125.86400623667,9.66322664256777,0.0 125.865377359877,9.66513721651413,0.0 125.866846860246,9.66697437387743,0.0 125.868410753488,9.66873313282484,0.0 125.874713987364,9.67546000885336,0.0 125.863423443193,9.70473348413611,0.0 125.86263632674,9.70694504084729,0.0 125.861966289425,9.70919424757722,0.0 125.861415150336,9.71147500715455,0.0 125.860984406292,9.71378113670037,0.0 125.860675227753,9.71610638439369,0.0 125.860488455618,9.71844444642547,0.0 125.860424598913,9.72078898409551,0.0 125.860483833383,9.72313364100552,0.0 125.860666000986,9.72547206030176,0.0 125.860970610295,9.72779790192032,0.0 125.861396837804,9.73010485978821,0.0 125.861943530136,9.73238667893341,0.0 125.862609207148,9.73463717245732,0.0 125.863392065925,9.73685023832353,0.0 125.86428998565,9.73901987591706,0.0 125.865300533339,9.741140202329,0.0 125.866420970424,9.7432054683224,0.0 125.867648260172,9.74521007393564,0.0 125.868979075912,9.74714858368091,0.0 125.870409810046,9.74901574129654,0.0 125.871936583837,9.75080648401262,0.0 125.872750110532,9.75166564906494,0.0 125.872704638161,9.75373188110071,0.0 125.872776012432,9.75607467833045,0.0 125.872970140802,9.75841062024393,0.0 125.873286500074,9.76073338147864,0.0 125.87372423596,9.76303667225384,0.0 125.874282165369,9.76531425541497,0.0 125.874958779589,9.76755996333664,0.0 125.875752248353,9.76976771463789,0.0 125.876660424778,9.77193153066485,0.0 125.877680851161,9.77404555169532,0.0 125.878810765628,9.7761040528217,0.0 125.880047109597,9.77810145946889,0.0 125.88138653606,9.78003236250478,0.0 125.882825418638,9.78189153290251,0.0 125.884359861407,9.78367393591445,0.0 125.885985709445,9.78537474471926,0.0 125.887698560093,9.78698935350507,0.0 125.889493774886,9.78851338995309,0.0 125.891366492122,9.7899427270877,0.0 125.893311640045,9.79127349446076,0.0 125.895323950595,9.79250208863987,0.0 125.89739797369,9.79362518297189,0.0 125.899528092011,9.79463973659532,0.0 125.915308112123,9.80165983444073,0.0 125.917470401811,9.80255595710361,0.0 125.919636229903,9.80332594732083,0.0 125.918651015823,9.80519815282925,0.0 125.917675639909,9.80731056640608,0.0 125.912704989893,9.81885293157614,0.0 125.898094724484,9.82933642716911,0.0 125.896177247694,9.83079074944785,0.0 125.894340367285,9.83234404896907,0.0 125.892589272607,9.83399193983515,0.0 125.890928911012,9.8357297688392,0.0 125.889363973856,9.83755262859257,0.0 125.887898883242,9.83945537137183,0.0 125.886537779504,9.84143262364636,0.0 125.885284509487,9.8434788012457,0.0 125.884142615663,9.84558812512384,0.0 125.883115326091,9.84775463767601,0.0 125.882205545272,9.84997221956212,0.0 125.881415845911,9.85223460698916,0.0 125.880748461621,9.854535409404,0.0 125.880205280578,9.85686812754635,0.0 125.879787840151,9.85922617181112,0.0 125.879497322527,9.86160288086816,0.0 125.879334551338,9.8639915404866,0.0 125.879299989298,9.8663854025108,0.0 125.879393736864,9.86877770393384,0.0 125.879615531921,9.87116168601491,0.0 125.879964750489,9.87353061338613,0.0 125.880440408461,9.87587779309478,0.0 125.881041164355,9.87819659352707,0.0 125.881765323079,9.88048046315952,0.0 125.882610840698,9.88272294908503,0.0 125.883575330194,9.88491771526098,0.0 125.884656068188,9.88705856042749,0.0 125.885850002628,9.88913943564514,0.0 125.886267129014,9.88978413046561,0.0 125.884493539176,9.8962627359419,0.0 125.883922856304,9.89859047590061,0.0 125.88347777796,9.9009450084022,0.0 125.883159565942,9.90331967404276,0.0 125.882969123223,9.90570775629835,0.0 125.882906991366,9.9081025005299,0.0 125.882973348962,9.91049713309776,0.0 125.883168011084,9.91288488053178,0.0 125.883490429788,9.91525898870271,0.0 125.883939695629,9.91761274194021,0.0 125.884514540203,9.91993948204347,0.0 125.885213339719,9.92223262713042,0.0 125.88603411956,9.92448569027187,0.0 125.886974559855,9.92669229785787,0.0 125.888032002025,9.92884620764387,0.0 125.889203456284,9.93094132642569,0.0 125.890485610092,9.93297172729279,0.0 125.891874837518,9.93493166641092,0.0 125.893367209491,9.93681559928661,0.0 125.894958504918,9.9386181964669,0.0 125.896644222625,9.94033435863006,0.0 125.8984195941,9.94195923102416,0.0 125.921478180843,9.96196101150801,0.0 125.923303000534,9.96346219139342,0.0 125.925204350236,9.96486692803843,0.0 125.927177049286,9.96617139450191,0.0 125.929215722475,9.96737203711782,0.0 125.931314814704,9.96846558518236,0.0 125.933468606142,9.96944905986835,0.0 125.935671227837,9.97031978234258,0.0 125.937916677729,9.97107538106414,0.0 125.940198837025,9.97171379824355,0.0 125.942511486902,9.9722332954453,0.0 125.944848325475,9.97263245831852,0.0 125.947202984993,9.97291020044281,0.0 125.949569049215,9.97306576627907,0.0 125.951940070921,9.9730987332171,0.0 125.9543095895,9.97300901271473,0.0 125.956671148576,9.97279685052539,0.0 125.957272094871,9.97271133153504,0.0 125.98187647131,9.99987657365947,0.0 125.986272305333,10.0122576250209,0.0 125.985756106599,10.0136809774295,0.0 125.985065339754,10.0159560241575,0.0 125.984496565277,10.0182640132025,0.0 125.984051368908,10.020598521863,0.0 125.983730992512,10.0229530534562,0.0 125.983536330596,10.025321055404,0.0 125.983467927781,10.0276959374758,0.0 125.983525977254,10.0300710901388,0.0 125.983710320202,10.0324399029628,0.0 125.984020446222,10.0347957830301,0.0 125.98445549471,10.037132173297,0.0 125.985014257235,10.0394425708581,0.0 125.985695180873,10.0417205450596,0.0 125.986496372511,10.0439597554134,0.0 125.987415604093,10.0461539692603,0.0 125.988450318807,10.0482970791344,0.0 125.989597638188,10.050383119778,0.0 125.99085437012,10.0524062847622,0.0 125.992217017711,10.0543609426641,0.0 125.993681789027,10.056241652757,0.0 125.99524460764,10.0580431801692,0.0 126.028282571352,10.0941472501684,0.0 126.029898608482,10.0958240274474,0.0 126.031599606506,10.0974161466669,0.0 126.033381055424,10.098919386621,0.0 126.035238231744,10.1003297618254,0.0 126.037166211018,10.1016435330926,0.0 126.039159880916,10.1028572174527,0.0 126.041213954797,10.1039675973934,0.0 126.043322985746,10.1049717293942,0.0 126.045481381041,10.1058669517326,0.0 126.047683417,10.1066508915419,0.0 126.049923254183,10.1073214711011,0.0 126.052194952901,10.1078769133401,0.0 126.054492488988,10.1083157465468,0.0 126.056809769802,10.1086368082624,0.0 126.059140650401,10.1088392483554,0.0 126.061478949864,10.1089225312658,0.0 126.063818467702,10.108886437414,0.0 126.066153000323,10.1087310637701,0.0 126.068476357501,10.1084568235836,0.0 126.07078237881,10.1080644452725,0.0 126.073064949978,10.1075549704768,0.0 126.075318019111,10.1069297512798,0.0 126.077535612757,10.1061904466065,0.0 126.079711851754,10.1053390178083,0.0 126.081840966828,10.1043777234447,0.0 126.083917313895,10.1033091132781,0.0 126.085935389027,10.1021360214961,0.0 126.087889843051,10.1008615591803,0.0 126.089775495723,10.099489106042,0.0 126.09809876231,10.093097628254,0.0 126.099937038428,10.091608185237,0.0 126.101694275229,10.0900256196009,0.0 126.103365675846,10.0883542538276,0.0 126.10494667807,10.0865986527251,0.0 126.106432966791,10.084763610949,0.0 126.107820485762,10.0828541398985,0.0 126.109105448654,10.0808754540221,0.0 126.110284349366,10.0788329565705,0.0 126.111353971578,10.076732224837,0.0 126.112311397503,10.0745789949235,0.0 126.113154015822,10.0723791460761,0.0 126.113879528785,10.0701386846313,0.0 126.11448595845,10.0678637276177,0.0 126.114971652056,10.0655604860578,0.0 126.115335286496,10.0632352480148,0.0 126.115575871902,10.0608943614316,0.0 126.115692754309,10.0585442168076,0.0 126.116098159775,10.0411795598821,0.0 126.117519482033,10.0396201335422,0.0 126.118961939509,10.0378681612031,0.0 126.120313827869,10.0360466302886,0.0 126.121571739959,10.0341601348678,0.0 126.122732505789,10.0322134326755,0.0 126.1237932005,10.0302114331088,0.0 126.124751151726,10.0281591848424,0.0 126.125603946299,10.0260618630946,0.0 126.126349436317,10.0239247565756,0.0 126.126985744531,10.0217532541521,0.0 126.141099751066,9.96864261858351,0.0 126.15545689685,9.93980166153527,0.0 126.156443204292,9.93768371007385,0.0 126.157317545578,9.93551796094813,0.0 126.158077576769,9.9333102269898,0.0 126.158721260808,9.93106643352868,0.0 126.159246872957,9.92879260249197,0.0 126.159653005393,9.92649483624611,0.0 126.165902657301,9.88481641033494,0.0 126.166195701185,9.88242375019309,0.0 126.166359218287,9.8800189701928,0.0 126.166392743119,9.87760895941659,0.0 126.166383532,9.87737923433503,0.0 126.167839759247,9.87633522812008,0.0 126.169725273916,9.87482520369088,0.0 126.171526834605,9.87321756769093,0.0 126.173239309979,9.87151690166302,0.0 126.174857822814,9.86972805203797,0.0 126.176377763867,9.86785611631155,0.0 126.177794804995,9.86590642850814,0.0 126.179104911455,9.86388454397249,0.0 126.180304353378,9.86179622353314,0.0 126.201408955934,9.82265566025445,0.0 126.202411401684,9.82068132971915,0.0 126.203314929456,9.81866058486148,0.0 126.204117363735,9.81659829646278,0.0 126.204816772749,9.81449943528624,0.0 126.205411473104,9.81236906009664,0.0 126.20590003382,9.81021230546947,0.0 126.206281279756,9.80803436941879,0.0 126.208582920831,9.7926552110275,0.0 126.208868723975,9.79033100108226,0.0 126.209032331831,9.7879951979065,0.0 126.209073304708,9.78565411717119,0.0 126.208991534442,9.78331408867549,0.0 126.208787244666,9.780981439243,0.0 126.208460990173,9.77866247562735,0.0 126.208013655393,9.77636346747334,0.0 126.207446451977,9.77409063037951,0.0 126.206760915504,9.77185010910766,0.0 126.205958901303,9.76964796098461,0.0 126.205042579426,9.76749013954087,0.0 126.204014428767,9.7653824784302,0.0 126.202877230349,9.76333067567339,0.0 126.201634059794,9.76134027826854,0.0 126.200288279009,9.75941666720946,0.0 126.19884352709,9.75756504295222,0.0 126.197303710488,9.75579041136921,0.0 126.19567299245,9.75409757022833,0.0 126.193955781771,9.75249109623372,0.0 126.192156720885,9.75097533266301,0.0 126.190280673328,9.74955437763431,0.0 126.1883327106,9.74823207303443,0.0 126.186318098477,9.74701199413836,0.0 126.184242282788,9.74589743994784,0.0 126.158316031487,9.73282797392698,0.0 126.153840925415,9.72737403811311,0.0 126.152217188026,9.72550232693602,0.0 126.150492482568,9.72372172262122,0.0 126.148671994874,9.72203757903282,0.0 126.146761198526,9.72045496008971,0.0 126.144765838416,9.71897862455145,0.0 126.14269191349,9.71761301171959,0.0 126.140545658738,9.71636222809741,0.0 126.138333526468,9.715230035048,0.0 126.136062166936,9.71421983748765,0.0 126.133738408383,9.71333467364857,0.0 126.115044218039,9.70679053457711,0.0 126.115030635293,9.70650408074694,0.0 126.114789942335,9.70412609381155,0.0 126.114422439995,9.7017641224615,0.0 126.113929165614,9.6994248180203,0.0 126.113311510557,9.69711476788402,0.0 126.11257121627,9.69484047698695,0.0 126.111710369362,9.69260834950012,0.0 126.110731395704,9.69042467081413,0.0 126.109637053593,9.68829558985664,0.0 126.108430425965,9.68622710179426,0.0 126.107114911714,9.68422503116713,0.0 126.105694216112,9.68229501550358,0.0 126.104172340376,9.68044248946076,0.0 126.102553570404,9.67867266953565,0.0 126.100842464712,9.67699053938939,0.0 126.099043841608,9.67540083582587,0.0 126.097162765633,9.67390803546422,0.0 126.095204533319,9.67251634214223,0.0 126.093174658291,9.67122967508629,0.0 126.091078855759,9.6700516578809,0.0 126.088923026451,9.66898560826886,0.0 126.086713240018,9.66803452881062,0.0 126.084455717972,9.66720109842922,0.0 126.08215681619,9.66648766486457,0.0 126.079823007046,9.66589623805823,0.0 126.077460861218,9.66542848448744,0.0 126.075077029208,9.66508572246449,0.0 126.072678222645,9.66486891841453,0.0 126.05940355661,9.6640205474941,0.0 126.058029111667,9.66246750335589,0.0 126.056368607607,9.66077848792184,0.0 126.054621246326,9.6591780718052,0.0 126.052791822985,9.65767064716445,0.0 126.050885357764,9.6562603510418,0.0 126.048907082099,9.65495105401745,0.0 126.046862424343,9.65374634959358,0.0 126.044756994892,9.65264954433695,0.0 126.042596570805,9.65166364880718,0.0 126.040387079981,9.65079136929546,0.0 126.03813458491,9.65003510039661,0.0 126.035845266064,9.64939691843439,0.0 126.033525404964,9.6488785757587,0.0 126.03320972605,9.64882510085422,0.0 126.03329254784,9.64748957419773,0.0 126.033375648494,9.64520510150884,0.0 126.033341836305,9.64291938714281,0.0 126.033191200726,9.64063831857586,0.0 126.032924132038,9.63836777120712,0.0 126.032541320327,9.63611359323571,0.0 126.032043753681,9.633881590609,0.0 126.031432715627,9.63167751208033,0.0 126.030709781808,9.62950703441495,0.0 126.029876815908,9.62737574778173,0.0 126.028935964838,9.62528914136825,0.0 126.027889653201,9.62325258925634,0.0 126.026740577029,9.62127133659389,0.0 126.025491696842,9.61935048609876,0.0 126.024146230015,9.61749498492906,0.0 126.013471000381,9.60353329824367,0.0 126.015422803344,9.59157534593549,0.0 126.015734785162,9.58929697671312,0.0 126.015929206452,9.58700577523971,0.0 126.016005563061,9.58470771217831,0.0 126.015963658458,9.58240877594142,0.0 126.01580360422,9.58011495709512,0.0 126.015525819713,9.5778322327589,0.0 126.015131030979,9.57556655104161,0.0 126.014620268824,9.57332381555405,0.0 126.013994866109,9.57110987003829,0.0 126.013256454258,9.56893048315379,0.0 126.012406958998,9.56679133345951,0.0 126.011448595321,9.56469799463127,0.0 126.002918431105,9.54725990355115,0.0 126.001808914366,9.54513689574719,0.0 126.000587446612,9.5430753312047,0.0 125.999257472244,9.54108102132114,0.0 125.997822741312,9.53915958791877,0.0 125.996287298938,9.53731644741182,0.0 125.994655473923,9.5355567955519,0.0 125.992931866541,9.53388559279438,0.0 125.99112133559,9.53230755032675,0.0 125.989228984703,9.53082711679834,0.0 125.987260147973,9.52944846578854,0.0 125.985220374942,9.52817548404875,0.0 125.983115414969,9.52701176055105,0.0 125.980951201052,9.52596057637455,0.0 125.978733833123,9.52502489545766,0.0 125.976469560878,9.52420735624238,0.0 125.974164766189,9.52351026423427,0.0 125.97182594514,9.52293558549889,0.0 125.969459689741,9.52248494111327,0.0 125.967072669376,9.52215960258793,0.0 125.964671612031,9.52196048827262,0.0 125.962263285351,9.52188816075588,0.0 125.959854477595,9.52194282526591,0.0 125.957451978517,9.52212432907744,0.0 125.95506256026,9.52243216192647,0.0 125.953739331235,9.52267412399231,0.0 125.95381130462,9.5225909202494,0.0 125.955294764667,9.52067736389142,0.0 125.956672781151,9.51868764524085,0.0 125.957941396342,9.51662748296828,0.0 125.978215346969,9.48162667857364,0.0 125.979358199227,9.47952666747585,0.0 125.980387382482,9.47736950018121,0.0 125.981300009081,9.47516123511231,0.0 125.982093518825,9.47290807399666,0.0 125.982765686124,9.47061634444999,0.0 125.983314626216,9.46829248220856,0.0 125.983738800425,9.46594301305979,0.0 125.98403702045,9.46357453452232,0.0 125.98420845167,9.46119369732663,0.0 125.984252615452,9.45880718674824,0.0 125.984169390465,9.45642170384566,0.0 125.983959012994,9.45404394665579,0.0 125.98362207624,9.45168059139925,0.0 125.983159528634,9.4493382737484,0.0 125.982572671148,9.44702357021027,0.0 125.981863153618,9.44474297967662,0.0 125.981032970092,9.44250290519267,0.0 125.980084453215,9.44030963599541,0.0 125.979020267667,9.43816932987184,0.0 125.977843402667,9.43608799588625,0.0 125.976557163575,9.43407147752503,0.0 125.975165162605,9.43212543630586,0.0 125.973671308684,9.4302553358974,0.0 125.969958117959,9.4258516685328,0.0 125.970275839178,9.42585037195025,0.0 125.972679681234,9.42571368787497,0.0 125.975072820952,9.42545052498476,0.0 125.977448513134,9.42506162638194,0.0 125.979800061961,9.42454808953656,0.0 125.98212083988,9.42391136317485,0.0 125.984404306299,9.423153243177,0.0 125.986644026037,9.42227586749632,0.0 125.988833687463,9.42128171011397,0.0 125.990967120298,9.42017357404687,0.0 125.993038313007,9.41895458342856,0.0 125.995041429738,9.41762817468559,0.0 125.99697082677,9.41619808683456,0.0 125.998821068408,9.41466835092745,0.0 126.000586942296,9.41304327867505,0.0 126.00226347409,9.41132745028086,0.0 126.003845941462,9.40952570152004,0.0 126.005329887388,9.40764311009971,0.0 126.006711132689,9.40568498133953,0.0 126.00798578778,9.4036568332128,0.0 126.009150263605,9.40156438079046,0.0 126.010201281725,9.39941352013193,0.0 126.011135883524,9.39721031166821,0.0 126.011951438512,9.39496096312408,0.0 126.012645651709,9.39267181202764,0.0 126.013216570075,9.39034930785638,0.0 126.013662587979,9.38799999387001,0.0 126.01666430142,9.36950618106822,0.0 126.022442205744,9.36148236377349,0.0 126.023735549069,9.35958614204415,0.0 126.024930148521,9.35762707566735,0.0 126.026022916992,9.35561023128962,0.0 126.027011030853,9.35354082480753,0.0 126.027891937229,9.35142420787627,0.0 126.028663360577,9.34926585406896,0.0 126.029323308545,9.3470713447225,0.0 126.0298700771,9.34484635450642,0.0 126.030302254901,9.34259663675214,0.0 126.030618726927,9.34032800858055,0.0 126.031760868338,9.3302647525249,0.0 126.066267114414,9.28339560200248,0.0 126.072650131787,9.28543973796367,0.0 126.107675598049,9.30561401201998,0.0 126.13305707144,9.33673638853459,0.0 126.13461694127,9.33854847698582,0.0 126.136271202338,9.34027601139207,0.0 126.138015216318,9.34191414794863,0.0 126.139844093019,9.34345829358952,0.0 126.14175270411,9.34490411887598,0.0 126.143735697521,9.34624757014416,0.0 126.14578751246,9.34748488087787,0.0 126.147902395034,9.3486125822744,0.0 126.150074414398,9.34962751297365,0.0 126.152297479414,9.35052682792326,0.0 126.154565355753,9.35130800635495,0.0 126.156871683405,9.3519688588494,0.0 126.159209994539,9.35250753347026,0.0 126.181544534833,9.35703653856686,0.0 126.183865594259,9.35744499043064,0.0 126.186204888009,9.35773305805697,0.0 126.188556089547,9.35789996370918,0.0 126.190912840231,9.35794525733935,0.0 126.193268766537,9.35786881779251,0.0 126.195617497311,9.35767085312029,0.0 126.197952681018,9.35735190000321,0.0 126.200268002943,9.35691282228335,0.0 126.202557202274,9.35635480861159,0.0 126.204814089054,9.35567936921598,0.0 126.207032560928,9.35488833180006,0.0 126.209206619656,9.35398383658259,0.0 126.211330387336,9.35296833049221,0.0 126.213398122307,9.35184456053293,0.0 126.215404234672,9.3506155663387,0.0 126.217343301411,9.34928467193727,0.0 126.219210081044,9.3478554767459,0.0 126.220999527791,9.34633184582349,0.0 126.22270680521,9.34471789940562,0.0 126.224327299256,9.34301800175086,0.0 126.225856630743,9.34123674932902,0.0 126.227290667167,9.33937895838297,0.0 126.228625533855,9.33744965189822,0.0 126.229857624421,9.33545404601523,0.0 126.230983610493,9.33339753592159,0.0 126.232000450681,9.33128568126207,0.0 126.232905398774,9.32912419110616,0.0 126.233696011135,9.32691890851367,0.0 126.234370153279,9.32467579474029,0.0 126.23492600561,9.32240091312553,0.0 126.235362068312,9.32010041270687,0.0 126.242115543432,9.27856319556767,0.0 126.242431053389,9.2762401693315,0.0 126.242624433124,9.27390398019624,0.0 126.242695161107,9.27156095959683,0.0 126.242643048161,9.26921745734477,0.0 126.242468237945,9.26687982443013,0.0 126.24217120654,9.2645543958216,0.0 126.241752761133,9.2622474733114,0.0 126.241214037808,9.25996530845081,0.0 126.240556498447,9.25771408562312,0.0 126.239781926747,9.25549990529887,0.0 126.238892423375,9.25332876751926,0.0 126.237890400263,9.25120655565184,0.0 126.236778574055,9.24913902046251,0.0 126.226838462984,9.23175712060873,0.0 126.224649182678,9.15940281662396,0.0 126.224515587824,9.15704430916237,0.0 126.224257710929,9.154696008634,0.0 126.223876263963,9.15236437746466,0.0 126.223372298831,9.15005583211074,0.0 126.222747204456,9.14777672541584,0.0 126.222002702932,9.14553332914311,0.0 126.221140844777,9.1433318167314,0.0 126.212027301575,9.12174332674341,0.0 126.213787206136,9.12102896047989,0.0 126.21591176743,9.12003599315216,0.0 126.217981699205,9.1189349689619,0.0 126.219991442349,9.11772884648193,0.0 126.221935599669,9.11642086647553,0.0 126.223808950395,9.11501454317532,0.0 126.225606464187,9.11351365482829,0.0 126.227323314644,9.11192223353305,0.0 126.228954892254,9.11024455439627,0.0 126.23049681676,9.10848512403804,0.0 126.231944948907,9.10664866847685,0.0 126.23329540154,9.10474012042699,0.0 126.234544550026,9.10276460604269,0.0 126.235689041962,9.10072743114442,0.0 126.249859412063,9.07389275619412,0.0 126.29980319742,9.01793530332548,0.0 126.334260345685,8.99289333977612,0.0 126.336215968459,8.99138878317474,0.0 126.338086042255,8.98978032882087,0.0 126.339864990902,8.98807277538847,0.0 126.341547510321,8.98627121694703,0.0 126.343128584323,8.98438102775198,0.0 126.344603499551,8.98240784620143,0.0 126.345967859508,8.98035755800753,0.0 126.347217597644,8.9782362786327,0.0 126.348348989453,8.97605033504317,0.0 126.349358663547,8.97380624683454,0.0 126.36403224713,8.93864654217363,0.0 126.364874627614,8.9364704825846,0.0 126.365602557084,8.93425397267796,0.0 126.366214085131,8.93200295914064,0.0 126.366707573678,8.92972348105857,0.0 126.367081701341,8.92742165371988,0.0 126.370404769279,8.90297358098627,0.0 126.37066206719,8.90061354426029,0.0 126.37079390555,8.89824330140371,0.0 126.370799920307,8.89586944288468,0.0 126.370680097193,8.89349856909087,0.0 126.370434771735,8.89113727198958,0.0 126.370064628298,8.8887921168126,0.0 126.369570698154,8.8864696238166,0.0 126.368954356598,8.88417625016942,0.0 126.368217319105,8.8819183720126,0.0 126.368113089206,8.8816484331092,0.0 126.376515648288,8.86388894274337,0.0 126.377473703811,8.86171725116289,0.0 126.378315426193,8.85949839500333,0.0 126.379038481909,8.85723853270518,0.0 126.37964086685,8.85494393633311,0.0 126.38012091185,8.85262097417249,0.0 126.38047728729,8.85027609306096,0.0 126.380709006756,8.84791580050395,0.0 126.380815429746,8.84554664662377,0.0 126.380796263419,8.84317520599212,0.0 126.380651563381,8.84080805939644,0.0 126.380381733499,8.83845177559042,0.0 126.379987524762,8.83611289307923,0.0 126.379470033167,8.83379790198972,0.0 126.378830696664,8.8315132260758,0.0 126.378071291141,8.82926520490871,0.0 126.377193925484,8.82706007630132,0.0 126.37620103571,8.82490395901507,0.0 126.375095378201,8.82280283579731,0.0 126.373880022041,8.8207625367959,0.0 126.372558340503,8.81878872339678,0.0 126.371134001684,8.81688687252935,0.0 126.369610958327,8.81506226148274,0.0 126.345363799829,8.7875192823854,0.0 126.329490889269,8.75296299346847,0.0 126.328431691474,8.75081016751623,0.0 126.327258838602,8.74871646726941,0.0 126.32597565555,8.74668782623547,0.0 126.324585779677,8.7447299935651,0.0 126.323093150497,8.74284851777399,0.0 126.321501998516,8.74104873103203,0.0 126.319816833248,8.73933573406473,0.0 126.318042430448,8.73771438170908,0.0 126.31618381859,8.73618926916487,0.0 126.314246264625,8.73476471898009,0.0 126.312235259081,8.73344476880741,0.0 126.310156500516,8.73223315996606,0.0 126.30801587939,8.73113332684178,0.0 126.3058194614,8.73014838715441,0.0 126.303573470309,8.7292811331211,0.0 126.301284270338,8.72853402353984,0.0 126.29895834815,8.72790917681605,0.0 126.296602294502,8.72740836495174,0.0 126.294222785587,8.7270330085146,0.0 126.291826564143,8.72678417260131,0.0 126.289420420368,8.72666256380644,0.0 126.287011172705,8.72666852820597,0.0 126.284605648539,8.72680205036102,0.0 126.271090248412,8.72791172051914,0.0 126.26734923521,8.72651875280252,0.0 126.258489316842,8.71647446804403,0.0 126.257434808995,8.68937165536151,0.0 126.257279581279,8.68700081830815,0.0 126.256998891698,8.68464142797596,0.0 126.256593523883,8.68230005288462,0.0 126.256064608435,8.67998321131064,0.0 126.255413619763,8.67769735315526,0.0 126.254642371957,8.67544884200355,0.0 126.253753013724,8.67324393742417,0.0 126.252748022393,8.67108877755898,0.0 126.251630197008,8.66898936205073,0.0 126.250402650529,8.66695153535606,0.0 126.249068801161,8.66498097049023,0.0 126.24763236284,8.6630831532484,0.0 126.246097334891,8.66126336694745,0.0 126.244467990903,8.65952667773028,0.0 126.242748866839,8.65787792047376,0.0 126.240944748418,8.65632168533904,0.0 126.239060657804,8.65486230500166,0.0 126.237101839645,8.65350384259693,0.0 126.235073746484,8.65225008041396,0.0 126.232982023604,8.65110450936978,0.0 126.230832493332,8.65007031929271,0.0 126.228631138855,8.64915039004213,0.0 126.226384087582,8.64834728348926,0.0 126.224097594118,8.64766323638123,0.0 126.221778022872,8.64710015410849,0.0 126.219431830367,8.64665960539287,0.0 126.217065547291,8.64634281791108,0.0 126.21468576034,8.64615067486614,0.0 126.212299093908,8.64608371251616,0.0 126.209912191666,8.64614211866766,0.0 126.207531698089,8.64632573213765,0.0 126.205164239982,8.64663404318633,0.0 126.202816408045,8.64706619491903,0.0 126.202711689897,8.64709121887005,0.0 126.202453302447,8.64685683978526,0.0 126.200664239898,8.64539354083926,0.0 126.198802297073,8.64402323503368,0.0 126.196872349636,8.64274951136473,0.0 126.194879451227,8.64157570598325,0.0 126.192828820253,8.6405048934603,0.0 126.190725826239,8.63953987873625,0.0 126.18857597578,8.63868318977438,0.0 126.18638489815,8.63793707093837,0.0 126.184158330573,8.63730347711077,0.0 126.16905920604,8.63341949946921,0.0 126.159382409791,8.62448666578747,0.0 126.157510227778,8.62285139211451,0.0 126.155550470397,8.62132111441078,0.0 126.153509075236,8.61990046984167,0.0 126.151919062668,8.61891897562962,0.0 126.153071371543,8.61802553557111,0.0 126.154877519503,8.61654896426597,0.0 126.156604623035,8.61498153559507,0.0 126.158248074139,8.61332743375226,0.0 126.159803488298,8.61159107410465,0.0 126.161266716157,8.6097770913976,0.0 126.162633854583,8.60789032737599,0.0 126.163901257063,8.60593581785453,0.0 126.165065543412,8.60391877927197,0.0 126.166123608773,8.60184459476514,0.0 126.167072631877,8.5997187997999,0.0 126.167910082548,8.59754706739751,0.0 126.168633728426,8.59533519299583,0.0 126.169241640901,8.59308907898571,0.0 126.169732200229,8.59081471896381,0.0 126.17005745862,8.58880619706818,0.0 126.181627811533,8.59610000655121,0.0 126.183679919892,8.59731917957369,0.0 126.185793858801,8.5984287787457,0.0 126.187963726792,8.59942570754577,0.0 126.19018346622,8.60030718405305,0.0 126.192446880191,8.60107074871021,0.0 126.194747649884,8.60171427118471,0.0 126.197079352219,8.6022359563092,0.0 126.199435477808,8.60263434908455,0.0 126.201809449152,8.60290833873151,0.0 126.204194639026,8.60305716178006,0.0 126.206584389,8.60308040418762,0.0 126.208972028053,8.60297800248051,0.0 126.211350891208,8.60275024391572,0.0 126.213714338163,8.6023977656624,0.0 126.216055771842,8.60192155300596,0.0 126.218368656823,8.6013229365796,0.0 126.241522359541,8.59467504174645,0.0 126.253547797531,8.59609790335662,0.0 126.255970162335,8.59631891771296,0.0 126.258400953916,8.59640999914666,0.0 126.260833140858,8.59637088569155,0.0 126.263259687867,8.5962016919862,0.0 126.265673576143,8.59590290892469,0.0 126.268067823698,8.59547540221791,0.0 126.270435505576,8.5949204098699,0.0 126.272769773891,8.59423953857672,0.0 126.275063877652,8.59343475905849,0.0 126.277311182296,8.59250840033848,0.0 126.279505188885,8.5914631429858,0.0 126.281639552907,8.59030201134186,0.0 126.283708102625,8.58902836475291,0.0 126.296148951885,8.58089969616024,0.0 126.300172484097,8.58198429975209,0.0 126.302347492991,8.5825134373703,0.0 126.304546143214,8.58293478142224,0.0 126.306763044914,8.58324730017919,0.0 126.308992763564,8.58345022870787,0.0 126.311229833299,8.58354307073646,0.0 126.313468770332,8.58352559986099,0.0 126.315704086411,8.58339786008942,0.0 126.317930302287,8.58316016572205,0.0 126.320141961159,8.58281310056875,0.0 126.323609170305,8.5821810757562,0.0 126.327681853877,8.58510786671853,0.0 126.329620278013,8.58642605743362,0.0 126.331624820174,8.58764234600297,0.0 126.333690077616,8.58875345522543,0.0 126.335810483885,8.58975639144738,0.0 126.337980323846,8.59064845263006,0.0 126.340193749102,8.5914272356294,0.0 126.342444793783,8.59209064266859,0.0 126.344727390641,8.59263688698592,0.0 126.347035387433,8.59306449764286,0.0 126.349362563515,8.59337232347938,0.0 126.351702646638,8.59355953620592,0.0 126.354049329867,8.59362563262388,0.0 126.356396288605,8.59357043596863,0.0 126.358737197652,8.59339409637169,0.0 126.361065748274,8.59309709044092,0.0 126.36337566522,8.59268021995995,0.0 126.365660723649,8.59214460971071,0.0 126.367914765916,8.59149170442493,0.0 126.370131718181,8.59072326487312,0.0 126.37230560678,8.58984136310177,0.0 126.374430574334,8.58884837683176,0.0 126.376500895532,8.58774698303336,0.0 126.378510992564,8.58654015069523,0.0 126.380455450145,8.58523113280719,0.0 126.382329030107,8.58382345757859,0.0 126.384126685503,8.582320918916,0.0 126.385843574199,8.58072756618624,0.0 126.387475071905,8.57904769329229,0.0 126.389016784625,8.57728582709189,0.0 126.398422894812,8.56595548342154,0.0 126.399887014501,8.56409436210254,0.0 126.401250947644,8.56215930636735,0.0 126.402510935023,8.56015565318208,0.0 126.403663504245,8.5580889285002,0.0 126.404705479283,8.55596483201895,0.0 126.405633989216,8.55378922145869,0.0 126.405992103557,8.5528102315719,0.0 126.406937293642,8.55245105783732,0.0 126.409092132484,8.55150140020026,0.0 126.411194326111,8.55044128555773,0.0 126.413238165097,8.54927359474766,0.0 126.415218098776,8.54800150070959,0.0 126.417128750317,8.54662845984899,0.0 126.418964931326,8.54515820263274,0.0 126.420721655924,8.54359472344122,0.0 126.422394154283,8.54194226970492,0.0 126.423977885564,8.54020533035516,0.0 126.425468550239,8.53838862362046,0.0 126.426862101742,8.53649708420186,0.0 126.428154757445,8.53453584986216,0.0 126.429343008909,8.5325102474655,0.0 126.430423631382,8.53042577850532,0.0 126.431393692538,8.52828810416023,0.0 126.43225056041,8.52610302991806,0.0 126.43299191051,8.52387648981015,0.0 126.433615732115,8.52161453029866,0.0 126.434120333698,8.51932329386036,0.0 126.434504347491,8.51700900231184,0.0 126.434766733174,8.51467793992095,0.0 126.434906780669,8.51233643635053,0.0 126.436297696082,8.47094931680978,0.0 126.436314562281,8.46857151042897,0.0 126.436205287629,8.4661961346376,0.0 126.435970179301,8.46382981743907,0.0 126.43560989548,8.46147916145663,0.0 126.435125443495,8.45915072552446,0.0 126.434518176988,8.45685100640194,0.0 126.433789792121,8.45458642066173,0.0 126.432942322829,8.45236328680209,0.0 126.431978135127,8.45018780763312,0.0 126.430899920503,8.44806605298584,0.0 126.4297106884,8.44600394279213,0.0 126.428413757813,8.44400723058246,0.0 126.427012748029,8.44208148744737,0.0 126.425511568529,8.44023208650717,0.0 126.423914408087,8.43846418793296,0.0 126.422225723086,8.43678272456072,0.0 126.420450225098,8.43519238813821,0.0 126.418755513245,8.43382851189146,0.0 126.418789675077,8.43327664500218,0.0 126.418812441166,8.43094333791672,0.0 126.418243831783,8.39594607081174,0.0 126.418138623198,8.39351881868747,0.0 126.417902065238,8.39110075319137,0.0 126.417534849199,8.38869891717041,0.0 126.417038046793,8.38632030610412,0.0 126.416413107006,8.38397184774616,0.0 126.41566185186,8.38166038196409,0.0 126.414786471086,8.37939264083545,0.0 126.413789515735,8.37717522905822,0.0 126.412673890734,8.37501460473222,0.0 126.411442846421,8.3729170605673,0.0 126.41009996907,8.37088870557267,0.0 126.40864917045,8.36893544728064,0.0 126.394398664412,8.35079292066228,0.0 126.395966730577,8.35012900576475,0.0 126.39806189489,8.34911187151039,0.0 126.400101606065,8.34798851428951,0.0 126.402080439559,8.34676192326385,0.0 126.403993132993,8.34543536207373,0.0 126.405834600144,8.3440123601419,0.0 126.407599944472,8.3424967032713,0.0 126.409284472125,8.34089242356219,0.0 126.410883704418,8.33920378867548,0.0 126.412393389728,8.33743529047094,0.0 126.413809514783,8.33559163305075,0.0 126.415128315321,8.33367772024015,0.0 126.416346286076,8.33169864253875,0.0 126.417460190083,8.32965966357708,0.0 126.41846706726,8.32756620611472,0.0 126.419364242254,8.32542383761703,0.0 126.420149331536,8.3232382554489,0.0 126.429598215451,8.2946285206252,0.0 126.430271036034,8.29239860376049,0.0 126.430827185954,8.29013701668375,0.0 126.431265179462,8.28784981083852,0.0 126.431583846967,8.2855431060666,0.0 126.431782338135,8.28322307424055,0.0 126.431858956445,8.28093085547153,0.0 126.448384254573,8.28378674573713,0.0 126.450708481357,8.2841266179695,0.0 126.453047293967,8.28434569461725,0.0 126.455394368659,8.28444338474061,0.0 126.457743359473,8.28441942561446,0.0 126.460087915409,8.2842738834244,0.0 126.462421697617,8.28400715307231,0.0 126.464738396551,8.28361995709249,0.0 126.467031749043,8.28311334368128,0.0 126.469295555245,8.2824886838457,0.0 126.471523695407,8.28174766767907,0.0 126.473710146424,8.28089229977388,0.0 126.475848998131,8.27992489378444,0.0 126.477934469277,8.27884806615423,0.0 126.47996092316,8.27766472902532,0.0 126.481922882861,8.27637808234888,0.0 126.483815046047,8.2749916052186,0.0 126.485632299291,8.27350904645051,0.0 126.487369731895,8.27193441443487,0.0 126.489022649143,8.27027196628774,0.0 126.49058658498,8.26852619633168,0.0 126.492057314069,8.26670182393693,0.0 126.493430863191,8.264803780756,0.0 126.494703521963,8.26283719738628,0.0 126.495871852846,8.26080738949682,0.0 126.496932700409,8.2587198434569,0.0 126.497883199836,8.25658020150521,0.0 126.49872078464,8.25439424649973,0.0 126.499443193572,8.25216788628962,0.0 126.500048476707,8.24990713775125,0.0 126.500535000684,8.2476181105316,0.0 126.500901453092,8.24530699054265,0.0 126.501146845991,8.24298002325169,0.0 126.501270518555,8.24064349681212,0.0 126.50127213883,8.2383037250807,0.0 126.501151704608,8.23596703056655,0.0 126.50090954341,8.23363972735825,0.0 126.500546311575,8.2313281040747,0.0 126.500062992473,8.22903840688574,0.0 126.499460893824,8.22677682264836,0.0 126.498741644151,8.22454946220359,0.0 126.497907188366,8.22236234387932,0.0 126.487727677173,8.19763351300926,0.0 126.490438156097,8.18714633940149,0.0 126.490972741949,8.18482536558307,0.0 126.491383372596,8.1824794714524,0.0 126.491668901125,8.18011522330816,0.0 126.491828530762,8.17773923867178,0.0 126.491861817072,8.17535816777513,0.0 126.491768669182,8.17297867495821,0.0 126.491549350002,8.17060742002897,0.0 126.49120447547,8.16825103963689,0.0 126.490735012803,8.16591612871263,0.0 126.490142277773,8.16360922202527,0.0 126.489427931002,8.16133677590858,0.0 126.488593973306,8.15910515020735,0.0 126.487642740075,8.15692059049388,0.0 126.486576894734,8.15478921060449,0.0 126.485399421276,8.15271697554429,0.0 126.481784219147,8.14672953432024,0.0 126.484258126674,8.13270599623433,0.0 126.484599451487,8.1304320408695,0.0 126.484823796302,8.12814368433161,0.0 126.48493057787,8.12584689772218,0.0 126.484919519654,8.1235476740228,0.0 126.484790652531,8.12125201246762,0.0 126.484544314687,8.11896590290059,0.0 126.484181150716,8.11669531015822,0.0 126.48370210992,8.11444615851839,0.0 126.483108443819,8.11222431625563,0.0 126.482944781486,8.11171746813347,0.0 126.483499006353,8.11034514646977,0.0 126.484273729306,8.10808841770314,0.0 126.484927396823,8.10579396196801,0.0 126.485458175836,8.10346822240789,0.0 126.485864578374,8.10111772984463,0.0 126.486145465716,8.09874908444686,0.0 126.486300051556,8.09636893720568,0.0 126.48632790418,8.09398397126942,0.0 126.486228947658,8.09160088318961,0.0 126.486003462026,8.08922636413093,0.0 126.485652082476,8.0868670810974,0.0 126.485175797553,8.08452965822763,0.0 126.484575946361,8.08222065821117,0.0 126.483854214778,8.07994656387813,0.0 126.483012630716,8.07771376001344,0.0 126.482053558412,8.07552851544661,0.0 126.480979691778,8.07339696546706,0.0 126.479794046835,8.07132509461415,0.0 126.464316829222,8.04586772278647,0.0 126.459969455721,8.01847579313912,0.0 126.464645997205,8.00491021065779,0.0 126.465366195598,8.0026249436619,0.0 126.465963405543,8.00030472359231,0.0 126.466435938212,7.99795612146764,0.0 126.466782457869,7.99558578851887,0.0 126.467001985627,7.99320043736144,0.0 126.46709390219,7.99080682299542,0.0 126.467057949578,7.98841172368725,0.0 126.466894231829,7.98602192178729,0.0 126.466603214685,7.98364418453706,0.0 126.466185724246,7.98128524492058,0.0 126.465642944607,7.97895178261355,0.0 126.464976414495,7.97665040508442,0.0 126.454972852442,7.94526343362546,0.0 126.45417873389,7.94298485378444,0.0 126.453263326634,7.94075195200858,0.0 126.452229260481,7.93857113981629,0.0 126.45107950576,7.93644867915376,0.0 126.449817364785,7.93439066443048,0.0 126.44844646238,7.93240300503518,0.0 126.446970735461,7.93049140838227,0.0 126.445394421743,7.92866136353716,0.0 126.443722047577,7.9269181254673,0.0 126.441958414961,7.92526669996404,0.0 126.440108587768,7.92371182927836,0.0 126.438177877219,7.92225797851164,0.0 126.436171826649,7.92090932280042,0.0 126.43409619561,7.91966973533181,0.0 126.431956943357,7.91854277622391,0.0 126.429760211758,7.91753168230324,0.0 126.427512307679,7.9166393578082,0.0 126.425219684906,7.91586836604573,0.0 126.422888925635,7.91522092202471,0.0 126.420526721599,7.91469888608751,0.0 126.411174599873,7.91289263016846,0.0 126.409129649946,7.91058272331861,0.0 126.407198232482,7.90591651465323,0.0 126.409007787988,7.90463777850224,0.0 126.410874815738,7.90316505359439,0.0 126.412661369336,7.90159624892683,0.0 126.414362482047,7.89993572816339,0.0 126.415973424962,7.89818810985982,0.0 126.417489720137,7.8963582546084,0.0 126.418907153021,7.89445125151143,0.0 126.420221784158,7.89247240402104,0.0 126.421429960117,7.89042721518504,0.0 126.422528323629,7.88832137233981,0.0 126.423513822892,7.88616073129279,0.0 126.424383720035,7.88395130003873,0.0 126.4251355987,7.88169922205482,0.0 126.425767370731,7.87941075922135,0.0 126.426277281954,7.87709227441501,0.0 126.426663917026,7.87475021382356,0.0 126.426926203339,7.87239108903064,0.0 126.426997660871,7.87115699963426,0.0 126.430102430923,7.87082513057172,0.0 126.432394847341,7.87052067018498,0.0 126.43466860476,7.87009952975762,0.0 126.436917733799,7.86956281627786,0.0 126.439136329929,7.86891194011918,0.0 126.441318568983,7.86814861132118,0.0 126.443458722453,7.86727483508361,0.0 126.445551172533,7.86629290648565,0.0 126.447590426871,7.86520540444459,0.0 126.449571132986,7.86401518492969,0.0 126.4717796632,7.84988348534159,0.0 126.473682681829,7.84860344354925,0.0 126.47551796171,7.84722857770589,0.0 126.477280756599,7.84576244521295,0.0 126.478966507958,7.8442088394257,0.0 126.480570856738,7.84257177982935,0.0 126.482089654637,7.84085550163154,0.0 126.483518974822,7.83906444479821,0.0 126.484855122063,7.83720324256143,0.0 126.486094642276,7.8352767094288,0.0 126.487234331438,7.83328982872571,0.0 126.505534793745,7.79941409834341,0.0 126.516624491365,7.78639238677188,0.0 126.532489812419,7.7859678295017,0.0 126.534728834949,7.78585229597207,0.0 126.536959329457,7.78562597776742,0.0 126.539175788078,7.78528943499419,0.0 126.541372737762,7.7848434999221,0.0 126.543544753802,7.78428927491516,0.0 126.54568647323,7.78362812969543,0.0 126.547792608071,7.78286169794654,0.0 126.577906681772,7.77104844232379,0.0 126.580080856486,7.77012923505846,0.0 126.582203817101,7.76909782820827,0.0 126.584269748054,7.76795704883129,0.0 126.586272990276,7.76671002352653,0.0 126.588208056684,7.76536016985099,0.0 126.590069647214,7.76391118694054,0.0 126.59185266333,7.76236704536049,0.0 126.59355222198,7.76073197621403,0.0 126.595163668956,7.75901045953833,0.0 126.596682591635,7.75720721202037,0.0 126.605554194889,7.7460969201668,0.0 126.606989593156,7.74419843236196,0.0 126.608322434026,7.7422269705249,0.0 126.609548997966,7.74018804006604,0.0 126.610665862343,7.73808733459793,0.0 126.61166991095,7.73593072003426,0.0 126.612558342686,7.73372421821005,0.0 126.613328679344,7.73147399006852,0.0 126.613978772504,7.72918631846187,0.0 126.614506809501,7.72686759061368,0.0 126.614911318458,7.72452428029198,0.0 126.615191172369,7.72216292974267,0.0 126.615345592216,7.71979013143349,0.0 126.615374149114,7.71741250965957,0.0 126.615276765489,7.71503670206159,0.0 126.615053715266,7.71266934110807,0.0 126.614705623083,7.7103170355933,0.0 126.614233462527,7.70798635220237,0.0 126.613638553398,7.70568379719451,0.0 126.612922558007,7.70341579825571,0.0 126.612087476525,7.70118868657108,0.0 126.611135641385,7.69900867916671,0.0 126.610069710763,7.69688186157015,0.0 126.608892661154,7.69481417083772,0.0 126.607607779061,7.69281137899575,0.0 126.606218651817,7.69087907694181,0.0 126.604729157575,7.68902265885067,0.0 126.60314345449,7.68724730712837,0.0 126.597331361842,7.68107613953542,0.0 126.602009583338,7.66705408648406,0.0 126.602675077169,7.6648771643503,0.0 126.603229391562,7.66266946186913,0.0 126.603671110811,7.66043662573894,0.0 126.603999107196,7.65818436680996,0.0 126.604212543837,7.65591844548477,0.0 126.604310876822,7.65364465699326,0.0 126.604293856567,7.65136881657993,0.0 126.604161528442,7.64909674464099,0.0 126.603914232633,7.64683425184929,0.0 126.603552603256,7.64458712430509,0.0 126.603077566718,7.64236110875019,0.0 126.603058691303,7.6422904197768,0.0 126.603954576268,7.64090376730254,0.0 126.605149789344,7.63881693969012,0.0 126.606231610126,7.63666942484477,0.0 126.607196954835,7.63446734937505,0.0 126.608043072058,7.63221699534333,0.0 126.60876755057,7.62992478234685,0.0 126.609368326181,7.62759724920859,0.0 126.609843687594,7.6252410353303,0.0 126.610192281257,7.62286286176081,0.0 126.610413115194,7.62046951203323,0.0 126.610505561807,7.61806781282604,0.0 126.610469359638,7.61566461450261,0.0 126.61030461409,7.61326677158483,0.0 126.610011797101,7.61088112321616,0.0 126.608719514811,7.60226559394759,0.0 126.610106864176,7.60037986109518,0.0 126.611417603585,7.59838458033805,0.0 126.61262051016,7.59632279484622,0.0 126.613712205054,7.59420030021952,0.0 126.614689622125,7.5920230625066,0.0 126.615550016524,7.58979720143557,0.0 126.641632458982,7.51659957193238,0.0 126.642367290467,7.51435201201033,0.0 126.642982818869,7.51206904022115,0.0 126.643477347433,7.50975695831192,0.0 126.643849513403,7.5074221482267,0.0 126.644098291753,7.50507105449883,0.0 126.644222997994,7.50271016647208,0.0 126.644223290032,7.50034600039983,0.0 126.644099169095,7.49798508147128,0.0 126.639944004336,7.44535949879403,0.0 126.63970111898,7.4430465785444,0.0 126.639338846065,7.44074927040215,0.0 126.638858154706,7.43847370945276,0.0 126.638260330134,7.43622597265049,0.0 126.637546970253,7.43401206260333,0.0 126.636719981363,7.43183789155684,0.0 126.635781573056,7.42970926561923,0.0 126.634734252311,7.42763186926992,0.0 126.633580816795,7.42561125019252,0.0 126.632324347391,7.42365280447264,0.0 126.630968199967,7.42176176219998,0.0 126.629515996424,7.41994317351278,0.0 126.62797161502,7.41820189512196,0.0 126.62633918003,7.41654257735065,0.0 126.624623050735,7.41496965172364,0.0 126.622827809796,7.41348731913977,0.0 126.620958251027,7.41209953865882,0.0 126.619019366612,7.41081001693257,0.0 126.617016333784,7.4096221983085,0.0 126.614954501024,7.40853925563216,0.0 126.612839373794,7.40756408177304,0.0 126.610676599853,7.40669928189644,0.0 126.608471954195,7.40594716650191,0.0 126.606231323652,7.40530974524715,0.0 126.603960691188,7.40478872157356,0.0 126.601666119949,7.40438548814818,0.0 126.601598789461,7.40437720838183,0.0 126.601676268217,7.40369377353168,0.0 126.601818926989,7.40128870375737,0.0 126.601832440182,7.39887945955646,0.0 126.60113767695,7.36608204942928,0.0 126.602703407216,7.36449453090598,0.0 126.604337314884,7.36274739686313,0.0 126.605875979926,7.36091611817501,0.0 126.607315062921,7.35900586248691,0.0 126.608650505594,7.35702202009088,0.0 126.609878542243,7.35497018871077,0.0 126.610995710334,7.35285615770441,0.0 126.611998860251,7.35068589172708,0.0 126.612885164147,7.34846551390283,0.0 126.6136521239,7.34620128855083,0.0 126.614297578131,7.34389960351555,0.0 126.614819708269,7.34156695215065,0.0 126.61521704366,7.33920991500717,0.0 126.615488465681,7.33683514127779,0.0 126.615496468163,7.33670323415694,0.0 126.617469739325,7.33574290379152,0.0 126.619559660338,7.33458506236694,0.0 126.621585147904,7.33331823471497,0.0 126.623540506257,7.33194598511023,0.0 126.625420237123,7.33047217419562,0.0 126.627219055167,7.32890094810832,0.0 126.628931902851,7.32723672680427,0.0 126.63055396464,7.32548419161425,0.0 126.632080680527,7.32364827206666,0.0 126.633507758842,7.32173413201405,0.0 126.634831188294,7.31974715510295,0.0 126.636047249233,7.31769292962736,0.0 126.637152524082,7.31557723280917,0.0 126.638143906926,7.31340601454924,0.0 126.639018612216,7.31118538069526,0.0 126.639774182573,7.30892157587321,0.0 126.640408495674,7.30662096593068,0.0 126.640919770189,7.30429002004149,0.0 126.64509036402,7.2825311901724,0.0 126.645473004173,7.28020707304517,0.0 126.645733330507,7.27786614924865,0.0 126.645870631952,7.27551483172044,0.0 126.64588453441,7.2731595617514,0.0 126.645775001751,7.27080679135153,0.0 126.645542335898,7.26846296558768,0.0 126.645187175974,7.26613450494128,0.0 126.644710496535,7.26382778773435,0.0 126.644113604887,7.26154913267156,0.0 126.643398137487,7.25930478154615,0.0 126.642566055452,7.25710088215676,0.0 126.641619639175,7.25494347148181,0.0 126.640561482074,7.25283845915729,0.0 126.639394483483,7.25079161130308,0.0 126.638121840706,7.24880853474182,0.0 126.621087890098,7.2237322357328,0.0 126.603071968881,7.18502487121791,0.0 126.60203581875,7.18294098588833,0.0 126.600893220414,7.18091336395047,0.0 126.599647228253,7.17894742456376,0.0 126.598301172823,7.17704842206995,0.0 126.59685865196,7.17522143196132,0.0 126.595323521164,7.173471337326,0.0 126.59369988331,7.1718028158064,0.0 126.591992077683,7.17022032710548,0.0 126.590204668401,7.16872810107416,0.0 126.588342432221,7.16733012641161,0.0 126.586410345797,7.16603014000854,0.0 126.584413572388,7.1648316169619,0.0 126.582357448077,7.16373776128766,0.0 126.580247467532,7.16275149735641,0.0 126.578089269338,7.16187546207476,0.0 126.575888620945,7.16111199783339,0.0 126.573651403276,7.16046314624062,0.0 126.571383595031,7.15993064265831,0.0 126.570409286519,7.15975437193208,0.0 126.561399735225,7.1161228686708,0.0 126.560856167563,7.11380219601616,0.0 126.560190378909,7.11151351734544,0.0 126.559404237519,7.10926325015375,0.0 126.558499948957,7.10705770420937,0.0 126.557480049911,7.1049030638763,0.0 126.55634740107,7.10280537078817,0.0 126.555105179101,7.10077050692185,0.0 126.553756867741,7.09880417811815,0.0 126.552306248031,7.09691189809546,0.0 126.550757387719,7.09509897300109,0.0 126.549114629864,7.09337048654341,0.0 126.547382580665,7.09173128574633,0.0 126.54556609656,7.09018596736596,0.0 126.543670270619,7.08873886500735,0.0 126.541700418286,7.08739403697744,0.0 126.539662062487,7.08615525490813,0.0 126.537560918164,7.08502599318132,0.0 126.535402876274,7.0840094191856,0.0 126.533193987288,7.08310838443182,0.0 126.530940444251,7.08232541655258,0.0 126.528648565438,7.08166271220798,0.0 126.516179940196,7.07841196337784,0.0 126.514132704658,7.07553757599053,0.0 126.514334855932,7.07399581462919,0.0 126.51451685187,7.07170330252451,0.0 126.514581393798,7.0694044968067,0.0 126.51452831503,7.0671053983517,0.0 126.514357755849,7.06481200871023,0.0 126.514070163123,7.06253031445245,0.0 126.513666289123,7.06026627155246,0.0 126.513147189541,7.05802578985333,0.0 126.512514220727,7.05581471765306,0.0 126.511769036132,7.05363882645138,0.0 126.510913581987,7.05150379589732,0.0 126.509950092215,7.04941519897639,0.0 126.508881082592,7.04737848747603,0.0 126.50770934418,7.0453989777671,0.0 126.506437936044,7.04348183693831,0.0 126.50507017726,7.04163206931963,0.0 126.503609638263,7.03985450342977,0.0 126.502060131531,7.03815377938167,0.0 126.500425701638,7.03653433677862,0.0 126.492918181618,7.02946618807738,0.0 126.492743296055,7.02831435869696,0.0 126.498039649247,7.01961760472058,0.0 126.499213550295,7.01757110234067,0.0 126.500278520488,7.01546596986341,0.0 126.501231637027,7.01330798922294,0.0 126.502070284393,7.0111030873277,0.0 126.502792161501,7.00885731978464,0.0 126.503395287996,7.00657685427184,0.0 126.503878009663,7.00426795360528,0.0 126.50423900295,7.00193695854608,0.0 126.504477278571,6.99959027039542,0.0 126.504592184203,6.99723433342477,0.0 126.504583406254,6.99487561718957,0.0 126.504450970701,6.99252059877478,0.0 126.504195242998,6.99017574502088,0.0 126.503816927054,6.98784749477901,0.0 126.503317063285,6.98554224124369,0.0 126.502697025738,6.98326631441158,0.0 126.501958518307,6.98102596371413,0.0 126.501103570046,6.9788273408717,0.0 126.500134529586,6.97667648301599,0.0 126.499054058679,6.97457929612688,0.0 126.49786512489,6.97254153882912,0.0 126.496570993445,6.97056880659298,0.0 126.495175218265,6.96866651638216,0.0 126.493681632215,6.96683989179102,0.0 126.492094336583,6.96509394871157,0.0 126.490417689829,6.96343348156968,0.0 126.488656295627,6.96186305016796,0.0 126.486814990236,6.96038696717147,0.0 126.484898829235,6.95900928627045,0.0 126.482913073661,6.95773379105254,0.0 126.480863175574,6.95656398461492,0.0 126.478754763111,6.95550307994499,0.0 126.476593625049,6.95455399109582,0.0 126.474385694931,6.95371932518074,0.0 126.472137034792,6.95300137520904,0.0 126.469853818539,6.95240211378245,0.0 126.467542315014,6.95192318766988,0.0 126.465208870807,6.95156591327525,0.0 126.462859892843,6.9513312730112,0.0 126.460501830814,6.95121991258842,0.0 126.458141159482,6.95123213922853,0.0 126.455784360921,6.95136792080538,0.0 126.453437906732,6.95162688591727,0.0 126.428989607326,6.95497453494587,0.0 126.42763947679,6.9540744935115,0.0 126.425648506678,6.95289033155739,0.0 126.423599241806,6.95181001221017,0.0 126.421497101402,6.95083639351325,0.0 126.419347644513,6.94997205139781,0.0 126.417156555332,6.94921927286575,0.0 126.414929628174,6.94858004993522,0.0 126.412672752179,6.94805607436498,0.0 126.410391895747,6.94764873317135,0.0 126.408093090779,6.94735910494999,0.0 126.405782416739,6.94718795701208,0.0 126.403465984589,6.94713574334276,0.0 126.365849088824,6.94725316907235,0.0 126.363319721864,6.94733197829279,0.0 126.360798761482,6.94755256779208,0.0 126.358294160053,6.94791424346805,0.0 126.355813818589,6.94841586613012,0.0 126.353884285688,6.94892025853743,0.0 126.346465246893,6.92215508400401,0.0 126.345861301719,6.92017592428583,0.0 126.350000714184,6.91707239090158,0.0 126.35201376474,6.91547130082221,0.0 126.353932051082,6.91375798163026,0.0 126.35574931786,6.9119380230815,0.0 126.357459639507,6.91001736255689,0.0 126.381969771482,6.88085597961217,0.0 126.383488368372,6.8789463819763,0.0 126.384901228221,6.87695738554564,0.0 126.38620420483,6.87489483074413,0.0 126.387393474772,6.87276477377355,0.0 126.388465548594,6.87057346882885,0.0 126.38941728103,6.86832734973455,0.0 126.390245880208,6.86603301105612,0.0 126.390948915818,6.86369718874183,0.0 126.391524326215,6.86132674035179,0.0 126.391970424446,6.85892862493218,0.0 126.392285903168,6.85650988259368,0.0 126.39246983846,6.85407761385384,0.0 126.394883100888,6.80426122981455,0.0 126.394935613674,6.80192592627805,0.0 126.394866870176,6.79959104363761,0.0 126.394677057187,6.7972628676184,0.0 126.394366687338,6.79494766581242,0.0 126.393936597707,6.79265167081806,0.0 126.393387947543,6.79038106347456,0.0 126.39272221514,6.78814195623628,0.0 126.391941193842,6.78594037673134,0.0 126.391046987208,6.78378225154865,0.0 126.390042003341,6.78167339029696,0.0 126.388928948402,6.77961946997852,0.0 126.387710819325,6.77762601971926,0.0 126.386390895745,6.77569840589646,0.0 126.384972731177,6.77384181770377,0.0 126.383460143449,6.77206125319238,0.0 126.381857204438,6.77036150582548,0.0 126.38016822911,6.76874715158253,0.0 126.378397763922,6.76722253664749,0.0 126.376550574591,6.76579176571438,0.0 126.37463163328,6.76445869094143,0.0 126.37264610523,6.76322690158347,0.0 126.370599334872,6.76209971433054,0.0 126.368496831454,6.76108016437857,0.0 126.366344254237,6.76017099725624,0.0 126.364147397268,6.75937466143002,0.0 126.361912173815,6.75869330170738,0.0 126.345358397794,6.75411253486453,0.0 126.343122055957,6.75355481400488,0.0 126.340860094722,6.75311219109457,0.0 126.338578437181,6.75278582648271,0.0 126.336283058094,6.7525765761067,0.0 126.333979968253,6.75248498923928,0.0 126.331675198763,6.75251130703766,0.0 126.329374785254,6.75265546189873,0.0 126.327084752099,6.75291707762218,0.0 126.324811096636,6.75329547038121,0.0 126.322559773483,6.75378965049845,0.0 126.320336678947,6.75439832502265,0.0 126.30579145776,6.75878347512908,0.0 126.30593113399,6.7570798249497,0.0 126.306001191743,6.75475544325193,0.0 126.305951105859,6.75243054572769,0.0 126.305781011635,6.75011133354229,0.0 126.305491364379,6.74780399261844,0.0 126.30508293818,6.74551467714856,0.0 126.304556823827,6.74324949319247,0.0 126.30391442589,6.741014482404,0.0 126.303157458958,6.73881560592945,0.0 126.30228794306,6.73665872852121,0.0 126.293535839105,6.71646694695517,0.0 126.294037457345,6.71478795636506,0.0 126.294603108189,6.71244336471675,0.0 126.295042366252,6.71007185724048,0.0 126.295353973341,6.70768023832749,0.0 126.29553703749,6.70527536993565,0.0 126.295591035489,6.7028641519119,0.0 126.295515814368,6.70045350220748,0.0 126.295311591808,6.69805033704253,0.0 126.294978955498,6.69566155107685,0.0 126.294518861427,6.69329399764345,0.0 126.29393263113,6.6909544691014,0.0 126.293221947875,6.6886496773641,0.0 126.292388851825,6.68638623465881,0.0 126.291435734177,6.68417063457203,0.0 126.29036533029,6.6820092334353,0.0 126.289180711838,6.67990823210435,0.0 126.27160766625,6.65060091380161,0.0 126.267631885779,6.6369825620663,0.0 126.268696915724,6.63456907638938,0.0 126.269559782268,6.63247229695179,0.0 126.270315987994,6.63033474535779,0.0 126.270963617209,6.62816184187274,0.0 126.271501029553,6.6259590962753,0.0 126.271926864146,6.62373209389114,0.0 126.272240043013,6.62148648143646,0.0 126.272439773802,6.61922795270698,0.0 126.272525551775,6.61696223414885,0.0 126.272497161064,6.6146950703477,0.0 126.272354675211,6.61243220947273,0.0 126.272098456957,6.61017938871253,0.0 126.26976966125,6.59346138457286,0.0 126.275646560091,6.55992502985668,0.0 126.275986278405,6.55764470223979,0.0 126.276208836662,6.5553499748019,0.0 126.276313653164,6.55304686330261,0.0 126.276300454828,6.5507414053837,0.0 126.276169277884,6.54843964475116,0.0 126.275920467761,6.54614761534221,0.0 126.275554678169,6.54387132551873,0.0 126.26989178728,6.51359418238711,0.0 126.269391392664,6.51126192294487,0.0 126.268768215767,6.50895943662119,0.0 126.268024006527,6.50669318427475,0.0 126.267160854363,6.50446952506957,0.0 126.266181182296,6.50229469864531,0.0 126.26508774015,6.50017480762281,0.0 126.263883596832,6.49811580049364,0.0 126.262572131717,6.49612345494158,0.0 126.26115702517,6.49420336164256,0.0 126.261026792375,6.49404495807474,0.0 126.262263207348,6.47028380498888,0.0 126.269526341475,6.45307318088963,0.0 126.270370545416,6.45092002495195,0.0 126.271103099492,6.44872635092395,0.0 126.271722072822,6.44649794664006,0.0 126.27222583421,6.44424069143193,0.0 126.272613056425,6.44196054062248,0.0 126.272882719683,6.43966350982069,0.0 126.273034114317,6.43735565905883,0.0 126.273066842628,6.4350430768137,0.0 126.272980819917,6.43273186395381,0.0 126.27277627469,6.43042811765507,0.0 126.272453748042,6.42813791532682,0.0 126.272014092208,6.42586729859088,0.0 126.271458468312,6.42362225735546,0.0 126.270788343282,6.42140871402585,0.0 126.270005485977,6.41923250789346,0.0 126.269111962515,6.41709937974413,0.0 126.268110130808,6.41501495672618,0.0 126.26700263435,6.41298473751798,0.0 126.265792395233,6.41101407783398,0.0 126.264482606445,6.40910817630728,0.0 126.263076723443,6.40727206078587,0.0 126.261578455052,6.40551057507855,0.0 126.259991753678,6.40382836618532,0.0 126.258320804897,6.40222987204588,0.0 126.256570016419,6.40071930983837,0.0 126.254744006475,6.39930066485929,0.0 126.249516665789,6.39545055737608,0.0 126.244912062619,6.38487200298396,0.0 126.244351520154,6.3494861704085,0.0 126.248048889007,6.34231508472176,0.0 126.249056661277,6.34023062537669,0.0 126.249955992839,6.33809709262216,0.0 126.25074450737,6.33592012848655,0.0 126.25142012163,6.33370548970509,0.0 126.251981050945,6.33145903250093,0.0 126.252425813908,6.32918669710456,0.0 126.252753236273,6.32689449205271,0.0 126.252962454041,6.32458847830787,0.0 126.253052915723,6.32227475324052,0.0 126.253024383782,6.31995943451627,0.0 126.252876935241,6.31764864393035,0.0 126.252610961461,6.31534849123209,0.0 126.247611394881,6.28007106304118,0.0 126.24721935704,6.27774443181068,0.0 126.246706067167,6.27544154013205,0.0 126.246072935668,6.27316871005891,0.0 126.245321701814,6.27093218108927,0.0 126.244454428965,6.26873809304998,0.0 126.243473498893,6.26659246925473,0.0 126.242381605242,6.26450119998161,0.0 126.241181746128,6.26247002631556,0.0 126.239877215913,6.26050452439967,0.0 126.23847159616,6.25861009013861,0.0 126.236968745806,6.25679192439589,0.0 126.235372790576,6.25505501872548,0.0 126.233688111665,6.2534041416768,0.0 126.231919333721,6.25184382571071,0.0 126.230071312164,6.25037835476205,0.0 126.228149119866,6.24901175248305,0.0 126.226158033245,6.24774777119967,0.0 126.224103517792,6.24658988161118,0.0 126.221991213091,6.24554126326124,0.0 126.219826917347,6.24460479580669,0.0 126.217616571496,6.24378305110783,0.0 126.215366242908,6.24307828616227,0.0 126.213082108754,6.24249243690146,0.0 126.210770439067,6.2420271128672,0.0 126.208437579544,6.24168359278283,0.0 126.20608993415,6.24146282103126,0.0 126.203733947548,6.24136540504974,0.0 126.201376087427,6.24139161364857,0.0 126.19902282676,6.24154137625856,0.0 126.196680626047,6.24181428310948,0.0 126.194355915591,6.24220958633912,0.0 126.192055077854,6.24272620203019,0.0 126.189784429942,6.24336271316946,0.0 126.187550206274,6.24411737352147,0.0 126.185358541462,6.24498811240614,0.0 126.183215453477,6.24597254036743,0.0 126.181126827124,6.24706795571767,0.0 126.179098397883,6.24827135193978,0.0 126.177135736159,6.24957942592728,0.0 126.17524423198,6.25098858703942,0.0 126.158298389042,6.26431732952387,0.0 126.156446674638,6.26585566033783,0.0 126.154679780493,6.26749084902871,0.0 126.153002761067,6.26921822009798,0.0 126.151420413979,6.27103283426145,0.0 126.149937266271,6.27292950256578,0.0 126.148557561441,6.27490280122076,0.0 126.147285247286,6.27694708710519,0.0 126.146123964592,6.27905651390195,0.0 126.145077036694,6.28122504881629,0.0 126.144147459953,6.28344648982933,0.0 126.143337895152,6.28571448343773,0.0 126.142650659872,6.28802254282844,0.0 126.142087721826,6.29036406643675,0.0 126.141650693216,6.29273235683441,0.0 126.141340826091,6.29512063989368,0.0 126.14115900874,6.29752208417243,0.0 126.141105763133,6.29992982046468,0.0 126.141181243402,6.30233696146063,0.0 126.141385235379,6.3047366214596,0.0 126.14171715719,6.30712193607954,0.0 126.142176060902,6.3094860819064,0.0 126.143412557731,6.31505572375749,0.0 126.135261630248,6.32940862604736,0.0 126.12861134469,6.33180938740304,0.0 126.126409283136,6.33267035922935,0.0 126.12425542889,6.3336458235397,0.0 126.122155724056,6.33473309069082,0.0 126.120115961573,6.33592916253166,0.0 126.118141769238,6.33723074065876,0.0 126.116238594168,6.33863423550088,0.0 126.114411687772,6.34013577620779,0.0 126.112666091251,6.34173122131634,0.0 126.111006621679,6.34341617016428,0.0 126.109437858702,6.34518597502069,0.0 126.107964131888,6.34703575389946,0.0 126.106589508762,6.34896040402081,0.0 126.105317783571,6.35095461588348,0.0 126.104152466792,6.35301288790911,0.0 126.103096775426,6.35512954161831,0.0 126.102153624102,6.35729873729658,0.0 126.101325617013,6.35951449010688,0.0 126.100615040707,6.36177068660441,0.0 126.100023857752,6.36406110160795,0.0 126.099553701303,6.36637941538117,0.0 126.09920587057,6.36871923107648,0.0 126.098981327208,6.37107409239316,0.0 126.098880692647,6.37343750140097,0.0 126.098904246352,6.37580293647987,0.0 126.099051925032,6.37816387032637,0.0 126.0993233228,6.38051378797656,0.0 126.102746101796,6.40458180932762,0.0 126.083383901211,6.42666433409403,0.0 126.081727173906,6.42866757595196,0.0 126.080188752623,6.43076311469116,0.0 126.07877376644,6.43294396762165,0.0 126.062306213228,6.46000374102136,0.0 126.061174020673,6.46197444569831,0.0 126.06014266098,6.46399977850572,0.0 126.05921476266,6.46607458130129,0.0 126.058392690776,6.46819356981224,0.0 126.041251347783,6.51591485109348,0.0 126.040487947275,6.518236263774,0.0 126.03985155879,6.5205956737294,0.0 126.039344058132,6.52298613458977,0.0 126.038966941638,6.52540060841309,0.0 126.038721321753,6.5278319864147,0.0 126.038607923722,6.53027310990687,0.0 126.038627083435,6.53271679138707,0.0 126.038778746407,6.53515583571249,0.0 126.039062467922,6.53758306129833,0.0 126.045170555742,6.57984392081213,0.0 126.026312439014,6.63447793096983,0.0 126.025618618111,6.63666755298227,0.0 126.025037335002,6.63888969783759,0.0 126.024570103344,6.64113858616583,0.0 126.024218140166,6.64340836892137,0.0 126.023982362684,6.64569314260161,0.0 126.023863385894,6.64798696460854,0.0 126.023861520955,6.65028386871316,0.0 126.023976774363,6.65257788058232,0.0 126.024208847911,6.65486303332765,0.0 126.024557139457,6.65713338303588,0.0 126.025020744468,6.65938302424004,0.0 126.025598458367,6.66160610529129,0.0 126.031983302329,6.68382821513484,0.0 126.032694075025,6.68607794095867,0.0 126.033521711939,6.68828736267428,0.0 126.034463942704,6.69045041655448,0.0 126.035518182306,6.6925611661245,0.0 126.036681538169,6.69461381846734,0.0 126.037950818095,6.6966027401347,0.0 126.038051932118,6.69674425093377,0.0 126.038029886809,6.69710968762646,0.0 126.038014177008,6.69953022938634,0.0 126.038128567539,6.7019481186127,0.0 126.038372729808,6.70435637031452,0.0 126.038745960224,6.70674802725726,0.0 126.039247182215,6.70911618007556,0.0 126.039874949317,6.71145398724816,0.0 126.040627449344,6.71375469487753,0.0 126.045493958116,6.7273815609828,0.0 126.041521888149,6.73180507337228,0.0 126.040018843563,6.73356810593868,0.0 126.038608449739,6.73540606545365,0.0 126.037294439069,6.7373140906834,0.0 126.036080289123,6.73928713490861,0.0 126.034969213429,6.74131997927041,0.0 126.033964152954,6.74340724657326,0.0 126.033067768306,6.74554341550825,0.0 126.03228243267,6.74772283525923,0.0 126.031610225512,6.74993974045321,0.0 126.031052927056,6.75218826641517,0.0 126.030612013552,6.75446246468726,0.0 126.03028865335,6.756756318771,0.0 126.030083703785,6.75906376005085,0.0 126.029997708892,6.76137868385694,0.0 126.030030897944,6.76369496562442,0.0 126.030183184829,6.76600647710644,0.0 126.030454168255,6.76830710259788,0.0 126.030843132804,6.77059075512665,0.0 126.031349050801,6.77285139256975,0.0 126.039401085664,6.80492879916569,0.0 126.034373549876,6.82569875053142,0.0 126.012045611814,6.83132501915638,0.0 126.009789680454,6.83195618538058,0.0 126.007569599544,6.83270366639664,0.0 126.00539136779,6.83356544384358,0.0 126.003260871033,6.8345391904785,0.0 126.001183866345,6.835622276449,0.0 125.999165966472,6.83681177638367,0.0 125.997212624671,6.83810447728171,0.0 125.995329119967,6.83949688718052,0.0 125.993520542884,6.84098524457802,0.0 125.969348807295,6.861953354553,0.0 125.967629928435,6.86352398650028,0.0 125.96599451323,6.86518126530498,0.0 125.964446929888,6.86692076651347,0.0 125.96299131226,6.86873784598434,0.0 125.961631548785,6.87062765228177,0.0 125.939403274394,6.90326680776921,0.0 125.938202234545,6.9051269881846,0.0 125.937094088413,6.90704389308393,0.0 125.936081514,6.90901289302427,0.0 125.93516695856,6.91102923261814,0.0 125.934352632671,6.91308804201853,0.0 125.933640504879,6.91518434868155,0.0 125.933032296927,6.91731308937823,0.0 125.932529479578,6.9194691224267,0.0 125.927804208747,6.94225012899524,0.0 125.927401158161,6.9444722877542,0.0 125.927110068372,6.94671184046228,0.0 125.926931672836,6.94896315762309,0.0 125.9268664217,6.95122058007051,0.0 125.926914480653,6.95347843320172,0.0 125.927075730495,6.95573104124981,0.0 125.927349767415,6.9579727415602,0.0 125.927735903999,6.96019789883486,0.0 125.928233170937,6.96240091930829,0.0 125.928840319453,6.9645762648196,0.0 125.929555824429,6.96671846674513,0.0 125.939839952083,6.99511354955207,0.0 125.938614357588,7.00584070322233,0.0 125.918660107036,7.02168519968192,0.0 125.916875979285,7.02317847335341,0.0 125.915171341297,7.02476173848666,0.0 125.913550736138,7.02643077749304,0.0 125.912018483158,7.02818114411587,0.0 125.910578666471,7.03000817526836,0.0 125.909235124056,7.03190700345083,0.0 125.907991437512,7.03387256971398,0.0 125.9068509225,7.03589963713387,0.0 125.905816619884,7.03798280476271,0.0 125.904891287612,7.04011652201835,0.0 125.904077393342,7.04229510347406,0.0 125.903377107848,7.04451274400929,0.0 125.902792299209,7.04676353428098,0.0 125.902741994407,7.04700850665293,0.0 125.902732151135,7.04701055771674,0.0 125.900387094205,7.04756491004909,0.0 125.898075015205,7.0482436195417,0.0 125.895802516312,7.04904474954372,0.0 125.893576086915,7.04996601377952,0.0 125.891402085078,7.05100478285904,0.0 125.889286719397,7.05215809176816,0.0 125.887236031263,7.05342264831818,0.0 125.885255877613,7.05479484253027,0.0 125.883351914196,7.05627075692836,0.0 125.881529579416,7.05784617771135,0.0 125.879794078787,7.0595166067727,0.0 125.878150370062,7.06127727453347,0.0 125.87660314905,7.06312315355218,0.0 125.848736737758,7.09823172463207,0.0 125.847303144899,7.10013944247756,0.0 125.845972633795,7.10212028526747,0.0 125.84474893629,7.10416870041928,0.0 125.84363548492,7.1062789457523,0.0 125.842635403268,7.10844510558247,0.0 125.842302227448,7.10928039616662,0.0 125.842127922308,7.10777337216759,0.0 125.841739882145,7.10547163315341,0.0 125.841233034255,7.10319305437253,0.0 125.840608740219,7.10094375029975,0.0 125.839868676657,7.09872975681077,0.0 125.839014830711,7.09655701499772,0.0 125.83804949471,7.09443135523907,0.0 125.836975260008,7.09235848156665,0.0 125.826799999112,7.07390920824798,0.0 125.822074005671,7.03149798334348,0.0 125.829209425651,7.00865656264176,0.0 125.829932344718,7.00607469365069,0.0 125.830500282905,7.00345443840929,0.0 125.830911232456,7.00080507396379,0.0 125.838007957835,6.94392805625298,0.0 125.838242351917,6.94152874303782,0.0 125.838347987091,6.93912033720913,0.0 125.838324563013,6.93670973288986,0.0 125.8381721487,6.93430383038774,0.0 125.837891182316,6.93190951645545,0.0 125.837482469891,6.92953364459048,0.0 125.836947182998,6.92718301543121,0.0 125.836286855382,6.9248643573049,0.0 125.835503378557,6.92258430698318,0.0 125.834598996376,6.9203493906999,0.0 125.833576298603,6.91816600548542,0.0 125.832438213491,6.91604040087062,0.0 125.808260995811,6.87364360693657,0.0 125.807049906984,6.8716421008464,0.0 125.805736531727,6.86970609486438,0.0 125.804324409149,6.86784080533252,0.0 125.802817344272,6.86605125810201,0.0 125.80121939778,6.86434227500097,0.0 125.79953487509,6.86271846085105,0.0 125.797768314756,6.86118419106738,0.0 125.795924476257,6.85974359987562,0.0 125.794008327181,6.85840056917732,0.0 125.792025029858,6.85715871809392,0.0 125.789979927466,6.85602139321726,0.0 125.787878529651,6.85499165959284,0.0 125.785726497698,6.85407229246035,0.0 125.783529629299,6.85326576977336,0.0 125.781293842948,6.85257426551867,0.0 125.779025162018,6.85199964385312,0.0 125.776729698543,6.85154345407391,0.0 125.774413636777,6.8512069264358,0.0 125.772083216546,6.85099096882687,0.0 125.769744716454,6.85089616431155,0.0 125.767404436982,6.85092276954792,0.0 125.765068683529,6.85107071408355,0.0 125.762743749439,6.85133960053186,0.0 125.760435899054,6.85172870562888,0.0 125.758151350847,6.85223698216738,0.0 125.739506172433,6.85689565826551,0.0 125.737277251516,6.85751365773244,0.0 125.735555374233,6.85808762097168,0.0 125.734056615221,6.85726932677678,0.0 125.731956745717,6.8562599227375,0.0 125.729807504056,6.85536028018551,0.0 125.727614628815,6.85457280231408,0.0 125.725383975086,6.85389959287183,0.0 125.72312149886,6.85334245053944,0.0 125.720833241144,6.85290286411958,0.0 125.718525311842,6.85258200855314,0.0 125.716203873464,6.85238074177235,0.0 125.713875124682,6.85229960239929,0.0 125.711545283795,6.85233880829623,0.0 125.709220572142,6.8524982559715,0.0 125.706907197498,6.85277752084281,0.0 125.704611337515,6.85317585835741,0.0 125.702339123231,6.85369220596629,0.0 125.700096622712,6.85432518594712,0.0 125.675935382637,6.86182337889859,0.0 125.673629643759,6.86260772140987,0.0 125.671369630675,6.86351534748506,0.0 125.669161937231,6.86454361047875,0.0 125.667013004874,6.86568951171172,0.0 125.664929103853,6.86694970920181,0.0 125.662916314929,6.8683205273971,0.0 125.660980511626,6.86979796788319,0.0 125.659127343088,6.87137772103363,0.0 125.657362217585,6.87305517856962,0.0 125.655690286723,6.87482544699244,0.0 125.654116430399,6.87668336184981,0.0 125.65264524254,6.87862350279436,0.0 125.651281017686,6.88064020939066,0.0 125.650027738435,6.8827275976247,0.0 125.648889063797,6.88487957706762,0.0 125.628048065366,6.92697963285319,0.0 125.627047260844,6.92914343732687,0.0 125.62616234425,6.93135709812521,0.0 125.625395793524,6.93361442192692,0.0 125.624749755492,6.93590909309495,0.0 125.624226039833,6.93823469135021,0.0 125.623826113988,6.94058470973971,0.0 125.623551099034,6.94295257284887,0.0 125.623401766518,6.94533165520687,0.0 125.623378536279,6.94771529983367,0.0 125.623481475248,6.95009683687635,0.0 125.623710297239,6.95246960228283,0.0 125.62406436373,6.95482695646034,0.0 125.624542685631,6.95716230286642,0.0 125.625143926035,6.95946910648021,0.0 125.625866403943,6.96174091210212,0.0 125.626708098954,6.96397136243069,0.0 125.627666656911,6.96615421586554,0.0 125.628739396477,6.96828336398686,0.0 125.629923316633,6.9703528486619,0.0 125.631215105072,6.97235687873067,0.0 125.632611147467,6.97428984622397,0.0 125.634107537586,6.97614634206808,0.0 125.635700088226,6.97792117123206,0.0 125.64936544462,6.99236218365509,0.0 125.65099543169,6.99399849496805,0.0 125.652707159907,6.99554924236261,0.0 125.654496135807,6.99701035540521,0.0 125.656357663035,6.99837799902264,0.0 125.658286854698,6.99964858357325,0.0 125.660278646194,7.0008187742726,0.0 125.662327808532,7.00188549994876,0.0 125.664428962068,7.0028459611044,0.0 125.666576590645,7.00369763726424,0.0 125.668765056092,7.00443829358879,0.0 125.670988613042,7.00506598673683,0.0 125.673241424029,7.00557906996146,0.0 125.675517574832,7.00597619742627,0.0 125.677811090021,7.00625632773032,0.0 125.680115948652,7.00641872663291,0.0 125.68025764708,7.00642144067145,0.0 125.678222280275,7.02658721893491,0.0 125.676094630831,7.02631205871536,0.0 125.673739492109,7.02613203037314,0.0 125.671378142704,7.02607541015852,0.0 125.669017056018,7.02614235452781,0.0 125.666662704861,7.02633268119154,0.0 125.664321543727,7.02664586960019,0.0 125.661999991104,7.02708106235673,0.0 125.659704411895,7.02763706755212,0.0 125.657441099977,7.02831236201762,0.0 125.65521626095,7.02910509548509,0.0 125.653035995136,7.0300130956441,0.0 125.651021845221,7.0309784840037,0.0 125.648902347961,7.0270495724557,0.0 125.647736451263,7.02501667029836,0.0 125.646466392573,7.02304704354197,0.0 125.645095604433,7.02114601463214,0.0 125.643627791426,7.01931872068186,0.0 125.642066920168,7.01757009959961,0.0 125.640417208599,7.01590487675477,0.0 125.638683114589,7.01432755221636,0.0 125.636869323904,7.01284238859944,0.0 125.634980737554,7.01145339955191,0.0 125.633022458564,7.01016433891276,0.0 125.630999778198,7.00897869057097,0.0 125.628918161679,7.00789965905252,0.0 125.626783233436,7.00693016086071,0.0 125.624600761923,7.00607281659344,0.0 125.622376644052,7.00532994385856,0.0 125.5877661219,6.99475892775111,0.0 125.585516253919,6.99413477253017,0.0 125.583237073257,6.99362776269902,0.0 125.580934684835,6.99323925747385,0.0 125.578615255801,6.99297029866851,0.0 125.576284999029,6.99282160789409,0.0 125.573950156491,6.99279358461539,0.0 125.571616982554,6.99288630506918,0.0 125.569291727239,6.99309952204772,0.0 125.566980619496,6.99343266554785,0.0 125.564689850524,6.99388484428435,0.0 125.562425557203,6.99445484806352,0.0 125.56019380566,6.99514115101078,0.0 125.558474554698,6.99576886305159,0.0 125.530573054032,6.96342686802313,0.0 125.530027372563,6.96102460669322,0.0 125.534879407397,6.92817444933271,0.0 125.535164481211,6.92581578740307,0.0 125.535324795373,6.92344539268705,0.0 125.535359906515,6.92106984982903,0.0 125.535269719013,6.91869575766802,0.0 125.535054485228,6.91632971091743,0.0 125.534714804785,6.91397828185728,0.0 125.534251622889,6.91164800208966,0.0 125.533666227685,6.90934534440794,0.0 125.532960246662,6.90707670482986,0.0 125.532135642121,6.90484838484433,0.0 125.531194705716,6.90266657392092,0.0 125.530140052075,6.90053733233065,0.0 125.528974611535,6.8984665743254,0.0 125.527701622001,6.89646005172267,0.0 125.526324619946,6.89452333794098,0.0 125.524847430592,6.89266181253011,0.0 125.52327415729,6.89088064623913,0.0 125.521609170123,6.88918478666335,0.0 125.519857093782,6.88757894451002,0.0 125.518022794727,6.88606758052085,0.0 125.497088663731,6.86972422414703,0.0 125.495488458721,6.86110157926662,0.0 125.495011727155,6.85885372835765,0.0 125.494421012291,6.85663307424174,0.0 125.493717850068,6.85444538609049,0.0 125.492904068439,6.85229634740039,0.0 125.491981782614,6.85019154123818,0.0 125.490953389561,6.84813643574721,0.0 125.489821561768,6.84613636995215,0.0 125.488589240303,6.84419653989891,0.0 125.487259627168,6.84232198516557,0.0 125.485836176985,6.84051757577934,0.0 125.484322588021,6.83878799957322,0.0 125.482722792587,6.83713775001533,0.0 125.481040946828,6.83557111454226,0.0 125.479281419933,6.83409216342666,0.0 125.477448782798,6.83270473920804,0.0 125.475547796156,6.83141244671401,0.0 125.46198560206,6.82268919775482,0.0 125.461852387225,6.82208531859699,0.0 125.461290716864,6.81981979579321,0.0 125.460612490292,6.8175863634136,0.0 125.45981952664,6.81539100778421,0.0 125.45891395244,6.81323961314785,0.0 125.457898195919,6.81113794590401,0.0 125.456774980482,6.80909163916464,0.0 125.455547317412,6.80710617766686,0.0 125.454218497797,6.80518688308295,0.0 125.452792083704,6.80333889976691,0.0 125.451271898642,6.80156718097552,0.0 125.449662017314,6.79987647560083,0.0 125.447966754704,6.79827131544949,0.0 125.432319638962,6.78420489567335,0.0 125.435505194001,6.76328708934275,0.0 125.435803840158,6.760899486216,0.0 125.435974624176,6.75849935599598,0.0 125.436017061552,6.75609353572179,0.0 125.435931033338,6.75368887853164,0.0 125.435716786453,6.75129223415177,0.0 125.435374932961,6.74891042939621,0.0 125.434906448311,6.74655024873273,0.0 125.434312668537,6.74421841497017,0.0 125.433595286438,6.74192157012208,0.0 125.432756346747,6.73966625650083,0.0 125.431798240288,6.73745889809598,0.0 125.430723697165,6.73530578228967,0.0 125.429535778975,6.73321304196097,0.0 125.420773596731,6.71869281764329,0.0 125.428246132717,6.6813460021247,0.0 125.428646137053,6.6790362678072,0.0 125.428925519987,6.67670886888653,0.0 125.42908352808,6.67437009741056,0.0 125.430226568193,6.6468217988031,0.0 125.431575713714,6.64773209761527,0.0 125.433589986155,6.6489433903522,0.0 125.435664663144,6.6500480568871,0.0 125.437794103716,6.65104309463573,0.0 125.439972517987,6.65192579913876,0.0 125.442193982904,6.65269377141191,0.0 125.444452458373,6.65334492446408,0.0 125.446741803699,6.65387748896596,0.0 125.449055794294,6.65429001805351,0.0 125.451388138625,6.65458139125355,0.0 125.453732495332,6.65475081752072,0.0 125.456082490491,6.65479783737771,0.0 125.458431734954,6.65472232415293,0.0 125.460773841737,6.65452448431263,0.0 125.463102443402,6.65420485688642,0.0 125.465411209372,6.65376431198801,0.0 125.467693863164,6.65320404843545,0.0 125.469944199451,6.65252559047734,0.0 125.472156100949,6.6517307836341,0.0 125.474323555046,6.6508217896659,0.0 125.476440670155,6.64980108068099,0.0 125.478501691728,6.64867143240058,0.0 125.480501017906,6.64743591659897,0.0 125.482433214736,6.64609789273937,0.0 125.484293030945,6.6446609988285,0.0 125.486075412202,6.64312914151491,0.0 125.487775514852,6.64150648545814,0.0 125.489388719071,6.63979744199768,0.0 125.490910641407,6.63800665715268,0.0 125.492337146687,6.63613899898523,0.0 125.517025047246,6.60200577015525,0.0 125.54037573751,6.58502662155536,0.0 125.542260157368,6.58357887333382,0.0 125.544065644567,6.58203382076857,0.0 125.545787181462,6.58039575960285,0.0 125.547419983959,6.57866924398969,0.0 125.548959514805,6.57685907382233,0.0 125.55040149618,6.57497028138308,0.0 125.550785932967,6.5744075294595,0.0 125.554073078237,6.57522125859912,0.0 125.556402574201,6.57573289554407,0.0 125.55875586915,6.5761205724661,0.0 125.561126371299,6.57638320468928,0.0 125.563507440754,6.57652005781417,0.0 125.565892408126,6.5765307497629,0.0 125.568274593233,6.57641525183638,0.0 125.570647323823,6.57617388878081,0.0 125.573003954281,6.57580733786336,0.0 125.575337884249,6.57531662695995,0.0 125.577642577128,6.57470313166052,0.0 125.579911578394,6.57396857140011,0.0 125.582138533683,6.5731150046269,0.0 125.584317206592,6.57214482302069,0.0 125.586441496148,6.57106074477849,0.0 125.588505453896,6.56986580698599,0.0 125.590503300555,6.56856335709659,0.0 125.5924294422,6.56715704354203,0.0 125.594278485921,6.56565080550104,0.0 125.596045254917,6.56404886185485,0.0 125.597724802983,6.56235569936076,0.0 125.599312428345,6.5605760600768,0.0 125.600803686815,6.55871492807304,0.0 125.602194404219,6.55677751546683,0.0 125.603480688062,6.55476924782104,0.0 125.604658938415,6.55269574894649,0.0 125.605725857968,6.5505628251509,0.0 125.606678461244,6.54837644897888,0.0 125.607514082933,6.54614274248802,0.0 125.608230385332,6.54386796010846,0.0 125.608825364865,6.54155847113334,0.0 125.609297357672,6.53922074188967,0.0 125.609645044239,6.53686131763893,0.0 125.609867453071,6.53448680425849,0.0 125.609963963389,6.53210384975463,0.0 125.609992398069,6.53007620807056,0.0 125.61168005472,6.52919365748893,0.0 125.613732597531,6.52797780798357,0.0 125.615717916797,6.52665502874098,0.0 125.617630449306,6.5252290280486,0.0 125.619464836047,6.52370380336866,0.0 125.621215937227,6.52208363012194,0.0 125.622878846657,6.5203730496936,0.0 125.624448905498,6.51857685669518,0.0 125.625921715293,6.51670008551837,0.0 125.62729315028,6.51474799621844,0.0 125.628559368938,6.51272605976704,0.0 125.629716824726,6.51063994271555,0.0 125.630762276006,6.50849549131234,0.0 125.631692795101,6.50629871511817,0.0 125.632505776475,6.50405577016587,0.0 125.633198944014,6.50177294171135,0.0 125.633770357378,6.49945662662434,0.0 125.63421841741,6.4971133154681,0.0 125.6345418706,6.49474957431826,0.0 125.634739812568,6.49237202637163,0.0 125.634811690579,6.48998733339649,0.0 125.634757305066,6.48760217707604,0.0 125.634576810173,6.48522324029738,0.0 125.634270713298,6.48285718843807,0.0 125.633839873659,6.48051065070273,0.0 125.633285499868,6.47819020156169,0.0 125.628396007105,6.45988045967569,0.0 125.62998987294,6.45902063516927,0.0 125.632018784306,6.45778376371573,0.0 125.633979674377,6.45644162529598,0.0 125.635867090435,6.45499795367669,0.0 125.637675784311,6.45345676489206,0.0 125.639400726977,6.45182234606205,0.0 125.641037122515,6.45009924345788,0.0 125.653792147415,6.43593833963205,0.0 125.655316364053,6.4341548297926,0.0 125.656745707158,6.43229438366878,0.0 125.658076303654,6.43036204508502,0.0 125.659304548281,6.42836305260542,0.0 125.66042711334,6.42630282532913,0.0 125.661440957705,6.42418694819802,0.0 125.662343335037,6.42202115685646,0.0 125.663131801211,6.41981132210426,0.0 125.663804220917,6.41756343398489,0.0 125.664358773431,6.41528358555217,0.0 125.664793957518,6.41297795635918,0.0 125.665108595489,6.41065279571439,0.0 125.665301836367,6.40831440574996,0.0 125.665373158172,6.40596912434833,0.0 125.665322369317,6.40362330797297,0.0 125.665223745642,6.40155599102043,0.0 125.675484376697,6.38786335928071,0.0 125.67687880987,6.38589480514547,0.0 125.678165924323,6.38385441648791,0.0 125.679342032658,6.38174804211989,0.0 125.680403765767,6.3795817198231,0.0 125.681348082469,6.37736165904154,0.0 125.696343085787,6.33931266083599,0.0 125.69702924459,6.33745266759043,0.0 125.697632967302,6.33556428063663,0.0 125.711327112671,6.28924366111633,0.0 125.712003345974,6.2887398412328,0.0 125.713817035728,6.28723483149086,0.0 125.715549565217,6.28563696811922,0.0 125.717196193108,6.2839506258691,0.0 125.718752413384,6.2821804215561,0.0 125.720213967667,6.28033120141378,0.0 125.721576856858,6.27840802782069,0.0 125.722837352063,6.27641616543742,0.0 125.723992004783,6.27436106679158,0.0 125.725037656336,6.27224835735025,0.0 125.744312348076,6.23059848444521,0.0 125.745252920368,6.22841696526594,0.0 125.746077281492,6.22618887075357,0.0 125.746783141746,6.22392039486711,0.0 125.747368540878,6.22161784367759,0.0 125.756572768417,6.18095961954968,0.0 125.757048463228,6.17855724867311,0.0 125.757393041322,6.17613256220419,0.0 125.757605486945,6.17369272182878,0.0 125.75768517457,6.17124493386762,0.0 125.757631870721,6.16879642800278,0.0 125.757445734643,6.16635443593653,0.0 125.757127317808,6.16392617004542,0.0 125.756677562265,6.16151880209238,0.0 125.750580949459,6.13316838613382,0.0 125.754861937334,6.12501483622304,0.0 125.755917622193,6.12286756410877,0.0 125.756857917454,6.12066722486872,0.0 125.757680172916,6.11842002479984,0.0 125.758382071362,6.11613230221981,0.0 125.758961635066,6.11381050959356,0.0 125.759417231353,6.11146119533956,0.0 125.759747577175,6.10909098536716,0.0 125.759951742709,6.10670656439695,0.0 125.760029153957,6.1043146571167,0.0 125.759979594346,6.10192200922595,0.0 125.759803205313,6.09953536842248,0.0 125.759500485894,6.09716146538413,0.0 125.759072291293,6.09480699479964,0.0 125.758519830462,6.0924785965014,0.0 125.757844662674,6.0901828367537,0.0 125.757048693114,6.08792618974848,0.0 125.756134167499,6.08571501936106,0.0 125.755103665739,6.08355556121685,0.0 125.753960094655,6.08145390511939,0.0 125.747654711306,6.07056408281345,0.0 125.745746577763,6.02103672951364,0.0 125.745598387215,6.01872832844285,0.0 125.745332072571,6.01643058031409,0.0 125.744948336822,6.01414953881198,0.0 125.744448192225,6.01189121355649,0.0 125.743832957625,6.00966155428093,0.0 125.743104254971,6.007466435168,0.0 125.742264005033,6.00531163938507,0.0 125.741314422337,6.00320284385915,0.0 125.740258009327,6.00114560433167,0.0 125.739097549766,5.99914534073222,0.0 125.737836101405,5.99720732290961,0.0 125.736476987929,5.9953366567578,0.0 125.736063733933,5.99482524221763,0.0 125.730757833228,5.96378981312348,0.0 125.730300829264,5.96148065781755,0.0 125.729724017669,5.95919854416511,0.0 125.729028973383,5.95694969870679,0.0 125.728217593818,5.95474025719136,0.0 125.727292093661,5.95257624784709,0.0 125.726254998837,5.95046357494636,0.0 125.725109139606,5.94840800270809,0.0 125.723857642843,5.94641513958198,0.0 125.722503923505,5.94449042295705,0.0 125.721051675321,5.94263910433626,0.0 125.719504860715,5.94086623501733,0.0 125.707718489299,5.92804834145455,0.0 125.706787938718,5.91703340792117,0.0 125.706531765931,5.91471621869119,0.0 125.706156263988,5.91241539364047,0.0 125.705662438964,5.91013708946528,0.0 125.705051613448,5.90788740255935,0.0 125.704325422992,5.90567235271224,0.0 125.703485811727,5.90349786701287,0.0 125.702535027155,5.9013697640011,0.0 125.70147561413,5.89929373810957,0.0 125.700310408046,5.89727534443738,0.0 125.699042527247,5.89531998389606,0.0 125.697675364689,5.89343288876763,0.0 125.69621257886,5.89161910871302,0.0 125.694658083995,5.88988349726843,0.0 125.693016039615,5.88823069886538,0.0 125.691290839398,5.88666513640937,0.0 125.689487099438,5.88519099944996,0.0 125.687609645901,5.88381223297419,0.0 125.685663502127,5.88253252685303,0.0 125.683653875198,5.88135530596918,0.0 125.681586142027,5.88028372105251,0.0 125.679465834976,5.87932064024774,0.0 125.677298627077,5.8784686414369,0.0 125.675623355679,5.87790829750122,0.0 125.673475285939,5.87504376718865,0.0 125.665741007343,5.85443044010798,0.0 125.664880074232,5.85230203103998,0.0 125.663912004664,5.85022029567076,0.0 125.662839312295,5.8481906379763,0.0 125.661664782246,5.84621832676181,0.0 125.660391463877,5.84430848199402,0.0 125.659022662873,5.84246606151913,0.0 125.657561932661,5.84069584820104,0.0 125.656013065196,5.83900243751292,0.0 125.654380081122,5.83739022561439,0.0 125.652667219344,5.83586339794505,0.0 125.650878926032,5.83442591836402,0.0 125.64901984309,5.83308151886347,0.0 125.647094796122,5.83183368988296,0.0 125.645108781913,5.8306856712495,0.0 125.643066955475,5.82964044376706,0.0 125.633988172574,5.82528127633326,0.0 125.603275790199,5.77622855913726,0.0 125.601971460815,5.77426139698461,0.0 125.600566061686,5.77236534653372,0.0 125.599063450113,5.77054561164497,0.0 125.597467750077,5.76880718678718,0.0 125.595783340921,5.76715484333764,0.0 125.594014845344,5.76559311649331,0.0 125.592167116724,5.76412629282891,0.0 125.590245225809,5.76275839853606,0.0 125.58825444682,5.7614931883757,0.0 125.58620024298,5.7603341353739,0.0 125.57895474982,5.75649273720579,0.0 125.543134609303,5.70389955421434,0.0 125.542634987729,5.69867974952579,0.0 125.542336708263,5.69625629129107,0.0 125.541907862319,5.69385256633953,0.0 125.541349709553,5.69147562739287,0.0 125.540663888895,5.68913244853866,0.0 125.539852413727,5.68682990478183,0.0 125.53891766597,5.68457475188702,0.0 125.537862389084,5.68237360657066,0.0 125.536689680018,5.68023292710073,0.0 125.535402980117,5.67815899436099,0.0 125.534006065032,5.67615789343484,0.0 125.532503033638,5.67423549576296,0.0 125.519473172306,5.65846822037412,0.0 125.483158936846,5.5958562486558,0.0 125.481768539449,5.59361242589778,0.0 125.451954246605,5.54849540171542,0.0 125.450607875424,5.54656878695416,0.0 125.449163061565,5.54471514148741,0.0 125.447623737042,5.54293950997278,0.0 125.445994090957,5.54124672481914,0.0 125.444278558103,5.53964139304214,0.0 125.44248180691,5.53812788373207,0.0 125.440608726749,5.53671031616793,0.0 125.43866441464,5.5353925486101,0.0 125.43665416139,5.534178167802,0.0 125.434583437215,5.5330704792093,0.0 125.405709276199,5.51858018430709,0.0 125.40364367855,5.51760832429754,0.0 125.401531561975,5.51674264438787,0.0 125.399378358075,5.51598537178809,0.0 125.397189604139,5.5153384549577,0.0 125.394970928913,5.51480355858888,0.0 125.392728038143,5.51438205931863,0.0 125.390466699907,5.51407504218065,0.0 125.388192729803,5.51388329780637,0.0 125.385911975995,5.51380732038233,0.0 125.38363030419,5.51384730636924,0.0 125.381353582562,5.51400315398623,0.0 125.37908766667,5.51427446346146,0.0 125.376838384403,5.51466053804895,0.0 125.374611521004,5.51516038580876,0.0 125.372412804194,5.51577272214629,0.0 125.349090208955,5.52291069783769,0.0 125.321326585457,5.52153680527338,0.0 125.31899247942,5.52148200516391,0.0 125.316658671117,5.52154857935675,0.0 125.314331442163,5.52173634977784,0.0 125.31201705659,5.52204481213305,0.0 125.309721744,5.52247313725285,0.0 125.307451682801,5.52302017331101,0.0 125.305212983587,5.52368444891173,0.0 125.30301167269,5.52446417703686,0.0 125.300853675972,5.52535725984274,0.0 125.298744802866,5.52636129429405,0.0 125.296690730744,5.52747357861946,0.0 125.294696989633,5.52869111957196,0.0 125.292768947323,5.53001064047446,0.0 125.290911794916,5.53142859002904,0.0 125.28913053284,5.53294115186635,0.0 125.287429957388,5.53454425480956,0.0 125.285814647788,5.53623358382534,0.0 125.2595363805,5.56518253007749,0.0 125.257976497179,5.56699529718752,0.0 125.256514807238,5.56888844398123,0.0 125.255155430588,5.57085663685929,0.0 125.253902198983,5.57289433063328,0.0 125.252758645207,5.57499578414623,0.0 125.251727993104,5.57715507644692,0.0 125.250813148472,5.57936612347248,0.0 125.250016690853,5.58162269519212,0.0 125.249340866248,5.58391843316375,0.0 125.248787580762,5.58624686845412,0.0 125.248358395216,5.58860143987162,0.0 125.248054520726,5.59097551246066,0.0 125.247876815271,5.59336239620512,0.0 125.247825781254,5.59575536488838,0.0 125.247901564066,5.59814767505634,0.0 125.248103951663,5.60053258503018,0.0 125.248432375143,5.60290337391498,0.0 125.248885910335,5.60525336055048,0.0 125.249463280387,5.60757592235062,0.0 125.250162859358,5.60986451397829,0.0 125.250982676785,5.61211268580286,0.0 125.251920423226,5.61431410208804,0.0 125.260490956074,5.63303953235807,0.0 125.249356192861,5.66534996751368,0.0 125.241784730947,5.66609218480256,0.0 125.239373626781,5.66639453659691,0.0 125.236982312241,5.66682677790254,0.0 125.234617754678,5.66738765057507,0.0 125.232286843665,5.66807552165524,0.0 125.229996370927,5.66888838811056,0.0 125.227753010562,5.66982388265518,0.0 125.225563299596,5.6708792806315,0.0 125.223433618935,5.67205150793332,0.0 125.221370174775,5.67333714994789,0.0 125.219378980512,5.6747324614909,0.0 125.217465839217,5.67623337770558,0.0 125.215636326717,5.67783552589434,0.0 125.213895775335,5.67953423824874,0.0 125.195606602009,5.69837356404502,0.0 125.193991666706,5.70012758159429,0.0 125.192471603491,5.70196471212708,0.0 125.191050669569,5.70387981269184,0.0 125.189732844737,5.70586752190406,0.0 125.188521820228,5.70792227495226,0.0 125.187420988358,5.71003831917511,0.0 125.186433433011,5.71220973016609,0.0 125.185561920979,5.7144304283605,0.0 125.174966020558,5.74368001110342,0.0 125.149935214873,5.75995546914455,0.0 125.147968788329,5.76130952878874,0.0 125.146076736045,5.76276603365401,0.0 125.144264373186,5.76432089369755,0.0 125.142536791271,5.76596974251133,0.0 125.140898843865,5.76770794957619,0.0 125.139355132926,5.76953063325896,0.0 125.137909995875,5.77143267451628,0.0 125.136567493392,5.77340873126669,0.0 125.135331397992,5.77545325339066,0.0 125.134205183417,5.77756049831656,0.0 125.133192014851,5.77972454714878,0.0 125.132294740018,5.78193932129269,0.0 125.131515881154,5.78419859952978,0.0 125.130857627907,5.78649603549507,0.0 125.130321831161,5.78882517550751,0.0 125.129909997817,5.7911794767034,0.0 125.129623286542,5.79355232542171,0.0 125.129462504485,5.7959370557897,0.0 125.128338685692,5.8234387263662,0.0 125.128305355771,5.82590535845594,0.0 125.128406757703,5.82837012500895,0.0 125.128642589758,5.83082565014236,0.0 125.12901214783,5.83326458554731,0.0 125.129514327529,5.83567963249154,0.0 125.130147627469,5.83806356367437,0.0 125.130910153741,5.84040924486841,0.0 125.131799625576,5.84270965628322,0.0 125.132813382157,5.84495791358659,0.0 125.133948390572,5.84714728852049,0.0 125.14117357483,5.86019784011267,0.0 125.142351053015,5.86220101661337,0.0 125.143630047954,5.86414076799688,0.0 125.145007161473,5.86601193999706,0.0 125.146478734555,5.86780956061153,0.0 125.148040857065,5.86952885332123,0.0 125.149689378141,5.87116524978976,0.0 125.151419917237,5.87271440200867,0.0 125.153227875769,5.8741721938563,0.0 125.15510844934,5.87553475203948,0.0 125.157056640526,5.87679845638882,0.0 125.159067272161,5.87795994948018,0.0 125.16113500111,5.87901614555693,0.0 125.163254332482,5.87996423872891,0.0 125.165419634243,5.88080171042665,0.0 125.167625152202,5.8815263360907,0.0 125.169865025313,5.88213619107868,0.0 125.172133301265,5.88262965577401,0.0 125.17442395232,5.88300541988307,0.0 125.176730891339,5.88326248590933,0.0 125.177270914575,5.88329457592998,0.0 125.177683146337,5.89337681293487,0.0 125.177841174023,5.89573159957645,0.0 125.178122024806,5.89807488091644,0.0 125.178524930709,5.90040023750654,0.0 125.17904878929,5.90270129894914,0.0 125.179692166654,5.9049717613598,0.0 125.180453301367,5.90720540464795,0.0 125.181330109272,5.90939610956821,0.0 125.182320189191,5.91153787449559,0.0 125.183420829498,5.91362483187841,0.0 125.184629015546,5.91565126432364,0.0 125.18594143792,5.91761162027063,0.0 125.187354501505,5.91950052920996,0.0 125.18886433534,5.92131281640569,0.0 125.190466803222,5.92304351708052,0.0 125.19215751505,5.92468789002488,0.0 125.193931838852,5.92624143059253,0.0 125.228873519424,5.95525134748248,0.0 125.244998820508,5.99429037605131,0.0 125.239894657979,6.00135500871835,0.0 125.238569265125,6.00329389504589,0.0 125.237346538394,6.00529926649947,0.0 125.236229798934,6.00736567910053,0.0 125.235222080243,6.00948752301677,0.0 125.234326119919,6.01165903779121,0.0 125.233544352201,6.01387432798162,0.0 125.232878901347,6.01612737916789,0.0 125.23233157584,6.01841207428391,0.0 125.231903863464,6.02072221022946,0.0 125.23159692724,6.02305151471713,0.0 125.231411602248,6.02539366330826,0.0 125.231348393347,6.02774229659174,0.0 125.231407473774,6.03009103745884,0.0 125.232518675175,6.0517783083782,0.0 125.228956955896,6.05314308708694,0.0 125.199980178762,6.0565844563995,0.0 125.199531045502,6.05460937970257,0.0 125.198864309892,6.05226890765808,0.0 125.198072419339,6.04996784760558,0.0 125.197157681139,6.04771290068556,0.0 125.196122760197,6.04551063373438,0.0 125.187699209137,6.02877258054227,0.0 125.186540832545,6.01595780248008,0.0 125.186250035291,6.01349628719895,0.0 125.185824593068,6.01105448308908,0.0 125.185265792526,6.00863976578919,0.0 125.184575323007,6.00625942906653,0.0 125.183755271427,6.00392066279997,0.0 125.182808115958,6.00163053127717,0.0 125.181736718539,5.99939595187106,0.0 125.180544316217,5.99722367415999,0.0 125.179234511375,5.9951202595543,0.0 125.153972149699,5.95692538688258,0.0 125.141034075894,5.92755867880645,0.0 125.1418970731,5.92380850358582,0.0 125.14235945917,5.92153293722786,0.0 125.142704251674,5.91923655719412,0.0 125.142930538154,5.916925451453,0.0 125.143037720298,5.91460574691691,0.0 125.143025515509,5.91228359320648,0.0 125.142893957636,5.90996514635563,0.0 125.142643396871,5.90765655250039,0.0 125.142274498802,5.90536393159477,0.0 125.141788242639,5.90309336119661,0.0 125.141185918604,5.90085086036632,0.0 125.140469124502,5.89864237372108,0.0 125.139639761473,5.89647375568651,0.0 125.13870002895,5.89435075498761,0.0 125.13765241882,5.89227899941977,0.0 125.136499708813,5.89026398094017,0.0 125.135244955142,5.888311041119,0.0 125.133891484397,5.88642535698879,0.0 125.13244288473,5.88461192732943,0.0 125.131664664184,5.88373441386494,0.0 125.131818662983,5.88312570996044,0.0 125.13228130944,5.88078178196887,0.0 125.132619344322,5.87841660969712,0.0 125.132831820714,5.87603683081244,0.0 125.132918144042,5.8736491238692,0.0 125.132878073716,5.87126018957476,0.0 125.132711723787,5.86887673199421,0.0 125.132419562612,5.86650543974678,0.0 125.13200241152,5.8641529672463,0.0 125.131461442492,5.8618259160384,0.0 125.130798174863,5.85953081628662,0.0 125.130014471042,5.85727410845913,0.0 125.129112531281,5.85506212526739,0.0 125.128094887489,5.85290107390721,0.0 125.126964396124,5.8507970186519,0.0 125.125724230175,5.84875586384617,0.0 125.124377870255,5.84678333734839,0.0 125.122929094834,5.84488497446746,0.0 125.121381969643,5.84306610243924,0.0 125.109458111816,5.82977691437088,0.0 125.107779498833,5.82800494706941,0.0 125.106007567341,5.82632657556622,0.0 125.104147513268,5.82474672189595,0.0 125.102204790845,5.82327001927212,0.0 125.10018509662,5.82190079850479,0.0 125.098094352778,5.82064307530342,0.0 125.095938689783,5.81950053850223,0.0 125.093724428423,5.81847653924239,0.0 125.091458061293,5.81757408114283,0.0 125.089146233773,5.81679581148859,0.0 125.086795724566,5.81614401346241,0.0 125.050391862632,5.80710296031681,0.0 125.048201885884,5.80661661668207,0.0 125.045990442669,5.80624007655728,0.0 125.043763017902,5.80597427477661,0.0 125.041525136198,5.80581987152607,0.0 125.039282348183,5.80577725069828,0.0 125.037040216732,5.80584651893173,0.0 125.034804303186,5.80602750533737,0.0 125.032580153567,5.80631976191305,0.0 125.030373284826,5.80672256464488,0.0 124.993077639088,5.81449443168307,0.0 124.964853795147,5.81036575222385,0.0 124.9623877834,5.81007421830876,0.0 124.95990947115,5.80991922196412,0.0 124.957426389196,5.80990123540417,0.0 124.954946082954,5.8100203145128,0.0 124.95247608955,5.81027609865886,0.0 124.950023914923,5.81066781177658,0.0 124.947597011037,5.81119426470753,0.0 124.881544866145,5.82743997553482,0.0 124.879366277553,5.82803403403938,0.0 124.877220139335,5.82873666716202,0.0 124.875111842944,5.8295461107103,0.0 124.873046684918,5.83046033213268,0.0 124.87102985357,5.83147703561406,0.0 124.859304295949,5.83776153503929,0.0 124.816490834177,5.84462134725067,0.0 124.814219550493,5.84504526098096,0.0 124.811972945568,5.8455852201876,0.0 124.809756927199,5.84623980592754,0.0 124.807577322902,5.84700729779944,0.0 124.805439864585,5.84788567845608,0.0 124.803350173482,5.84887263889768,0.0 124.801313745375,5.84996558453239,0.0 124.799335936137,5.85116164198815,0.0 124.797421947649,5.85245766665814,0.0 124.795576814117,5.85385025096003,0.0 124.793805388828,5.85533573328751,0.0 124.777788548187,5.86948202639703,0.0 124.749037469155,5.88191214718935,0.0 124.718693088721,5.88876505203987,0.0 124.716349252454,5.88936092062649,0.0 124.714040703593,5.89008183590373,0.0 124.711774090209,5.89092572290697,0.0 124.709555939794,5.89189015250069,0.0 124.707392640466,5.89297234835921,0.0 124.70529042258,5.89416919494771,0.0 124.680538529142,5.90915437154847,0.0 124.664834211436,5.91332628855777,0.0 124.662655898192,5.91396413669611,0.0 124.660512408589,5.91471098491401,0.0 124.65840917874,5.91556494003595,0.0 124.656351542802,5.91652383721837,0.0 124.654344719451,5.91758524542944,0.0 124.652393798647,5.9187464736042,0.0 124.650503728727,5.92000457745955,0.0 124.620855571988,5.94083500478813,0.0 124.604310366036,5.94098580485131,0.0 124.602015860153,5.94106523192781,0.0 124.599728363923,5.9412615404371,0.0 124.597453812019,5.9415742219564,0.0 124.595198105645,5.9420024661304,0.0 124.592967097232,5.94254516276336,0.0 124.590766575263,5.94320090468889,0.0 124.588602249262,5.94396799141008,0.0 124.586479734984,5.94484443350067,0.0 124.58440453985,5.94582795775586,0.0 124.582382048658,5.94691601307968,0.0 124.580417509614,5.94810577709358,0.0 124.578516020712,5.94939416344935,0.0 124.576682516504,5.95077782982738,0.0 124.574921755296,5.95225318659975,0.0 124.57323830679,5.95381640613566,0.0 124.571636540225,5.95546343272515,0.0 124.556407640769,5.97194186864562,0.0 124.522785850221,5.97506257414527,0.0 124.520411495077,5.97534665648206,0.0 124.518055518739,5.97575639411508,0.0 124.515724550126,5.97629063515644,0.0 124.513425147945,5.97694787738171,0.0 124.51116378224,5.97772627244377,0.0 124.508946816199,5.97862363106042,0.0 124.506780488253,5.97963742916137,0.0 124.504670894525,5.98076481497737,0.0 124.434251712337,6.0208299986893,0.0 124.431947835326,6.02223348718608,0.0 124.42973188953,6.02377236918041,0.0 124.427611804705,6.02544113966099,0.0 124.403631489016,6.04550614727413,0.0 124.389080472267,6.04677372599268,0.0 124.38680356934,6.04703054101689,0.0 124.384542631143,6.04740280977758,0.0 124.382303495339,6.04788957191384,0.0 124.380091943418,6.04848957142652,0.0 124.37791368578,6.0492012599111,0.0 124.375774346992,6.05002280054538,0.0 124.373679451275,6.05095207282191,0.0 124.37163440824,6.05198667801296,0.0 124.369644498924,6.05312394535408,0.0 124.367714862151,6.05436093893039,0.0 124.3431981354,6.07097072282483,0.0 124.333012195179,6.0691633972909,0.0 124.330629911899,6.06880607981229,0.0 124.328231962713,6.06857660694094,0.0 124.325825188828,6.06847563429089,0.0 124.323416456707,6.06850345087481,0.0 124.321012638499,6.06865997826934,0.0 124.31862059244,6.06894477082803,0.0 124.316247143307,6.06935701694123,0.0 124.31389906295,6.06989554133962,0.0 124.311583050991,6.07055880843495,0.0 124.309305715708,6.07134492668845,0.0 124.307073555197,6.0722516539948,0.0 124.304892938829,6.07327640406629,0.0 124.302770089086,6.07441625379923,0.0 124.300711063805,6.07566795160158,0.0 124.298721738895,6.07702792665848,0.0 124.296807791564,6.078492299109,0.0 124.294974684122,6.0800568911056,0.0 124.257088952735,6.11418143808889,0.0 124.244533259421,6.11532228655147,0.0 124.242155505721,6.11560217061466,0.0 124.239795931812,6.1160079459354,0.0 124.237461185488,6.11653847019443,0.0 124.235157844733,6.11719224958426,0.0 124.232892399203,6.11796744300562,0.0 124.23067123195,6.11886186724212,0.0 124.228500601438,6.11987300309884,0.0 124.226386623923,6.12099800248758,0.0 124.224335256211,6.12223369643913,0.0 124.222352278888,6.12357660401988,0.0 124.220443280017,6.12502294212803,0.0 124.218613639401,6.12656863614178,0.0 124.21686851341,6.12820933138971,0.0 124.187718362497,6.15710891845471,0.0 124.163508880662,6.1704597359748,0.0 124.161482434989,6.17164703631752,0.0 124.159520456077,6.17293826365273,0.0 124.157628260458,6.17432992016612,0.0 124.155810975759,6.17581823585646,0.0 124.154073526805,6.17739917874055,0.0 124.152420622262,6.17906846576873,0.0 124.15085674188,6.18082157442154,0.0 124.149386124336,6.18265375495601,0.0 124.148012755746,6.18456004326879,0.0 124.146740358846,6.18653527434102,0.0 124.145572382893,6.18857409622884,0.0 124.144511994302,6.19067098456147,0.0 124.143562068051,6.19282025750789,0.0 124.142725179874,6.19501609117117,0.0 124.142003599259,6.19725253536932,0.0 124.131216067178,6.2339248518185,0.0 124.129811028626,6.23477651291285,0.0 124.12789958439,6.23607337754611,0.0 124.126056947123,6.23746641924571,0.0 124.124287945044,6.23895198904353,0.0 124.122597213611,6.24052619547862,0.0 124.120989183373,6.24218491478405,0.0 124.065984868784,6.30190185414824,0.0 124.064341407981,6.30378825286126,0.0 124.062804916704,6.30576286266123,0.0 124.061380116549,6.30781961816257,0.0 124.060071386172,6.30995220149043,0.0 124.058882747813,6.3121540616825,0.0 124.042766386725,6.34409372038159,0.0 124.041810006415,6.346111568677,0.0 124.040954517008,6.34817426251406,0.0 124.040202012834,6.3502767557982,0.0 124.039554336329,6.35241390497461,0.0 124.039013073513,6.35458048161189,0.0 124.038932712945,6.35498656360088,0.0 124.037579405491,6.35524086084238,0.0 124.03526155703,6.35580469490088,0.0 124.03297671319,6.35649025931178,0.0 124.030731256104,6.35729563998639,0.0 124.028531458049,6.35821858812743,0.0 124.026383463933,6.35925652649834,0.0 124.024293274134,6.36040655661019,0.0 124.022266727747,6.36166546680609,0.0 124.020309486264,6.36302974122071,0.0 124.018427017769,6.36449556959004,0.0 124.016624581651,6.36605885788407,0.0 124.014907213913,6.36771523973288,0.0 124.013279713096,6.36946008861426,0.0 124.011746626859,6.37128853076901,0.0 124.010312239274,6.37319545880788,0.0 124.008980558838,6.37517554597225,0.0 124.007755307261,6.37722326100886,0.0 124.006639909057,6.37933288361697,0.0 124.005637481958,6.38149852042499,0.0 124.004750828184,6.38371412145191,0.0 124.003982426598,6.3859734970076,0.0 124.003334425758,6.38827033498481,0.0 124.002808637896,6.39059821849449,0.0 124.002406533832,6.39295064379522,0.0 124.002129238845,6.39532103846664,0.0 123.994476488766,6.48011363600002,0.0 123.994319040793,6.48266135453833,0.0 123.994305787466,6.48521390124092,0.0 123.994436773331,6.4877631176106,0.0 123.998049455072,6.53303518638926,0.0 123.998294881395,6.53535343144209,0.0 123.998394283118,6.53598092304937,0.0 123.997234971665,6.5376153283577,0.0 123.995987477599,6.53958153546971,0.0 123.994842992808,6.541609450503,0.0 123.993804562776,6.54369368014582,0.0 123.992874951009,6.54582868119559,0.0 123.992056631675,6.54800877529995,0.0 123.991351783004,6.55022816405844,0.0 123.990762281472,6.5524809444448,0.0 123.990289696797,6.55476112450852,0.0 123.989935287742,6.55706263931431,0.0 123.989699998747,6.55937936707668,0.0 123.989584457399,6.56170514544691,0.0 123.989588972745,6.56403378790898,0.0 123.989713534448,6.56635910024078,0.0 123.989957812799,6.56867489699675,0.0 123.990321159579,6.57097501796802,0.0 123.990802609762,6.57325334457623,0.0 123.991400884073,6.57550381615729,0.0 123.992114392371,6.57772044609161,0.0 123.992941237873,6.57989733773799,0.0 123.993879222184,6.58202870012834,0.0 123.994925851139,6.58410886338173,0.0 124.008200431778,6.60887736882435,0.0 124.005305480678,6.62626499909952,0.0 123.976862724332,6.6895555269455,0.0 123.975967523607,6.69169239020612,0.0 123.975183122161,6.69387234866111,0.0 123.974511586694,6.6960896635346,0.0 123.973954686831,6.69833849759721,0.0 123.973513890441,6.700612930534,0.0 123.973190359759,6.7029069745325,0.0 123.971243166097,6.71984757889151,0.0 123.971037305369,6.72216261164068,0.0 123.970950873852,6.72448516768467,0.0 123.970984102295,6.72680909297144,0.0 123.97113690435,6.72912822973316,0.0 123.97140887678,6.73143643280865,0.0 123.971799300513,6.73372758593323,0.0 123.972307142532,6.73599561795268,0.0 123.972931058592,6.73823451891856,0.0 123.973669396774,6.74043835602169,0.0 123.974520201847,6.74260128932188,0.0 123.975481220439,6.74471758723182,0.0 123.976549907001,6.7467816417142,0.0 123.977213950408,6.74791694218034,0.0 123.972103015653,6.74830937040372,0.0 123.969718041397,6.74855628297135,0.0 123.967349526017,6.74892935573844,0.0 123.965004142283,6.74942753847688,0.0 123.962688497933,6.75004942846705,0.0 123.96040911707,6.75079327443809,0.0 123.958172421789,6.75165698148974,0.0 123.955984714095,6.75263811698221,0.0 123.953852158148,6.7537339173776,0.0 123.951780762906,6.75494129601362,0.0 123.949776365193,6.75625685178802,0.0 123.947844613255,6.7576768787292,0.0 123.945990950844,6.75919737642646,0.0 123.944220601875,6.76081406129038,0.0 123.942538555702,6.7625223786118,0.0 123.940949553048,6.76431751538574,0.0 123.919272464837,6.79015602642418,0.0 123.917778699898,6.79203576508519,0.0 123.916386974556,6.7939921994454,0.0 123.915101223601,6.79601980068653,0.0 123.913925082467,6.79811283873632,0.0 123.912861876935,6.80026539845764,0.0 123.911914613719,6.8024713963622,0.0 123.911085971943,6.80472459780125,0.0 123.910378295553,6.80701863458513,0.0 123.909793586667,6.80934702298153,0.0 123.909333499896,6.81170318204187,0.0 123.908999337642,6.81408045220385,0.0 123.908792046397,6.81647211411754,0.0 123.908712214041,6.81887140764186,0.0 123.90876006816,6.82127155095766,0.0 123.908935475382,6.82366575974323,0.0 123.909237941729,6.82604726635809,0.0 123.909666613997,6.82840933898065,0.0 123.910220282147,6.83074530064553,0.0 123.910897382705,6.83304854812666,0.0 123.911696003172,6.83531257061267,0.0 123.912613887407,6.83753096812155,0.0 123.913648442001,6.83969746960254,0.0 123.91432093261,6.84093228284308,0.0 123.913212484436,6.84758610806943,0.0 123.912881446987,6.84996087592026,0.0 123.912676998969,6.85234985858731,0.0 123.912599718832,6.85474631982254,0.0 123.912649826425,6.85714350218361,0.0 123.912827182348,6.85953464609433,0.0 123.913131288331,6.86191300891231,0.0 123.913561288614,6.8642718839498,0.0 123.914115972344,6.86660461939425,0.0 123.914793776968,6.86890463707476,0.0 123.915592792627,6.87116545102169,0.0 123.91647013525,6.87328263367527,0.0 123.91609744771,6.87399340924005,0.0 123.915105455194,6.87615502951062,0.0 123.914228703706,6.87836584777413,0.0 123.913469626909,6.88061973214627,0.0 123.912830332149,6.88291043116756,0.0 123.912312594584,6.88523159114314,0.0 123.911917852244,6.88757677376749,0.0 123.911647202015,6.88993947398522,0.0 123.911501396579,6.89231313803826,0.0 123.911480842299,6.89469118164943,0.0 123.911585598075,6.89706700829189,0.0 123.911815375159,6.89943402749367,0.0 123.912169537931,6.90178567312646,0.0 123.91264710565,6.90411542162784,0.0 123.913246755152,6.90641681010625,0.0 123.913966824506,6.90868345427842,0.0 123.914805317608,6.91090906618935,0.0 123.924468315111,6.93464046314012,0.0 123.924248467219,6.96164528876514,0.0 123.92429276185,6.96404415907267,0.0 123.924464517105,6.96643729138045,0.0 123.924763249892,6.96881792838886,0.0 123.92518811851,6.97117934799224,0.0 123.925737925004,6.97351488226831,0.0 123.926411118532,6.97581793631541,0.0 123.927205799724,6.97808200688437,0.0 123.928119726033,6.98030070075202,0.0 123.929150318055,6.98246775278461,0.0 123.930294666799,6.98457704363976,0.0 123.931549541897,6.98662261705695,0.0 123.9479392006,7.01180958510806,0.0 123.94758628223,7.01417486694082,0.0 123.947309165026,7.01641463961174,0.0 123.947144406682,7.01866544894004,0.0 123.947092420485,7.02092167177266,0.0 123.947153337961,7.02317767134716,0.0 123.947327008533,7.02542781137887,0.0 123.947612999879,7.02766647014758,0.0 123.948010598998,7.02988805454861,0.0 123.948518813974,7.03208701407304,0.0 123.949136376444,7.03425785468214,0.0 123.949861744756,7.03639515254114,0.0 123.950693107802,7.03849356757812,0.0 123.959794123649,7.05988492095537,0.0 123.960683633379,7.06184443830637,0.0 123.961665582492,7.06375939422061,0.0 123.962737741751,7.06562543972434,0.0 123.963897676944,7.06743833690918,0.0 123.995346669296,7.11409405309091,0.0 124.004015232815,7.13739792779041,0.0 124.004846110996,7.13947263590405,0.0 124.005778747835,7.14150373872539,0.0 124.006810859645,7.14348626058888,0.0 124.007939918932,7.14541534481834,0.0 124.009163160586,7.14728626563218,0.0 124.010477588651,7.14909443972797,0.0 124.011879983663,7.15083543751775,0.0 124.031885047154,7.17444722633832,0.0 124.033416939461,7.17616444565938,0.0 124.03503441094,7.17780151581134,0.0 124.036733263846,7.17935418802645,0.0 124.038509089084,7.18081843261201,0.0 124.040357277664,7.18219044941499,0.0 124.042273032669,7.18346667769036,0.0 124.044251381711,7.18464380534708,0.0 124.046287189855,7.18571877754795,0.0 124.048375172953,7.18668880464077,0.0 124.050509911373,7.1875513694002,0.0 124.052685864082,7.18830423356167,0.0 124.054897383042,7.18894544363009,0.0 124.057138727882,7.18947333594846,0.0 124.059404080815,7.18988654101322,0.0 124.097602077328,7.19585231680469,0.0 124.098971324962,7.19728480474359,0.0 124.100728765573,7.19902539046662,0.0 124.102578972351,7.2006672933111,0.0 124.10451639775,7.20220559038519,0.0 124.106535232548,7.20363566949697,0.0 124.108629423279,7.20495324299074,0.0 124.110792690397,7.20615436060884,0.0 124.113018547123,7.2072354213405,0.0 124.115300318911,7.20819318422177,0.0 124.115967212675,7.20845188930083,0.0 124.11599402344,7.20871964361117,0.0 124.116348692415,7.21103782420076,0.0 124.116823425747,7.21333448277766,0.0 124.117416943963,7.21560342157019,0.0 124.11812764693,7.21783851754842,0.0 124.118953618165,7.22003373895719,0.0 124.11989262999,7.22218316160337,0.0 124.120942149533,7.22428098485303,0.0 124.122099345553,7.22632154729558,0.0 124.123361096078,7.22829934203214,0.0 124.162947349175,7.28691934437141,0.0 124.170444217886,7.3078943174454,0.0 124.16758011449,7.32235483304467,0.0 124.167191325378,7.3246191019455,0.0 124.166918410224,7.3269001869442,0.0 124.166762077688,7.32919218048643,0.0 124.166722734496,7.33148914666668,0.0 124.166800484357,7.33378513660614,0.0 124.166995127682,7.33607420386528,0.0 124.167306162079,7.33835041985092,0.0 124.167732783639,7.34060788917799,0.0 124.168273889,7.34284076494604,0.0 124.168928078193,7.34504326389075,0.0 124.16969365825,7.34720968137133,0.0 124.170568647579,7.34933440615461,0.0 124.171550781085,7.35141193495762,0.0 124.172637516028,7.35343688671078,0.0 124.173826038602,7.35540401650467,0.0 124.179576900161,7.36439634339323,0.0 124.177829419557,7.36419788063219,0.0 124.175481054746,7.36405411986337,0.0 124.173128373962,7.36403248026218,0.0 124.170777744212,7.36413302121732,0.0 124.168435527044,7.36435547145655,0.0 124.166108061344,7.36469922977135,0.0 124.163801646195,7.36516336663375,0.0 124.161522523844,7.36574662670128,0.0 124.159276862816,7.36644743220324,0.0 124.15707074123,7.36726388719924,0.0 124.154910130361,7.36819378269871,0.0 124.152800878477,7.36923460262764,0.0 124.150748695023,7.37038353062641,0.0 124.148759135165,7.37163745766065,0.0 124.146837584758,7.37299299042449,0.0 124.144989245767,7.37444646051373,0.0 124.14321912218,7.37599393434411,0.0 124.141532006463,7.37763122378806,0.0 124.139932466576,7.37935389750116,0.0 124.138424833602,7.38115729290794,0.0 124.13701319001,7.38303652881445,0.0 124.135701358595,7.38498651861372,0.0 124.134492892108,7.38700198404844,0.0 124.133391063629,7.3890774694936,0.0 124.132398857688,7.39120735672054,0.0 124.131545652972,7.39317089685189,0.0 124.123219279905,7.39570097349923,0.0 124.12093678721,7.39646130447061,0.0 124.118698022429,7.39734173676601,0.0 124.116509322109,7.39833977939306,0.0 124.114376881297,7.39945260843752,0.0 124.112306736011,7.40067707504225,0.0 124.110304746159,7.40200971430603,0.0 124.108376578954,7.40344675507746,0.0 124.106527692869,7.40498413061603,0.0 124.104763322186,7.40661749009059,0.0 124.103088462173,7.4083422108827,0.0 124.101507854931,7.41015341166022,0.0 124.100025975967,7.41204596618427,0.0 124.098647021507,7.4140145178105,0.0 124.097374896604,7.41605349464393,0.0 124.096213204067,7.41815712530434,0.0 124.095165234243,7.4203194552578,0.0 124.094233955682,7.42253436366815,0.0 124.093422006712,7.42479558072071,0.0 124.092731687946,7.42709670536936,0.0 124.092164955747,7.42943122345661,0.0 124.091723416665,7.43179252615548,0.0 124.091408322862,7.4341739286809,0.0 124.091220568543,7.43656868921771,0.0 124.0911606874,7.43897002801148,0.0 124.091228851077,7.44137114656828,0.0 124.091424868658,7.44376524690872,0.0 124.091748187184,7.44614555082176,0.0 124.092197893201,7.44850531906377,0.0 124.092772715318,7.4508378704482,0.0 124.092777887079,7.45085489519672,0.0 124.091810234037,7.45285846805487,0.0 124.090895393738,7.45503725272767,0.0 124.076850563544,7.49110424596356,0.0 124.032410697058,7.55291496974054,0.0 124.016820440627,7.56591011787241,0.0 124.015086919496,7.56743159576084,0.0 124.013433414393,7.5690393229885,0.0 124.011864230688,7.57072911498834,0.0 124.010383454417,7.5724965734713,0.0 124.008994941644,7.57433709786787,0.0 124.007702308403,7.57624589729705,0.0 124.006508921275,7.5782180030318,0.0 124.005417888612,7.58024828142842,0.0 124.004432052423,7.58233144728648,0.0 123.99771648594,7.59751323270578,0.0 123.996101950994,7.59723960200574,0.0 123.993691495015,7.59696269284904,0.0 123.991269625499,7.59681508339348,0.0 123.988843303281,7.59679719874582,0.0 123.986419502078,7.5969090911611,0.0 123.984005188455,7.59715043988278,0.0 123.981607301825,7.59752055205416,0.0 123.979232734519,7.59801836469845,0.0 123.976888311989,7.59864244776197,0.0 123.974580773204,7.59939100821201,0.0 123.972316751293,7.60026189517752,0.0 123.970102754484,7.6012526061181,0.0 123.967945147412,7.60236029400385,0.0 123.965850132821,7.60358177548533,0.0 123.963823733742,7.60491354003059,0.0 123.96187177618,7.60635176000302,0.0 123.959999872362,7.6078923016512,0.0 123.958213404603,7.60953073697945,0.0 123.937384293163,7.62968700455584,0.0 123.909599923674,7.64473928980469,0.0 123.909509457258,7.64472297102675,0.0 123.907188644068,7.64442690938797,0.0 123.904855593984,7.64425088504019,0.0 123.902516539705,7.64419536897254,0.0 123.900177730035,7.64426051023802,0.0 123.897845413198,7.64444613554783,0.0 123.895525820167,7.64475174972595,0.0 123.893225148029,7.64517653702306,0.0 123.890949543442,7.64571936328632,0.0 123.888705086229,7.64637877897924,0.0 123.886497773139,7.64715302304381,0.0 123.884333501841,7.64804002759462,0.0 123.869709019733,7.65447902734912,0.0 123.835681046738,7.65141555004181,0.0 123.833227882249,7.65126144250421,0.0 123.830769945103,7.65124040524602,0.0 123.828314481457,7.65135250112397,0.0 123.825868730272,7.6515974005021,0.0 123.823439901997,7.65197438221293,0.0 123.82103515732,7.65248233567196,0.0 123.818661586084,7.6531197641395,0.0 123.762520849706,7.66983603162212,0.0 123.760252518654,7.67057678387552,0.0 123.758026464175,7.67143576855405,0.0 123.755848873468,7.67241059899206,0.0 123.753725799222,7.67349856650189,0.0 123.751663142791,7.67469664789002,0.0 123.749666637803,7.67600151384734,0.0 123.747741834223,7.67740953819054,0.0 123.745894082924,7.67891680792905,0.0 123.744128520815,7.68051913412958,0.0 123.742450056554,7.68221206354843,0.0 123.740863356898,7.68399089099909,0.0 123.739372833723,7.68585067242104,0.0 123.738773449841,7.68668519134093,0.0 123.736922638085,7.68665500251499,0.0 123.734527150654,7.68667915650389,0.0 123.73213629194,7.68682967408523,0.0 123.729756754846,7.68710613464966,0.0 123.727395200691,7.68750776501378,0.0 123.725058240572,7.68803344157447,0.0 123.722752416881,7.68868169344359,0.0 123.720484184994,7.68945070655436,0.0 123.718259895214,7.69033832872807,0.0 123.716085775002,7.69134207568711,0.0 123.713967911552,7.69245913799761,0.0 123.71191223475,7.69368638892237,0.0 123.709924500581,7.69502039316227,0.0 123.708010275009,7.69645741646185,0.0 123.7061749184,7.6979934360523,0.0 123.704423570501,7.69962415190272,0.0 123.702761136054,7.70134499874845,0.0 123.701192271048,7.70315115886264,0.0 123.699721369674,7.70503757553577,0.0 123.69835255201,7.70699896722522,0.0 123.697089652469,7.70902984233551,0.0 123.695936209049,7.71112451458793,0.0 123.694895453403,7.71327711893658,0.0 123.693970301775,7.71548162798628,0.0 123.693163346809,7.71773186886652,0.0 123.69247685027,7.72002154051426,0.0 123.691912736685,7.72234423131708,0.0 123.69147258793,7.72469343706741,0.0 123.691157638775,7.72706257917756,0.0 123.690968773402,7.72944502310451,0.0 123.690906522905,7.73183409693273,0.0 123.690971063774,7.7342231100631,0.0 123.691162217383,7.73660537195554,0.0 123.692700172349,7.75097697712239,0.0 123.691485788742,7.7528267259002,0.0 123.680155574522,7.75658393827066,0.0 123.677938012335,7.75738380444551,0.0 123.675765194323,7.75829772480482,0.0 123.673643012442,7.75932322191399,0.0 123.671577221524,7.76045751574572,0.0 123.669573423682,7.76169753120676,0.0 123.667637053114,7.76303990646479,0.0 123.665773361375,7.7644810020531,0.0 123.663987403134,7.76601691072858,0.0 123.662284022458,7.76764346805624,0.0 123.660667839677,7.76935626369189,0.0 123.659143238846,7.77115065333234,0.0 123.65771435584,7.77302177130088,0.0 123.65754084366,7.7732753624626,0.0 123.588695016121,7.78877149479035,0.0 123.586493580628,7.78932499594657,0.0 123.584322714752,7.78998782388342,0.0 123.582187873015,7.79075831381616,0.0 123.580094419563,7.79163453042487,0.0 123.578047614694,7.79261427270792,0.0 123.576052601652,7.79369507950288,0.0 123.574114393699,7.79487423566121,0.0 123.572237861529,7.79614877886103,0.0 123.561287096773,7.80399407951404,0.0 123.546911983515,7.8023726510159,0.0 123.498870593172,7.77922453279016,0.0 123.499342447533,7.77887519425136,0.0 123.501189248392,7.77735030215537,0.0 123.502952535399,7.77573006852603,0.0 123.504627367389,7.77401903524179,0.0 123.506209051325,7.77222199858076,0.0 123.507693155446,7.77034399576714,0.0 123.509075521672,7.76839029084334,0.0 123.510352277245,7.76636635990748,0.0 123.511519845571,7.76427787575779,0.0 123.512574956218,7.76213069198698,0.0 123.513514654069,7.7599308265713,0.0 123.514336307579,7.75768444500036,0.0 123.51503761613,7.75539784299498,0.0 123.51561661645,7.75307742886153,0.0 123.516071688098,7.75072970553229,0.0 123.526333892568,7.68907086693772,0.0 123.526656463829,7.68676702613722,0.0 123.526859710653,7.68444967434351,0.0 123.526943096016,7.68212495738507,0.0 123.526906400757,7.67979904051851,0.0 123.526749724145,7.67747809208265,0.0 123.526473483587,7.67516826714555,0.0 123.526078413507,7.67287569118767,0.0 123.525565563377,7.67060644386444,0.0 123.524936294917,7.66836654289111,0.0 123.524192278468,7.66616192809265,0.0 123.523335488547,7.66399844566076,0.0 123.522368198599,7.66188183265963,0.0 123.512354498542,7.64138366056002,0.0 123.512358770661,7.64133510002734,0.0 123.512442893423,7.63901725464746,0.0 123.512407655085,7.63669815656213,0.0 123.51225315047,7.63438391975773,0.0 123.511979788783,7.63208064531164,0.0 123.511588292513,7.62979440531386,0.0 123.511079695506,7.62753122686597,0.0 123.510455340229,7.62529707619945,0.0 123.509716874209,7.62309784295523,0.0 123.508866245678,7.62093932466567,0.0 123.507905698423,7.61882721147985,0.0 123.506837765861,7.61676707117238,0.0 123.505665264351,7.61476433447497,0.0 123.504391285761,7.61282428076946,0.0 123.503019189313,7.61095202417987,0.0 123.501552592722,7.60915250009989,0.0 123.499995362662,7.60743045219145,0.0 123.498351604569,7.60579041988833,0.0 123.496625651824,7.60423672643766,0.0 123.494822054333,7.6027734675109,0.0 123.492945566539,7.601404500414,0.0 123.491001134897,7.60013343392525,0.0 123.452445716325,7.57631494149434,0.0 123.450332555712,7.57508680757173,0.0 123.448156023527,7.57397431618171,0.0 123.44592246943,7.57298071332384,0.0 123.443638409343,7.57210889819132,0.0 123.441310506461,7.57136141471432,0.0 123.43894555183,7.5707404441384,0.0 123.436550444557,7.5702477986597,0.0 123.435730227519,7.57012471972725,0.0 123.435118280909,7.56813082634875,0.0 123.434317175052,7.56593368476444,0.0 123.433403226661,7.56378084285828,0.0 123.432378885081,7.56167806689219,0.0 123.431246895202,7.55963098898724,0.0 123.430010290094,7.55764509204771,0.0 123.428672382882,7.55572569508469,0.0 123.42723675786,7.55387793897891,0.0 123.425707260897,7.55210677272029,0.0 123.424087989127,7.55041694016133,0.0 123.422383279983,7.5488129673195,0.0 123.422360975385,7.54879405758762,0.0 123.423157827443,7.54663076620928,0.0 123.42385340221,7.54438921859183,0.0 123.424431389763,7.54211465128072,0.0 123.424890232465,7.53981320201425,0.0 123.425228694216,7.5374910809513,0.0 123.425445863762,7.53515455391583,0.0 123.425541157139,7.53280992549249,0.0 123.425865888538,7.51056821955581,0.0 123.428030361205,7.50982583905782,0.0 123.430207389115,7.50895076072017,0.0 123.432336027995,7.50796423330279,0.0 123.434410554005,7.50686891032342,0.0 123.436425388994,7.5056677378163,0.0 123.462556521656,7.48915588718133,0.0 123.464539453427,7.4878284075818,0.0 123.46644946721,7.48639840170044,0.0 123.468281247244,7.48486985059911,0.0 123.470029695729,7.48324700956006,0.0 123.471689947017,7.48153439623031,0.0 123.473257381139,7.47973677803661,0.0 123.474727636665,7.47785915890585,0.0 123.486551900581,7.46190819688071,0.0 123.487912583857,7.45996819044409,0.0 123.489169520988,7.45795967374987,0.0 123.490319258694,7.45588816791255,0.0 123.49135863849,7.45375936706419,0.0 123.492284805348,7.45157912269841,0.0 123.493095215524,7.4493534275833,0.0 123.493787643528,7.44708839928724,0.0 123.494360188222,7.4447902633632,0.0 123.494811278021,7.44246533623756,0.0 123.495139675188,7.4401200078506,0.0 123.495344479216,7.43776072409626,0.0 123.495425129278,7.43539396910943,0.0 123.495381405744,7.4330262474495,0.0 123.495213430766,7.43066406622889,0.0 123.494921667918,7.42831391723579,0.0 123.494506920899,7.42598225909999,0.0 123.493970331312,7.4236754995509,0.0 123.493313375498,7.42139997781617,0.0 123.492537860472,7.41916194720947,0.0 123.491645918934,7.41696755795487,0.0 123.4906400034,7.41482284029507,0.0 123.489550781067,7.41278586759418,0.0 123.496738622743,7.3862215262627,0.0 123.497301147801,7.38390045824389,0.0 123.497740008239,7.38155295718022,0.0 123.49805397961,7.37918558396775,0.0 123.498242186521,7.37680495492131,0.0 123.498304105059,7.37441772328675,0.0 123.498239564233,7.3720305606513,0.0 123.498048746426,7.36965013830404,0.0 123.497732186864,7.36728310859822,0.0 123.497290772099,7.36493608636769,0.0 123.49672573751,7.36261563044915,0.0 123.496038663837,7.36032822536167,0.0 123.495231472739,7.35808026319484,0.0 123.494306421413,7.35587802575561,0.0 123.493266096273,7.35372766702392,0.0 123.492113405708,7.35163519596595,0.0 123.490851571949,7.34960645975267,0.0 123.489484122056,7.34764712743069,0.0 123.488014878054,7.34576267409081,0.0 123.486447946255,7.34395836557829,0.0 123.484787705782,7.34223924378755,0.0 123.483038796331,7.34061011258218,0.0 123.481206105213,7.33907552437957,0.0 123.479294753704,7.33763976743742,0.0 123.477310082741,7.33630685387764,0.0 123.475257638006,7.33508050848095,0.0 123.473143154449,7.33396415828351,0.0 123.470972540268,7.33296092300439,0.0 123.468751860419,7.33207360633085,0.0 123.466487319684,7.33130468808544,0.0 123.464185245354,7.33065631729704,0.0 123.461852069558,7.33013030619494,0.0 123.459494311318,7.329728125143,0.0 123.457118558347,7.32945089852787,0.0 123.454731448661,7.32929940161287,0.0 123.441116305194,7.32879537234186,0.0 123.43585920673,7.32407686509843,0.0 123.43406677853,7.322550377555,0.0 123.432197206175,7.3211191028613,0.0 123.43025555776,7.31978692107326,0.0 123.428247096644,7.31855744365673,0.0 123.426177267186,7.31743400370213,0.0 123.424051680001,7.31641964689281,0.0 123.421876096765,7.3155171232516,0.0 123.419656414612,7.31472887968773,0.0 123.417398650159,7.31405705336449,0.0 123.415108923221,7.31350346590539,0.0 123.412793440228,7.31306961845477,0.0 123.41045847743,7.31275668760593,0.0 123.40811036389,7.3125655222082,0.0 123.405755464353,7.31249664106135,0.0 123.403400162006,7.3125502315038,0.0 123.401050841193,7.31272614889845,0.0 123.398713870122,7.3130239170176,0.0 123.396395583622,7.31344272932601,0.0 123.394102265981,7.31398145115873,0.0 123.391840133924,7.31463862278775,0.0 123.389615319773,7.31541246336953,0.0 123.387433854837,7.31630087576256,0.0 123.385301653061,7.31730145220208,0.0 123.383224495013,7.31841148081681,0.0 123.381208012208,7.31962795296996,0.0 123.379257671852,7.32094757140493,0.0 123.377378762015,7.32236675917352,0.0 123.375576377302,7.32388166932284,0.0 123.373855405033,7.32548819531446,0.0 123.372220511989,7.32718198214803,0.0 123.370676131755,7.328958438159,0.0 123.369226452693,7.33081274745873,0.0 123.347600414968,7.36000967966807,0.0 123.327308463873,7.36565005599268,0.0 123.325155595019,7.36630643245195,0.0 123.323038075832,7.36706886921885,0.0 123.320961145164,7.36793548057227,0.0 123.31892994158,7.36890412303516,0.0 123.316949490657,7.36997240066918,0.0 123.315024692545,7.37113767099397,0.0 123.313160309855,7.37239705151643,0.0 123.311360955874,7.37374742685394,0.0 123.309631083148,7.37518545643397,0.0 123.307974972468,7.37670758275121,0.0 123.293318395813,7.39086614353869,0.0 123.291677723274,7.39253521454521,0.0 123.290125751922,7.39428679562983,0.0 123.288666640714,7.39611619469646,0.0 123.287304299997,7.39801851107788,0.0 123.286042381015,7.3999886486576,0.0 123.284884266118,7.40202132951633,0.0 123.283833059685,7.4041111080665,0.0 123.282891579789,7.406252385637,0.0 123.282062350631,7.40843942546921,0.0 123.281347595759,7.41066636808406,0.0 123.28074923209,7.41292724697915,0.0 123.280335946129,7.41489638916818,0.0 123.261945037989,7.42705685265832,0.0 123.259979375169,7.42843275669597,0.0 123.258089555575,7.42991076159604,0.0 123.256280896723,7.43148670980724,0.0 123.254558487995,7.43315616814948,0.0 123.252927176313,7.43491444027553,0.0 123.251391552496,7.43675657987369,0.0 123.249955938332,7.43867740457467,0.0 123.24862437441,7.44067151052342,0.0 123.247400608734,7.44273328757515,0.0 123.246288086167,7.44485693507288,0.0 123.245289938717,7.44703647816222,0.0 123.244408976706,7.44926578459741,0.0 123.243647680846,7.45153858199165,0.0 123.243008195232,7.45384847546298,0.0 123.242492321291,7.45618896562621,0.0 123.242101512689,7.45855346688035,0.0 123.241836871212,7.46093532593994,0.0 123.241699143651,7.46332784055824,0.0 123.241688719667,7.46572427838955,0.0 123.241805630677,7.46811789593752,0.0 123.242049549739,7.47050195753605,0.0 123.242836105071,7.4765874715964,0.0 123.242721537541,7.47594446384465,0.0 123.242175925509,7.47360899164817,0.0 123.241506926729,7.47130570224536,0.0 123.24071642761,7.46904108434763,0.0 123.239806656719,7.46682151765528,0.0 123.23878017849,7.46465325489465,0.0 123.237639885982,7.46254240421345,0.0 123.236388992724,7.46049491198369,0.0 123.235031023649,7.45851654606053,0.0 123.233569805162,7.45661287954402,0.0 123.232009454354,7.4547892750895,0.0 123.230354367403,7.45305086981038,0.0 123.228609207191,7.45140256081616,0.0 123.207171787685,7.43220350854738,0.0 123.205392432277,7.43069073161915,0.0 123.203537224896,7.42927164625731,0.0 123.2016111116,7.4279500358437,0.0 123.199619227356,7.42672942391827,0.0 123.197566882361,7.42561306479019,0.0 123.195459547896,7.42460393486594,0.0 123.193302841752,7.4237047247173,0.0 123.191102513267,7.42291783191058,0.0 123.188864428013,7.42224535461596,0.0 123.186594552175,7.4216890860141,0.0 123.18429893666,7.42125050951479,0.0 123.181983700986,7.42093079480056,0.0 123.179655016978,7.42073079470569,0.0 123.177319092339,7.4206510429389,0.0 123.174982154111,7.42069175265601,0.0 123.172650432095,7.42085281588636,0.0 123.170330142253,7.42113380381439,0.0 123.168027470159,7.42153396791604,0.0 123.165748554515,7.42205224194667,0.0 123.163499470804,7.42268724477553,0.0 123.161286215103,7.42343728405918,0.0 123.159114688106,7.42430036074421,0.0 123.156990679405,7.4252741743874,0.0 123.144768915635,7.43126348780609,0.0 123.142623091574,7.43238713356096,0.0 123.140540570963,7.43362378590251,0.0 123.138527321608,7.4349699019155,0.0 123.136589113024,7.43642162496233,0.0 123.1347314999,7.43797479572228,0.0 123.132959806184,7.43962496409849,0.0 123.13127910982,7.44136740195877,0.0 123.129694228193,7.44319711667363,0.0 123.128209704311,7.44510886541315,0.0 123.12682979378,7.44709717016175,0.0 123.12555845259,7.44915633340775,0.0 123.124399325768,7.45128045446324,0.0 123.123355736912,7.45346344636728,0.0 123.122430678646,7.45569905332415,0.0 123.121626804027,7.45798086862685,0.0 123.121397028603,7.45876486733062,0.0 123.093466763192,7.47460892426355,0.0 123.091360640966,7.47588038431852,0.0 123.089326857646,7.47726420968619,0.0 123.087371425494,7.47875631058837,0.0 123.08550012539,7.48035227712382,0.0 123.083718489749,7.48204739229117,0.0 123.082031786155,7.48383664592004,0.0 123.080445001788,7.48571474946962,0.0 123.078962828666,7.48767615165085,0.0 123.077589649769,7.48971505482637,0.0 123.076329526064,7.4918254321398,0.0 123.062853861731,7.51585485078909,0.0 123.061722561227,7.51800575609093,0.0 123.060708719962,7.52021423006667,0.0 123.060288354835,7.5212773944384,0.0 123.046896123924,7.49337936641566,0.0 123.047339462535,7.49186808498764,0.0 123.047934763574,7.48962708864363,0.0 123.048414103315,7.48735856776742,0.0 123.048776221701,7.48506849477574,0.0 123.049020167312,7.48276289871942,0.0 123.049145299848,7.4804478494125,0.0 123.049151291797,7.47812944145517,0.0 123.049038129273,7.47581377819244,0.0 123.048806112034,7.47350695565088,0.0 123.048455852677,7.47121504649566,0.0 123.047988275001,7.46894408404982,0.0 123.047404611562,7.46670004641815,0.0 123.046706400411,7.46448884075698,0.0 123.045895481029,7.46231628773152,0.0 123.044973989472,7.46018810620139,0.0 123.043944352735,7.45810989817462,0.0 123.042809282355,7.4560871340696,0.0 123.041571767263,7.45412513832362,0.0 123.040235065909,7.45222907538595,0.0 123.038802697681,7.45040393613192,0.0 123.021568101631,7.42956581332533,0.0 123.020007968391,7.42777708854943,0.0 123.01835597229,7.42607252840255,0.0 123.01661666401,7.42445682786024,0.0 123.014794834567,7.42293443715371,0.0 123.012895502116,7.42150954951975,0.0 123.010923898138,7.4201860896581,0.0 123.008885453042,7.41896770292757,0.0 123.006785781211,7.41785774531088,0.0 123.004630665559,7.41685927417559,0.0 123.002426041611,7.41597503985667,0.0 123.000177981172,7.41520747808366,0.0 122.997892675616,7.41455870327341,0.0 122.995576418858,7.41403050270674,0.0 122.993397289315,7.4136523894483,0.0 123.007658796891,7.38070527668149,0.0 123.008535856827,7.37852495982483,0.0 123.009298197586,7.37630207893943,0.0 123.009943759798,7.37404264443584,0.0 123.010470799912,7.3717527654459,0.0 123.010877894886,7.36943863330438,0.0 123.011163946014,7.36710650480946,0.0 123.011328181873,7.36476268530756,0.0 123.011370160389,7.36241351164804,0.0 123.011289770012,7.36006533505389,0.0 123.011087229993,7.35772450395473,0.0 123.010763089774,7.35539734682835,0.0 123.01031822748,7.3530901550972,0.0 123.00975384753,7.35080916612597,0.0 123.009071477358,7.34856054636615,0.0 123.008272963273,7.34635037469299,0.0 123.007360465451,7.34418462597982,0.0 123.00633645208,7.34206915495412,0.0 123.005203692679,7.34000968037875,0.0 123.003965250599,7.338011769601,0.0 123.002624474736,7.3360808235112,0.0 123.001184990474,7.33422206195134,0.0 122.999650689875,7.33244050961308,0.0 122.998025721163,7.33074098246316,0.0 122.996314477504,7.3291280747327,0.0 122.994521585139,7.32760614650563,0.0 122.992651890879,7.32617931193951,0.0 122.990710449007,7.3248514281506,0.0 122.988948963541,7.32377648511781,0.0 122.982087022423,7.31177282464304,0.0 122.980842407393,7.30972371079607,0.0 122.97949074879,7.30774335504137,0.0 122.978035848784,7.30583732658876,0.0 122.976481799719,7.3040109856029,0.0 122.974832972602,7.30226946813858,0.0 122.973094004812,7.30061767170591,0.0 122.971269787058,7.29906024150607,0.0 122.969365449635,7.29760155737596,0.0 122.967386348,7.29624572147857,0.0 122.96533804772,7.29499654677338,0.0 122.963226308833,7.29385754629936,0.0 122.961057069658,7.29283192330046,0.0 122.958836430117,7.29192256222132,0.0 122.956570634587,7.29113202059848,0.0 122.954266054365,7.29046252186988,0.0 122.95192916976,7.28991594912285,0.0 122.949566551894,7.28949383979804,0.0 122.947184844241,7.28919738136432,0.0 122.944790743958,7.28902740797679,0.0 122.942390983078,7.28898439812724,0.0 122.939992309592,7.28906847329385,0.0 122.937601468494,7.28927939759383,0.0 122.935225182829,7.28961657844019,0.0 122.933258815007,7.29000273915307,0.0 122.932357289678,7.28920996995651,0.0 122.93050167396,7.28774284278443,0.0 122.928571785582,7.28637458251052,0.0 122.926572902426,7.28510893113894,0.0 122.924510490934,7.2839493500851,0.0 122.922390191169,7.28289901071411,0.0 122.920217801405,7.28196078567169,0.0 122.917999262285,7.28113724103107,0.0 122.896875590183,7.27391715738221,0.0 122.89452823477,7.27318526557896,0.0 122.892144534243,7.27258175979878,0.0 122.878820766096,7.26959039487818,0.0 122.867585056421,7.25730619484144,0.0 122.865976808723,7.25563586924613,0.0 122.864284944951,7.2540500496081,0.0 122.86251391281,7.25255290454361,0.0 122.86066836798,7.25114836958166,0.0 122.858753161878,7.24984013682492,0.0 122.856773328915,7.24863164524996,0.0 122.854734073271,7.24752607167218,0.0 122.852640755225,7.24652632239921,0.0 122.850498877075,7.2456350255946,0.0 122.848314068688,7.24485452437187,0.0 122.846092072716,7.24418687063703,0.0 122.84383872951,7.24363381969566,0.0 122.841559961791,7.24319682563888,0.0 122.839261759089,7.24287703752007,0.0 122.836950162019,7.24267529633275,0.0 122.834631246417,7.24259213279717,0.0 122.832311107386,7.24262776596184,0.0 122.829995843288,7.24278210262339,0.0 122.827691539729,7.24305473756659,0.0 122.800746960288,7.24694371244987,0.0 122.798369536208,7.2473516426566,0.0 122.796017248872,7.24788548535089,0.0 122.793696780284,7.24854372459314,0.0 122.791414722192,7.24932449105882,0.0 122.789177557374,7.25022556733924,0.0 122.786991641234,7.25124439423055,0.0 122.784863183755,7.25237807799357,0.0 122.782798231868,7.25362339856366,0.0 122.780802652277,7.25497681868756,0.0 122.778882114793,7.25643449396149,0.0 122.777042076234,7.25799228374182,0.0 122.775287764915,7.25964576289778,0.0 122.773624165794,7.26139023437275,0.0 122.772056006302,7.26322074251863,0.0 122.77058774291,7.26513208716551,0.0 122.769223548448,7.26711883838681,0.0 122.767967300247,7.26917535191807,0.0 122.766822569102,7.27129578518559,0.0 122.765792609114,7.27347411389965,0.0 122.764880348427,7.27570414916502,0.0 122.764088380888,7.27797955506036,0.0 122.763418958658,7.28029386663674,0.0 122.762873985788,7.28264050828382,0.0 122.762455012791,7.28501281241191,0.0 122.758861111914,7.30909915834132,0.0 122.75758087542,7.31020242544616,0.0 122.755834692068,7.31187808019018,0.0 122.754180765289,7.31364459041004,0.0 122.752623831228,7.31549689923308,0.0 122.751168348532,7.31742970406342,0.0 122.749818485582,7.31943747175389,0.0 122.748578108543,7.32151445443896,0.0 122.747450770278,7.32365470598329,0.0 122.746439700164,7.32585209899908,0.0 122.745547794824,7.32810034238352,0.0 122.744777609818,7.33039299932615,0.0 122.744131352298,7.33272350573472,0.0 122.743610874674,7.33508518902677,0.0 122.743217669282,7.3374712872332,0.0 122.742952864088,7.33987496835917,0.0 122.742817219435,7.3422893499468,0.0 122.742811125841,7.34470751878375,0.0 122.742934602854,7.34712255070122,0.0 122.743187298979,7.34952753040455,0.0 122.749286926672,7.39563941647036,0.0 122.749651197417,7.39793586341475,0.0 122.750133310193,7.40021056703869,0.0 122.750731990411,7.40245750551802,0.0 122.762668509656,7.44301971449474,0.0 122.763391369745,7.44525856401712,0.0 122.764229971718,7.44745683449332,0.0 122.765182044746,7.44960856925297,0.0 122.765278724385,7.44979951374435,0.0 122.765455884137,7.45134198050788,0.0 122.76584395842,7.45365369136495,0.0 122.766351604814,7.45594220718022,0.0 122.767045466697,7.45872600061969,0.0 122.75466638699,7.46763546870564,0.0 122.752801429616,7.46905230389556,0.0 122.751012414142,7.47056355569847,0.0 122.749304134259,7.47216517580124,0.0 122.747681167537,7.47385287371906,0.0 122.746147863152,7.47562212828136,0.0 122.744708330231,7.47746819973616,0.0 122.743366426831,7.47938614244081,0.0 122.742125749592,7.48137081810495,0.0 122.740989624094,7.48341690955051,0.0 122.739961095926,7.48551893495179,0.0 122.739042922515,7.48767126251767,0.0 122.738237565718,7.48986812557657,0.0 122.737547185215,7.49210363802393,0.0 122.736973632693,7.49437181009066,0.0 122.736518446874,7.49666656439056,0.0 122.736182849367,7.49898175220364,0.0 122.735967741376,7.50131116995162,0.0 122.735873701262,7.5036485758217,0.0 122.735900982972,7.50598770649379,0.0 122.736049515342,7.50832229392651,0.0 122.73631890226,7.51064608215698,0.0 122.736708423713,7.51295284406911,0.0 122.737217037693,7.51523639808573,0.0 122.737843382975,7.51749062473947,0.0 122.738585782743,7.51970948307806,0.0 122.739442249068,7.52188702686002,0.0 122.740410488223,7.52401742049714,0.0 122.741487906817,7.52609495470106,0.0 122.742671618729,7.52811406179178,0.0 122.743958452836,7.53006933062706,0.0 122.755860169985,7.54717049806615,0.0 122.757315774954,7.54914530793234,0.0 122.758876565192,7.55103843652803,0.0 122.760537947686,7.55284431175358,0.0 122.76229503316,7.55455761830839,0.0 122.762404930717,7.55465372160504,0.0 122.762174613663,7.55481415478153,0.0 122.76033209745,7.55624394428445,0.0 122.758565837509,7.55776655956164,0.0 122.75688052569,7.55937795710629,0.0 122.755280639028,7.56107385754421,0.0 122.753770427838,7.56284975699103,0.0 122.752353904425,7.56470093900617,0.0 122.751034832417,7.56662248711201,0.0 122.749816716759,7.56860929784518,0.0 122.748702794387,7.57065609430511,0.0 122.747696025622,7.57275744016429,0.0 122.746799086289,7.57490775410278,0.0 122.746014360591,7.57710132462898,0.0 122.745343934764,7.57933232524704,0.0 122.74478959151,7.58159482993092,0.0 122.744352805246,7.58388282886392,0.0 122.744034738167,7.58619024440185,0.0 122.741377159358,7.61000043695365,0.0 122.741176871527,7.61235137113501,0.0 122.741099832962,7.61470953102595,0.0 122.741146255702,7.61706848840088,0.0 122.741316015217,7.61942181275638,0.0 122.741608650719,7.62176308884458,0.0 122.7420233664,7.62408593416609,0.0 122.742559033582,7.62638401637465,0.0 122.743214193771,7.62865107054597,0.0 122.74398706262,7.63088091626379,0.0 122.74647851026,7.63750388006443,0.0 122.738832606427,7.66110339873667,0.0 122.738156248002,7.66339646268924,0.0 122.737602362376,7.66572199634811,0.0 122.737172501191,7.66807349389764,0.0 122.736867869167,7.67044437676601,0.0 122.736689320706,7.6728280120301,0.0 122.736637357479,7.67521773097357,0.0 122.736712126998,7.67760684774652,0.0 122.73691342218,7.67998867807425,0.0 122.737240681902,7.68235655796288,0.0 122.737692992547,7.68470386234945,0.0 122.738269090542,7.68702402364405,0.0 122.73896736587,7.68931055011234,0.0 122.739785866555,7.69155704404664,0.0 122.740722304109,7.6937572196748,0.0 122.741774059914,7.69590492075664,0.0 122.746329136402,7.70461426299688,0.0 122.745591673069,7.70464893670541,0.0 122.743262024878,7.70487923262413,0.0 122.740947406993,7.70522925717406,0.0 122.738653998461,7.70569807638261,0.0 122.736387921805,7.70628443913286,0.0 122.734155226693,7.70698678049614,0.0 122.731961873802,7.70780322590191,0.0 122.729813718912,7.70873159613376,0.0 122.727716497284,7.70976941313852,0.0 122.725675808355,7.71091390663283,0.0 122.723697100794,7.71216202148987,0.0 122.721785657962,7.71351042588638,0.0 122.719946583806,7.71495552018864,0.0 122.718184789233,7.71649344655348,0.0 122.716504978996,7.71812009921899,0.0 122.714911639132,7.71983113545759,0.0 122.701429693192,7.73508015427647,0.0 122.694217645836,7.73395784851566,0.0 122.691870695009,7.73365499116685,0.0 122.689511091452,7.73347476668963,0.0 122.687145270521,7.73341766705862,0.0 122.684779684558,7.73348384844815,0.0 122.682420785313,7.73367313080189,0.0 122.68007500636,7.73398499831859,0.0 122.677748745572,7.73441860085289,0.0 122.665017209545,7.73713649203871,0.0 122.654236580461,7.73549727470516,0.0 122.630841552291,7.71661680060597,0.0 122.628916811882,7.71514655236603,0.0 122.626916000811,7.71378109114469,0.0 122.624844846283,7.71252432549912,0.0 122.622709276704,7.71137985287726,0.0 122.620515404727,7.71035094932641,0.0 122.618269509772,7.70944056012094,0.0 122.615978020061,7.7086512913357,0.0 122.578622435722,7.69688848762944,0.0 122.566663718705,7.67373894869176,0.0 122.56548690324,7.67160406051898,0.0 122.564196489743,7.66953553294147,0.0 122.562796228822,7.66753937605682,0.0 122.561290190067,7.66562138964772,0.0 122.559682750224,7.66378714634113,0.0 122.557978580467,7.66204197542732,0.0 122.556182632831,7.66039094738582,0.0 122.554300125827,7.65883885916299,0.0 122.552336529277,7.65739022024377,0.0 122.550297548436,7.65604923955818,0.0 122.548189107423,7.65481981326028,0.0 122.546017332017,7.65370551341511,0.0 122.545084069317,7.6532884885879,0.0 122.54428602295,7.65133295875529,0.0 122.543302763588,7.64923754584103,0.0 122.542213319967,7.64719507426794,0.0 122.541020547832,7.64521089554245,0.0 122.53972757352,7.64329020839362,0.0 122.538337785762,7.64143804515991,0.0 122.523368353358,7.62251646684859,0.0 122.516122524017,7.60495492215242,0.0 122.517193513064,7.60424995184493,0.0 122.519084393454,7.60285975366747,0.0 122.520900497583,7.6013736245034,0.0 122.52263694262,7.59979556103518,0.0 122.524289060116,7.59812980709659,0.0 122.525852408557,7.59638084225178,0.0 122.527322785298,7.59455336974078,0.0 122.528696237857,7.59265230382428,0.0 122.529969074532,7.59068275656163,0.0 122.531137874317,7.58865002405779,0.0 122.532199496086,7.58655957221629,0.0 122.533151087023,7.58441702203658,0.0 122.533990090276,7.58222813449534,0.0 122.534714251817,7.57999879505258,0.0 122.535321626478,7.57773499782403,0.0 122.535810583166,7.57544282946271,0.0 122.536179809222,7.57312845279266,0.0 122.536428313936,7.57079809023928,0.0 122.536555431184,7.56845800710039,0.0 122.536560821199,7.56611449470336,0.0 122.536444471461,7.56377385349329,0.0 122.536206696713,7.56144237609783,0.0 122.535848138093,7.55912633041403,0.0 122.535369761387,7.55683194276271,0.0 122.528210740617,7.52646292698201,0.0 122.527601357616,7.52415321022986,0.0 122.526870569355,7.52187884180361,0.0 122.52602041811,7.5196461722811,0.0 122.52505327932,7.51746143573423,0.0 122.523971854946,7.51533073233045,0.0 122.522779165909,7.51326001130871,0.0 122.521478543647,7.51125505437719,0.0 122.520073620799,7.50932145957915,0.0 122.518568321064,7.50746462567173,0.0 122.516966848233,7.50568973706121,0.0 122.515273674452,7.50400174933673,0.0 122.491768411281,7.48177325033737,0.0 122.490013870924,7.48019838826674,0.0 122.488179530252,7.47871687063669,0.0 122.48627036909,7.47733271921997,0.0 122.484291570233,7.47604969148488,0.0 122.482248505376,7.47487127040141,0.0 122.48014672055,7.473800654992,0.0 122.477991921072,7.47284075165218,0.0 122.475789956071,7.47199416626503,0.0 122.473546802624,7.47126319713037,0.0 122.471268549549,7.47064982872822,0.0 122.468961380884,7.47015572633306,0.0 122.466631559126,7.4697822314939,0.0 122.46428540824,7.46953035839197,0.0 122.461929296515,7.46940079108626,0.0 122.459569619292,7.46939388165426,0.0 122.457212781621,7.46950964923302,0.0 122.454865180891,7.46974777996303,0.0 122.45253318948,7.47010762783536,0.0 122.450223137476,7.47058821643958,0.0 122.449082334032,7.47088819971695,0.0 122.445783626929,7.46763415936671,0.0 122.444156388331,7.4661062620792,0.0 122.442455640947,7.46466031750578,0.0 122.4406855237,7.46329984422843,0.0 122.438850344203,7.46202815284528,0.0 122.436954568281,7.46084833791964,0.0 122.395814803124,7.43662753902799,0.0 122.407088853619,7.43310046344868,0.0 122.409321848612,7.43233749273462,0.0 122.411511973118,7.43145941330172,0.0 122.413653276034,7.43046861157554,0.0 122.415739939066,7.42936778025693,0.0 122.41776629255,7.42815991099602,0.0 122.419726830861,7.4268482862536,0.0 122.42161622738,7.42543647037236,0.0 122.423429348965,7.42392829988213,0.0 122.4251612699,7.42232787306587,0.0 122.426807285277,7.4206395388145,0.0 122.428362923778,7.41886788480144,0.0 122.42982395981,7.41701772500868,0.0 122.431186424984,7.41509408663862,0.0 122.432446618888,7.41310219644738,0.0 122.433601119121,7.41104746653658,0.0 122.434646790585,7.40893547964254,0.0 122.435580793983,7.40677197396277,0.0 122.436400593522,7.4045628275612,0.0 122.437103963774,7.4023140423944,0.0 122.437688995712,7.40003172800234,0.0 122.438154101874,7.39772208490814,0.0 122.438498020653,7.39539138777163,0.0 122.438719819702,7.39304596834283,0.0 122.43881889845,7.3906921982615,0.0 122.438794989708,7.38833647174936,0.0 122.438648160376,7.38598518824229,0.0 122.438378811236,7.3836447350093,0.0 122.437987675848,7.3813214698057,0.0 122.437475818533,7.37902170360735,0.0 122.436844631466,7.37675168347301,0.0 122.436095830876,7.37451757558102,0.0 122.435231452366,7.3723254484866,0.0 122.422999576647,7.34352718472755,0.0 122.421911088154,7.34115691503614,0.0 122.420687519511,7.33885325021233,0.0 122.419332943919,7.33662385571988,0.0 122.417851870292,7.33447614981906,0.0 122.395306394817,7.30371816638311,0.0 122.393876651571,7.30186959254381,0.0 122.392353192482,7.30009722095984,0.0 122.390740085327,7.29840578315151,0.0 122.389041637064,7.29679979456209,0.0 122.387262382327,7.29528354251081,0.0 122.385407071328,7.29386107475452,0.0 122.38348065718,7.29253618868858,0.0 122.361327180589,7.27812718086982,0.0 122.359294215645,7.27687974046042,0.0 122.357198254741,7.27574098818012,0.0 122.355045120291,7.27471408753507,0.0 122.352840793427,7.27380189133333,0.0 122.350591397394,7.27300693376372,0.0 122.348303180554,7.27233142335898,0.0 122.345982499047,7.27177723686259,0.0 122.343635799148,7.27134591401638,0.0 122.341269599377,7.27103865328341,0.0 122.338890472409,7.27085630851784,0.0 122.336505026835,7.27079938659126,0.0 122.334832437145,7.27084753563492,0.0 122.334703852592,7.26952516441595,0.0 122.334370638055,7.26727864172328,0.0 122.333924848901,7.2650516652549,0.0 122.33336761193,7.26284985610254,0.0 122.332700335175,7.26067877176405,0.0 122.33192470433,7.25854389212105,0.0 122.331042678488,7.25645060561323,0.0 122.311042237951,7.21212674502581,0.0 122.3053109501,7.19133503109963,0.0 122.304632747379,7.18910153366342,0.0 122.303840023429,7.18690597265075,0.0 122.302934892928,7.18475420078867,0.0 122.301919770083,7.18265195401378,0.0 122.300797362187,7.18060483618901,0.0 122.300461380256,7.18006074551956,0.0 122.30144759964,7.17787695606245,0.0 122.302382705304,7.17564936365302,0.0 122.303197326053,7.17337506236124,0.0 122.303889137518,7.17106054690371,0.0 122.304456166116,7.16871242672022,0.0 122.304896794659,7.16633740709754,0.0 122.305209766952,7.16394227002084,0.0 122.305394191359,7.16153385480746,0.0 122.305449543319,7.15911903857825,0.0 122.305375666827,7.15670471662222,0.0 122.30517277485,7.15429778271064,0.0 122.304841448701,7.15190510941667,0.0 122.304382636353,7.1495335284966,0.0 122.303797649715,7.14718981138885,0.0 122.303088160862,7.14488064988607,0.0 122.302256197243,7.14261263703563,0.0 122.301304135877,7.14039224832288,0.0 122.300768130476,7.13930643463173,0.0 122.301170582141,7.13831888410567,0.0 122.301943651332,7.13609743392916,0.0 122.302599992465,7.13383882850772,0.0 122.30313783054,7.13154918227414,0.0 122.30355571142,7.12923469359005,0.0 122.303852505742,7.1269016279655,0.0 122.304027411961,7.12455630109778,0.0 122.304079958494,7.12220506177558,0.0 122.30401000498,7.11985427469458,0.0 122.303817742634,7.11751030323116,0.0 122.303503693716,7.1151794922206,0.0 122.303068710094,7.11286815078651,0.0 122.302513970918,7.11058253526784,0.0 122.301840979415,7.1083288322896,0.0 122.301051558801,7.10611314202312,0.0 122.300147847331,7.10394146168094,0.0 122.291601751662,7.0848224523136,0.0 122.290595408724,7.08271847927242,0.0 122.289481801822,7.08066914320831,0.0 122.288263895141,7.0786798967909,0.0 122.286944930243,7.07675603276635,0.0 122.285528417438,7.07490266988252,0.0 122.284018126435,7.07312473927723,0.0 122.282418076317,7.07142697136566,0.0 122.280732524835,7.06981388326181,0.0 122.27896595709,7.06828976676721,0.0 122.257961259353,7.0510911255211,0.0 122.257471274939,7.04231333810318,0.0 122.257885505182,7.04245071100487,0.0 122.260182396257,7.04308049128189,0.0 122.262509281247,7.0435886315983,0.0 122.264859710102,7.04397372373248,0.0 122.267227167483,7.04423470055494,0.0 122.269605090843,7.04437083898537,0.0 122.271986888636,7.04438176199502,0.0 122.2743659586,7.04426743964894,0.0 122.276735706077,7.04402818918528,0.0 122.279089562313,7.04366467413133,0.0 122.281421002673,7.04317790245888,0.0 122.283723564747,7.04256922378414,0.0 122.285990866278,7.04184032561989,0.0 122.288216622857,7.0409932286905,0.0 122.290394665362,7.04003028132287,0.0 122.292518957062,7.0389541529288,0.0 122.29458361036,7.03776782659717,0.0 122.296582903115,7.03647459081644,0.0 122.298511294507,7.03507803035058,0.0 122.300363440399,7.03358201629383,0.0 122.302134208147,7.03199069533203,0.0 122.303818690826,7.03030847824025,0.0 122.305412220821,7.02854002764902,0.0 122.306910382765,7.02669024511281,0.0 122.308309025762,7.02476425751702,0.0 122.323100787272,7.0032234730508,0.0 122.324406442392,7.00120939604808,0.0 122.325603270182,6.99912892634712,0.0 122.326687898932,6.9969879279695,0.0 122.327657273297,6.99479243543531,0.0 122.328508662884,6.99254863674989,0.0 122.329239669935,6.99026285595908,0.0 122.329848236063,6.98794153532225,0.0 122.330332648033,6.98559121715329,0.0 122.330691542567,6.98321852538091,0.0 122.330923910167,6.98083014688022,0.0 122.331029097936,6.97843281262799,0.0 122.331006811395,6.97603327873502,0.0 122.330857115295,6.97363830740877,0.0 122.330580433406,6.97125464789999,0.0 122.330177547308,6.96888901748698,0.0 122.329649594161,6.96654808255099,0.0 122.32899806349,6.96423843979598,0.0 122.328224792961,6.96196659766569,0.0 122.327331963189,6.95973895801014,0.0 122.326322091579,6.95756179805323,0.0 122.325198025216,6.95544125271217,0.0 122.323962932833,6.95338329731827,0.0 122.311717175139,6.93415403738623,0.0 122.310414444221,6.93222022515319,0.0 122.309013687863,6.93035609231871,0.0 122.307518631805,6.9285665959631,0.0 122.305933252409,6.92685649467074,0.0 122.304261766084,6.92523033588333,0.0 122.302508618074,6.92369244381443,0.0 122.300678470636,6.92224690795743,0.0 122.298776190654,6.92089757221733,0.0 122.296806836692,6.91964802469507,0.0 122.294775645558,6.91850158815172,0.0 122.292688018383,6.91746131117765,0.0 122.290549506267,6.9165299600901,0.0 122.288365795535,6.91571001158073,0.0 122.286142692621,6.91500364613259,0.0 122.283886108646,6.91441274222402,0.0 122.28160204371,6.91393887133477,0.0 122.279296570957,6.91358329376775,0.0 122.276975820434,6.91334695529744,0.0 122.274645962811,6.91323048465374,0.0 122.272313192984,6.91323419184822,0.0 122.269983713621,6.91335806734704,0.0 122.225065938998,6.91690717681106,0.0 122.222719617937,6.91715412813263,0.0 122.220389367734,6.91752298469077,0.0 122.218081525894,6.91801274363987,0.0 122.215802369059,6.9186220733094,0.0 122.215591312028,6.91868443592101,0.0 122.214435207659,6.91765738854246,0.0 122.203994301678,6.90886246562322,0.0 122.203944047618,6.90853983571031,0.0 122.203451251965,6.90619886954474,0.0 122.202835229918,6.90388723201051,0.0 122.202097708183,6.90161139627436,0.0 122.201240753592,6.89937773517391,0.0 122.200266767306,6.89719250337924,0.0 122.199178478073,6.89506181988603,0.0 122.197978934577,6.89299165088908,0.0 122.196671496889,6.89098779308418,0.0 122.19525982705,6.88905585744488,0.0 122.193747878813,6.88720125351949,0.0 122.192139886563,6.88542917429222,0.0 122.190440353461,6.88374458165065,0.0 122.188654038834,6.88215219250017,0.0 122.186785944848,6.8806564655642,0.0 122.153446949441,6.85537795770682,0.0 122.151441953134,6.85394192656797,0.0 122.149361618912,6.8526172648109,0.0 122.147212133002,6.85140791153027,0.0 122.144999887123,6.85031746295063,0.0 122.142731459495,6.84934916173825,0.0 122.14041359529,6.84850588736354,0.0 122.138053186593,6.84779014754243,0.0 122.135657251919,6.84720407078221,0.0 122.117874732129,6.8433642643282,0.0 122.115612959648,6.84293572789525,0.0 122.113332302421,6.84262275599476,0.0 122.111038666945,6.84242615944187,0.0 122.10873799333,6.84234644766076,0.0 122.106436239926,6.84238382736355,0.0 122.104139367904,6.84253820201263,0.0 122.101853325832,6.84280917206762,0.0 122.099584034278,6.84319603601658,0.0 122.097337370494,6.84369779218865,0.0 122.0951191532,6.84431314134358,0.0 122.09293512753,6.84504049003147,0.0 122.090790950159,6.84587795471405,0.0 122.08869217466,6.84682336663694,0.0 122.043963133946,6.86835408399055,0.0 122.013789173704,6.8762773313949,0.0 122.011380488961,6.87698166755497,0.0 122.009014588453,6.87781841664157,0.0 122.006698753567,6.87878500383226,0.0 122.004440111761,6.87987845469117,0.0 122.002245614642,6.88109540431322,0.0 122.00012201658,6.88243210766973,0.0 121.969908646844,6.90263937262952,0.0 121.968708642606,6.90244008076042,0.0 121.966277590227,6.90217026626812,0.0 121.963835498339,6.90203214880447,0.0 121.961389504752,6.90202613234765,0.0 121.958946758702,6.9021522347646,0.0 121.956514399969,6.9024100877556,0.0 121.95409953803,6.90279893792662,0.0 121.951709231295,6.90331764898638,0.0 121.949350466486,6.90396470506189,0.0 121.947030138239,6.9047382151227,0.0 121.944755028958,6.90563591850105,0.0 121.942531789005,6.90665519149192,0.0 121.940366917273,6.90779305501383,0.0 121.938266742196,6.9090461833079,0.0 121.936237403258,6.91041091365015,0.0 121.912953046035,6.9269997307053,0.0 121.911035702643,6.92844382397532,0.0 121.909197714609,6.92998752605338,0.0 121.907444258679,6.93162648995384,0.0 121.905780273719,6.93335610036457,0.0 121.904210446792,6.93517148663576,0.0 121.902739199964,6.93706753648805,0.0 121.901370677833,6.93903891040173,0.0 121.884424241133,6.96488753409164,0.0 121.883166325065,6.96692150816047,0.0 121.882017780399,6.96901908942135,0.0 121.880981821096,6.97117441115012,0.0 121.880061346343,6.97338144503221,0.0 121.879258932427,6.97563401801854,0.0 121.878576825509,6.97792582958725,0.0 121.878016935331,6.98025046936298,0.0 121.877580829845,6.98260143504445,0.0 121.872825694711,7.0126485299519,0.0 121.854523674969,7.0680538332023,0.0 121.853824167212,7.0703792817297,0.0 121.853250646896,7.07273889508017,0.0 121.852804770459,7.07512586639128,0.0 121.852487826175,7.07753330976911,0.0 121.852300730414,7.07995428015116,0.0 121.852244024975,7.08238179334135,0.0 121.852317875499,7.08480884615912,0.0 121.855920540655,7.1475898396276,0.0 121.856115048607,7.14992103686634,0.0 121.856430030446,7.15223906309188,0.0 121.856864644533,7.15453771134211,0.0 121.857417728832,7.15681082645738,0.0 121.858087804008,7.15905232156648,0.0 121.858873077365,7.16125619439068,0.0 121.859771447636,7.16341654332198,0.0 121.86078051059,7.16552758323256,0.0 121.888281593331,7.21942058863559,0.0 121.889452208222,7.22156858101239,0.0 121.890737432782,7.22365020975809,0.0 121.892133506828,7.22565938241936,0.0 121.893636345585,7.22759021854846,0.0 121.895241551622,7.22943706692356,0.0 121.896944427724,7.23119452209853,0.0 121.898739990632,7.23285744023333,0.0 121.926724106089,7.25739970521929,0.0 121.934019342946,7.27053593390818,0.0 121.935268856958,7.27264850016892,0.0 121.936631323732,7.27469025949483,0.0 121.938102730699,7.2766551967859,0.0 121.939678744179,7.27853752321061,0.0 121.941354722132,7.28033169327003,0.0 121.943125727835,7.28203242114516,0.0 121.944986544425,7.28363469627917,0.0 121.946931690267,7.28513379814869,0.0 121.948955435105,7.28652531018015,0.0 121.951051816956,7.28780513277044,0.0 121.953214659679,7.28896949537303,0.0 121.95543759118,7.29001496761404,0.0 121.957714062204,7.29093846940535,0.0 121.96991199474,7.29550557052525,0.0 125.650648176829,9.77178827296444,0.0 125.652915169372,9.77164952383003,0.0 125.653609339397,9.77157116432208,0.0 125.651934880309,9.78027386137735,0.0 125.651898412702,9.78027470751016,0.0 125.645800205541,9.78057686306874,0.0 125.646333006542,9.77983204679901,0.0 125.647602498568,9.77784527296429,0.0 125.648765732153,9.77579549892946,0.0 125.649819540112,9.77368831041747,0.0 125.650648176829,9.77178827296444,0.0 126.240686642449,6.84975991848853,0.0 126.241084536856,6.85169174873929,0.0 126.241693159045,6.85401272301467,0.0 126.242201437864,6.85560068631143,0.0 126.242178570206,6.85562716183338,0.0 126.240696866914,6.8575416715489,0.0 126.239320231252,6.85953299629245,0.0 126.238052643316,6.86159538221729,0.0 126.236897768222,6.86372286994559,0.0 126.23585894549,6.8659093117868,0.0 126.230124880054,6.87886565513441,0.0 126.224652404989,6.88568478845181,0.0 126.226474802015,6.87034278844046,0.0 126.240686642449,6.84975991848853,0.0 125.839249707336,7.13105860634078,0.0 125.839321370401,7.13179085499448,0.0 125.839679201797,7.13414935455904,0.0 125.840161519069,7.13648562717385,0.0 125.843266292852,7.14973915979617,0.0 125.841419383364,7.15165522217191,0.0 125.839842750069,7.1533780528158,0.0 125.838357554164,7.15518012982745,0.0 125.836967783452,7.15705661712761,0.0 125.835677169774,7.15900247877448,0.0 125.834489178973,7.16101249247466,0.0 125.833407001569,7.16308126359585,0.0 125.832433544178,7.16520323964383,0.0 125.831571421688,7.16737272516466,0.0 125.830822950216,7.16958389703248,0.0 125.830190140872,7.17183082008142,0.0 125.829674694332,7.17410746304001,0.0 125.829277996254,7.17640771472511,0.0 125.829001113535,7.17872540045178,0.0 125.828844791421,7.1810542986151,0.0 125.828512299209,7.18914416986223,0.0 125.802366273636,7.22373961972796,0.0 125.800971539921,7.22569085996241,0.0 125.799682699515,7.2277134265238,0.0 125.79850340339,7.22980159355108,0.0 125.797436992506,7.23194944928365,0.0 125.796486488326,7.23415091279664,0.0 125.795654584236,7.23639975121702,0.0 125.794943637895,7.23868959737192,0.0 125.794355664532,7.24101396781906,0.0 125.793892331212,7.24336628120828,0.0 125.79355495209,7.24573987692211,0.0 125.793344484665,7.24812803394253,0.0 125.793261527041,7.25052398989032,0.0 125.793306316209,7.25292096018312,0.0 125.793478727351,7.25531215725768,0.0 125.797968743772,7.30067072607403,0.0 125.778418845831,7.29276796737922,0.0 125.709898057179,7.23666817821349,0.0 125.707825443015,7.23450908781015,0.0 125.720027302494,7.23531332038246,0.0 125.722353660231,7.2354065010459,0.0 125.724681726492,7.23537971895559,0.0 125.727005301598,7.23523304662817,0.0 125.729318197961,7.23496687584178,0.0 125.73161425658,7.23458191657921,0.0 125.733887363453,7.23407919512303,0.0 125.736131465866,7.23346005130813,0.0 125.738340588522,7.23272613493895,0.0 125.74050884946,7.23187940138125,0.0 125.742630475718,7.23092210634027,0.0 125.744699818715,7.22985679983936,0.0 125.746711369283,7.22868631941534,0.0 125.748659772345,7.22741378254874,0.0 125.750539841162,7.22604257834942,0.0 125.752346571141,7.22457635851978,0.0 125.754075153151,7.22301902761966,0.0 125.755720986318,7.22137473265928,0.0 125.757279690264,7.21964785204772,0.0 125.758747116753,7.21784298392681,0.0 125.760119360719,7.21596493392127,0.0 125.76139277065,7.2140187023381,0.0 125.762563958286,7.21200947084917,0.0 125.763408061427,7.21037259676003,0.0 125.777492650517,7.20519205355162,0.0 125.779727980311,7.20430150953156,0.0 125.781912565568,7.20329318961517,0.0 125.784040189972,7.20216996451007,0.0 125.786104799543,7.20093503182694,0.0 125.788100519866,7.1995919069628,0.0 125.790021672802,7.19814441308082,0.0 125.791862792638,7.19659667021534,0.0 125.793618641634,7.19495308353333,0.0 125.817732863369,7.17114150398034,0.0 125.819348996078,7.16946083591133,0.0 125.820875952966,7.16769896274693,0.0 125.822309650924,7.16586059821403,0.0 125.82364625647,7.16395066050971,0.0 125.824882195991,7.16197425913874,0.0 125.826014165281,7.15993668124104,0.0 125.827039138358,7.15784337744552,0.0 125.838487697622,7.13284344660897,0.0 125.839249707336,7.13105860634078,0.0 123.243520831052,7.48188483946037,0.0 123.243819340495,7.48419416368624,0.0 123.243623399748,7.48420927016907,0.0 123.243604426533,7.48307784033848,0.0 123.243520831052,7.48188483946037,0.0 123.094955627258,7.60514648166839,0.0 123.113896108255,7.61257585524919,0.0 123.108025551523,7.61626232922022,0.0 123.106026548696,7.61759275305097,0.0 123.104101077691,7.61902709457566,0.0 123.10225455998,7.62056131629896,0.0 123.100492194962,7.62219109946032,0.0 123.098849451461,7.62388048405272,0.0 123.097214405737,7.61369016261606,0.0 123.096781787327,7.61138031670668,0.0 123.096229402626,7.609096033539,0.0 123.095558747254,7.60684349071761,0.0 123.094955627258,7.60514648166839,0.0 125.395959652105,5.32639332571018,0.0 125.387520622461,5.32370430618512,0.0 125.385314102545,5.32306290232528,0.0 125.383077784268,5.32253525530714,0.0 125.380817500458,5.3221227424248,0.0 125.378539146512,5.32182644069513,0.0 125.37624866504,5.32164712403967,0.0 125.37395203037,5.32158526125622,0.0 125.37165523298,5.32164101478569,0.0 125.369364263881,5.32181424027738,0.0 125.367085099003,5.32210448695407,0.0 125.36482368361,5.32251099877593,0.0 125.340013999195,5.32762904259945,0.0 125.337706371771,5.3281689147078,0.0 125.335430299717,5.32882983977637,0.0 125.333192098932,5.32960998499463,0.0 125.330997980402,5.33050718668466,0.0 125.32885403297,5.33151895629079,0.0 125.326766206441,5.33264248727111,0.0 125.324740295067,5.33387466287195,0.0 125.322781921468,5.33521206476383,0.0 125.320896521024,5.33665098251509,0.0 125.319089326784,5.3381874238771,0.0 125.317365354936,5.33981712585249,0.0 125.315729390873,5.34153556651602,0.0 125.314185975907,5.34333797755513,0.0 125.312739394647,5.3452193574957,0.0 125.311393663097,5.34717448557622,0.0 125.310152517492,5.34919793623209,0.0 125.309019403915,5.35128409414962,0.0 125.307997468711,5.3534271698484,0.0 125.307089549739,5.3556212157484,0.0 125.306298168476,5.35786014267743,0.0 125.305625522997,5.36013773677315,0.0 125.30507348186,5.36244767673253,0.0 125.304643578894,5.36478355136096,0.0 125.304337008924,5.36713887737224,0.0 125.301359164809,5.39591033808201,0.0 125.301176299154,5.39828947259025,0.0 125.301119281019,5.40067497148413,0.0 125.301188271631,5.40306015260282,0.0 125.301383079187,5.40543833459843,0.0 125.301703159367,5.40780285566188,0.0 125.302147616851,5.41014709219467,0.0 125.302715207811,5.4124644773742,0.0 125.303404343382,5.41474851956056,0.0 125.304213094106,5.41699282049288,0.0 125.30513919533,5.41919109322432,0.0 125.306180053539,5.4213371797451,0.0 125.307332753621,5.42342506824425,0.0 125.30859406703,5.42544890996135,0.0 125.309960460833,5.42740303558111,0.0 125.311428107602,5.42928197112456,0.0 125.335065552117,5.45794403302688,0.0 125.336591792284,5.45970010580771,0.0 125.338206485814,5.4613748542698,0.0 125.3399053241,5.4629638099179,0.0 125.341683773918,5.46446273324323,0.0 125.343537089533,5.46586762503998,0.0 125.345460325371,5.46717473707953,0.0 125.34744834923,5.46838058211369,0.0 125.349495855986,5.46948194318041,0.0 125.351597381763,5.47047588218696,0.0 125.353747318532,5.47135974774776,0.0 125.355939929081,5.47213118225594,0.0 125.378136166411,5.47930025093989,0.0 125.380443567447,5.4799777942251,0.0 125.382783792754,5.48053083194627,0.0 125.385150156484,5.48095778533703,0.0 125.387535898189,5.48125743586879,0.0 125.389934202152,5.4814289287209,0.0 125.392338216874,5.48147177521064,0.0 125.394741074661,5.48138585417619,0.0 125.397135911259,5.48117141230891,0.0 125.399515885478,5.48082906343397,0.0 125.40187419874,5.48035978674162,0.0 125.404204114516,5.47976492397437,0.0 125.406498977574,5.47904617557831,0.0 125.408752232997,5.47820559582959,0.0 125.41069054885,5.47742278786619,0.0 125.410792975019,5.47781257889716,0.0 125.411536886123,5.48012823568988,0.0 125.412404376744,5.4824003038666,0.0 125.41339292129,5.48462216620241,0.0 125.414499641465,5.48678735169696,0.0 125.415721314655,5.48888955443331,0.0 125.417054383307,5.4909226519555,0.0 125.418494965296,5.49288072311115,0.0 125.442582657701,5.5238328260666,0.0 125.444053905301,5.52562593690005,0.0 125.44561532928,5.52734077447301,0.0 125.447262788558,5.52897279112082,0.0 125.448991913786,5.53051765888961,0.0 125.450798118938,5.53197128101918,0.0 125.45267661349,5.53332980281159,0.0 125.454622415133,5.53458962185663,0.0 125.456630363,5.53574739758694,0.0 125.458695131369,5.53680006013753,0.0 125.460811243798,5.53774481848597,0.0 125.462973087669,5.53857916785188,0.0 125.465174929083,5.53930089633602,0.0 125.467410928088,5.53990809078129,0.0 125.46967515418,5.54039914184036,0.0 125.471961602046,5.54077274823632,0.0 125.474264207507,5.54102792020527,0.0 125.476576863614,5.54116398211176,0.0 125.478893436861,5.54118057423019,0.0 125.481207783461,5.54107765368762,0.0 125.483513765651,5.54085549456557,0.0 125.485805267984,5.54051468716066,0.0 125.488076213552,5.54005613640625,0.0 125.490320580115,5.53948105945926,0.0 125.492532416074,5.53879098245892,0.0 125.494705856259,5.53798773646598,0.0 125.496835137489,5.5370734525935,0.0 125.498914613854,5.5360505563421,0.0 125.500938771689,5.53492176115502,0.0 125.502902244191,5.53369006121005,0.0 125.504799825647,5.53235872346775,0.0 125.523551969989,5.51846746542381,0.0 125.525406005545,5.51701737334191,0.0 125.52718185877,5.51547216781977,0.0 125.52887467623,5.51383607366926,0.0 125.530479831638,5.51211356403415,0.0 125.531992938489,5.51030934815397,0.0 125.533409862036,5.50842835848384,0.0 125.534726730577,5.50647573720564,0.0 125.535939946022,5.50445682216739,0.0 125.537046193709,5.5023771322894,0.0 125.538042451448,5.50024235247705,0.0 125.538925997758,5.49805831808145,0.0 125.53969441929,5.49583099895049,0.0 125.540345617402,5.49356648311385,0.0 125.540877813874,5.49127096014646,0.0 125.543775560995,5.47710157163529,0.0 125.544183313813,5.47480790212606,0.0 125.544472258676,5.472496185651,0.0 125.544641625286,5.4701725972358,0.0 125.544690962719,5.46784334352922,0.0 125.544620140615,5.46551464623271,0.0 125.54442934951,5.46319272549078,0.0 125.544119100313,5.46088378328618,0.0 125.543690222926,5.45859398688436,0.0 125.543143864019,5.45632945237097,0.0 125.532324359763,5.41606245708222,0.0 125.532226357388,5.41570356235884,0.0 125.52305426591,5.38264602640464,0.0 125.522366362527,5.38039571285854,0.0 125.521562214711,5.37818444702285,0.0 125.520644015087,5.37601825598642,0.0 125.519614267017,5.37390304398514,0.0 125.51847577778,5.37184457632012,0.0 125.517231650917,5.36984846365413,0.0 125.515885277773,5.36792014672884,0.0 125.514440328256,5.36606488154458,0.0 125.512900740842,5.36428772504271,0.0 125.511270711844,5.36259352132963,0.0 125.509554683982,5.36098688847979,0.0 125.507757334287,5.35947220595367,0.0 125.50588356136,5.35805360266481,0.0 125.503938472038,5.35673494572853,0.0 125.501927367482,5.3555198299228,0.0 125.499855728748,5.35441156789008,0.0 125.49772920186,5.3534131811067,0.0 125.495553582439,5.35252739164456,0.0 125.493334799917,5.35175661474748,0.0 125.491078901401,5.35110295224246,0.0 125.488792035197,5.35056818680411,0.0 125.486480434077,5.35015377708753,0.0 125.484150398297,5.34986085374343,0.0 125.48180827845,5.34969021632612,0.0 125.465696557843,5.34893928472631,0.0 125.464284841112,5.34891071096084,0.0 125.463891049392,5.34812187261857,0.0 125.462706133629,5.34603414352128,0.0 125.461411969233,5.34401262484487,0.0 125.460012229704,5.34206305430174,0.0 125.458510888063,5.34019096544564,0.0 125.456912205581,5.33840167197484,0.0 125.455220719695,5.33670025265817,0.0 125.453441231133,5.33509153692659,0.0 125.451578790304,5.33358009117122,0.0 125.449638682974,5.3321702057864,0.0 125.447626415281,5.3308658829948,0.0 125.445547698119,5.3296708254888,0.0 125.443408430945,5.3285884259205,0.0 125.441214685053,5.32762175727025,0.0 125.438972686362,5.32677356412077,0.0 125.436688797757,5.32604625486208,0.0 125.434369501054,5.32544189484898,0.0 125.425154078538,5.32330142998084,0.0 125.422796798664,5.32282007317424,0.0 125.420417208985,5.32246572876121,0.0 125.418022115567,5.3222394114834,0.0 125.415618368919,5.32214176991247,0.0 125.413212844421,5.322173084582,0.0 125.410812422664,5.32233326717136,0.0 125.40842396979,5.32262186074387,0.0 125.406054317858,5.32303804103882,0.0 125.40371024531,5.3235806188138,0.0 125.401398457594,5.32424804323086,0.0 125.399125567986,5.32503840627696,0.0 125.396898078678,5.32594944820622,0.0 125.395959652105,5.32639332571018,0.0 124.091039882872,7.31302923442529,0.0 124.090963914107,7.3108437756094,0.0 124.090751929199,7.30844547391068,0.0 124.090412205454,7.30606186371474,0.0 124.089945710732,7.30369972250141,0.0 124.089353773249,7.30136576662497,0.0 124.08863807778,7.29906663222754,0.0 124.087800660852,7.29680885638127,0.0 124.086843904941,7.29459885851273,0.0 124.085770531683,7.29244292216213,0.0 124.084583594125,7.29034717712918,0.0 124.08328646804,7.28831758205604,0.0 124.081882842321,7.28635990749684,0.0 124.08037670849,7.28447971952168,0.0 124.078772349349,7.28268236390163,0.0 124.060722082967,7.26351342779018,0.0 124.059036215996,7.26181535825602,0.0 124.057262697047,7.26020878142889,0.0 124.05540649941,7.25869820249881,0.0 124.05347282807,7.257287857507,0.0 124.05146710513,7.25598170147347,0.0 124.049394954612,7.25478339731155,0.0 124.047262186706,7.25369630556032,0.0 124.045074781489,7.25272347496382,0.0 124.042838872176,7.2518676339232,0.0 124.040560727939,7.25113118284593,0.0 124.038246736343,7.25051618741341,0.0 124.035903385461,7.25002437278597,0.0 124.033537245692,7.24965711876134,0.0 124.031154951364,7.24941545590045,0.0 124.028763182145,7.2493000626313,0.0 124.026368644334,7.24931126333912,0.0 124.023978052075,7.24944902744831,0.0 124.021598108546,7.2497129694988,0.0 124.01923548718,7.25010235021667,0.0 124.016896812966,7.25061607857624,0.0 124.014588643888,7.25125271484792,0.0 124.012317452546,7.25201047462336,0.0 124.010089608013,7.25288723380686,0.0 124.007911357992,7.2538805345591,0.0 124.005788811292,7.2549875921767,0.0 124.003727920711,7.25620530288849,0.0 124.00173446634,7.25753025254677,0.0 123.999814039355,7.25895872618925,0.0 123.997972026334,7.26048671844518,0.0 123.99621359415,7.26210994475645,0.0 123.99454367547,7.26382385338246,0.0 123.992966954918,7.26562363815515,0.0 123.991487855919,7.26750425194856,0.0 123.990110528288,7.26946042082529,0.0 123.988838836569,7.27148665882019,0.0 123.987676349187,7.27357728332008,0.0 123.974337517047,7.29913719293514,0.0 123.973276541426,7.30131020019224,0.0 123.97233355988,7.30353679206513,0.0 123.971511277563,7.30581058608292,0.0 123.970812053727,7.30812506432665,0.0 123.970237894934,7.31047359211305,0.0 123.969790449277,7.31284943701453,0.0 123.969471001635,7.31524578816101,0.0 123.969280469959,7.31765577576809,0.0 123.969219402617,7.32007249083564,0.0 123.969287976798,7.32248900496026,0.0 123.969485997977,7.32489839020468,0.0 123.969812900453,7.32729373896708,0.0 123.970267748945,7.3296681837933,0.0 123.970849241253,7.33201491707499,0.0 123.971555711973,7.33432721057702,0.0 123.972385137253,7.33659843473821,0.0 123.973335140581,7.33882207768975,0.0 123.974402999582,7.34099176393659,0.0 123.98302386022,7.35738275169188,0.0 123.984154913809,7.35940529245408,0.0 123.985388391001,7.36136725395574,0.0 123.986721045539,7.36326347135163,0.0 123.988149369934,7.3650889528623,0.0 123.9896696047,7.3668388929237,0.0 123.991277748248,7.36850868484634,0.0 123.992969567424,7.37009393295031,0.0 124.035735287703,7.40814669885254,0.0 124.037564657412,7.40968939624678,0.0 124.039473271396,7.41113326530859,0.0 124.041455777815,7.41247425764013,0.0 124.043506617503,7.41370861335924,0.0 124.045620039575,7.41483287164683,0.0 124.04779011756,7.41584388045461,0.0 124.050010766041,7.41673880534575,0.0 124.052275757737,7.41751513744357,0.0 124.054578740977,7.4181707004661,0.0 124.056913257538,7.41870365682666,0.0 124.05927276077,7.41911251278339,0.0 124.061650633973,7.41939612262332,0.0 124.064040208972,7.41955369186923,0.0 124.066434784836,7.41958477950046,0.0 124.068827646685,7.41948929918145,0.0 124.071212084542,7.41926751949464,0.0 124.073581412159,7.41892006317726,0.0 124.075928985787,7.41844790536412,0.0 124.078248222822,7.41785237084162,0.0 124.080532620268,7.41713513032075,0.0 124.082775772992,7.41629819573958,0.0 124.084971391688,7.41534391460878,0.0 124.08711332052,7.41427496341599,0.0 124.089195554388,7.41309434010774,0.0 124.091212255772,7.41180535567036,0.0 124.093157771093,7.41041162483329,0.0 124.095026646571,7.40891705592137,0.0 124.096813643504,7.40732583988453,0.0 124.098513752956,7.40564243853586,0.0 124.100122209788,7.40387157203114,0.0 124.101634506009,7.40201820562516,0.0 124.1030464034,7.40008753574195,0.0 124.104353945379,7.39808497539824,0.0 124.105553468081,7.39601613902107,0.0 124.106641610608,7.39388682670206,0.0 124.10761532443,7.39170300793283,0.0 124.10847188191,7.38947080486693,0.0 124.109208883929,7.38719647515548,0.0 124.109824266588,7.38488639440456,0.0 124.110316306966,7.38254703830338,0.0 124.110683627928,7.38018496447366,0.0 124.113465946494,7.35852528063726,0.0 124.113704458478,7.35618805429603,0.0 124.113820866784,7.3538416060519,0.0 124.113814858196,7.3514922891522,0.0 124.113686450915,7.34914646450959,0.0 124.113435994489,7.3468104834863,0.0 124.113064168847,7.34449067070527,0.0 124.112571982438,7.34219330693451,0.0 124.111960769485,7.3399246120911,0.0 124.111232186356,7.33769072841052,0.0 124.110388207064,7.33549770382694,0.0 124.109431117912,7.33335147560912,0.0 124.108363511293,7.33125785429636,0.0 124.107188278659,7.32922250797758,0.0 124.10590860269,7.32725094695608,0.0 124.104527948672,7.32534850884147,0.0 124.103050055114,7.3235203441087,0.0 124.101478923622,7.3217714021635,0.0 124.099818808074,7.32010641795156,0.0 124.098074203103,7.31852989914773,0.0 124.096249831937,7.31704611395984,0.0 124.091039882872,7.31302923442529,0.0 121.823087101122,6.53815091295253,0.0 121.822279246498,6.53815877661369,0.0 121.819956363462,6.53830116992355,0.0 121.817643882741,6.53856292363906,0.0 121.815347931747,6.53894334439258,0.0 121.81307459415,6.5394414243759,0.0 121.810829893768,6.54005584400659,0.0 121.808619778615,6.54078497541994,0.0 121.806450105153,6.54162688677728,0.0 121.804326622782,6.54257934737942,0.0 121.802254958612,6.54363983357165,0.0 121.80024060256,6.54480553542467,0.0 121.772241627393,6.56198407599901,0.0 121.77026981014,6.56326552796201,0.0 121.768367281489,6.56464778007138,0.0 121.766539189004,6.56612709305559,0.0 121.764790479018,6.5676994650162,0.0 121.763125883246,6.56936064224704,0.0 121.761549905983,6.57110613073496,0.0 121.760066811916,6.57293120831079,0.0 121.75868061458,6.57483093741802,0.0 121.757395065491,6.57680017846454,0.0 121.756213643988,6.57883360372152,0.0 121.755139547813,6.58092571173189,0.0 121.754175684441,6.58307084218944,0.0 121.753324663205,6.58526319124839,0.0 121.752588788222,6.5874968272222,0.0 121.751970052142,6.58976570662893,0.0 121.75147013074,6.59206369054011,0.0 121.751090378365,6.59438456118861,0.0 121.750831824259,6.59672203879083,0.0 121.74855595004,6.62370221880222,0.0 121.748416894017,6.62612660180394,0.0 121.748408221861,6.62855495322077,0.0 121.748529960505,6.63098026694204,0.0 121.74878176061,6.63339554552145,0.0 121.749162897551,6.63579382036833,0.0 121.749672273487,6.63816817185682,0.0 121.750308420507,6.64051174929485,0.0 121.751069504845,6.64281779069526,0.0 121.751953332155,6.64507964229194,0.0 121.752957353822,6.64729077774457,0.0 121.754078674303,6.64944481697654,0.0 121.775034978229,6.6871864056026,0.0 121.776269866069,6.68927595282167,0.0 121.777615143093,6.69129622794903,0.0 121.779066932824,6.69324140769202,0.0 121.780621051615,6.6951058851668,0.0 121.782273020705,6.6968842860684,0.0 121.784018079126,6.69857148417049,0.0 121.78585119742,6.70016261611011,0.0 121.78776709214,6.7016530954147,0.0 121.789760241083,6.70303862573065,0.0 121.79182489921,6.70431521321537,0.0 121.821978224897,6.72185658820695,0.0 121.824076130904,6.72300377583617,0.0 121.826231768572,6.72403848559961,0.0 121.828439109271,6.72495782381399,0.0 121.830691979674,6.7257592194643,0.0 121.832984079035,6.72644043139813,0.0 121.835308996825,6.7269995545967,0.0 121.837660230673,6.72743502550498,0.0 121.840031204571,6.72774562640602,0.0 121.842415287276,6.72793048882704,0.0 121.844805810875,6.72798909596802,0.0 121.847196089453,6.72792128414574,0.0 121.849579437802,6.7277272432494,0.0 121.851949190139,6.72740751620648,0.0 121.854298718763,6.72696299746044,0.0 121.856621452603,6.72639493046451,0.0 121.858910895616,6.72570490419866,0.0 121.861160644962,6.72489484871957,0.0 121.88394310599,6.71600388826326,0.0 121.886294469816,6.71500881708368,0.0 121.8883572926,6.71399499430269,0.0 121.889525126325,6.71455198931359,0.0 121.891725594841,6.71546260359634,0.0 121.89397097149,6.71625612585862,0.0 121.895331670375,6.7166577913063,0.0 121.895330574016,6.72860802006385,0.0 121.895396697951,6.73105597589266,0.0 121.895595318304,6.73349676042887,0.0 121.895925854216,6.7359232116159,0.0 121.896387337698,6.73832820935592,0.0 121.896978416443,6.7407046964072,0.0 121.897697357778,6.7430456990981,0.0 121.898542053725,6.74534434779683,0.0 121.89951002717,6.74759389707697,0.0 121.900598439117,6.74978774551924,0.0 121.901804096999,6.75191945509155,0.0 121.903123464037,6.75398277005019,0.0 121.904552669608,6.75597163530661,0.0 121.906087520593,6.75788021420578,0.0 121.920255167134,6.77455104158821,0.0 121.921893140071,6.77637564081693,0.0 121.92362766291,6.77810879246338,0.0 121.925453634733,6.77974539892069,0.0 121.927365685484,6.78128064652388,0.0 121.929358191767,6.78271001971652,0.0 121.931425293386,6.78402931434045,0.0 121.933560910596,6.78523465000889,0.0 121.935758761988,6.78632248152691,0.0 121.938012382978,6.78728960932503,0.0 121.959681670827,6.79590031788181,0.0 121.961874723397,6.79670676175331,0.0 121.964106524732,6.79739889568182,0.0 121.96637111547,6.7979748717358,0.0 121.968662448648,6.79843315215591,0.0 121.970974405857,6.7987725134623,0.0 121.973300813595,6.79899204972179,0.0 121.975635459766,6.79909117496652,0.0 121.977972110281,6.79906962475726,0.0 121.980304525724,6.79892745688757,0.0 121.982626478018,6.7986650512266,0.0 121.984931767078,6.79828310870129,0.0 121.987214237375,6.79778264942052,0.0 121.989467794385,6.79716500994637,0.0 121.991686420879,6.79643183971977,0.0 121.993864192992,6.79558509665023,0.0 121.995995296062,6.79462704188141,0.0 121.998074040152,6.79356023374672,0.0 122.00009487526,6.792387520931,0.0 122.002052406136,6.79111203485679,0.0 122.003306567771,6.79019923173623,0.0 122.003403462825,6.79022456339136,0.0 122.005758168454,6.79070818538096,0.0 122.008135257581,6.79106604815045,0.0 122.010528012401,6.79129714063486,0.0 122.012929670828,6.79140081003316,0.0 122.015333445624,6.79137676365154,0.0 122.017732543594,6.79122506972813,0.0 122.020120184802,6.79094615723678,0.0 122.037965208785,6.78837900505753,0.0 122.067665297298,6.79345067765299,0.0 122.069986501367,6.7937853079147,0.0 122.072321939335,6.79399919849791,0.0 122.074665329195,6.79409177434409,0.0 122.077010367561,6.7940627867156,0.0 122.079350746639,6.79391231386225,0.0 122.081680171206,6.79364076080774,0.0 122.083992375559,6.79324885825627,0.0 122.08628114038,6.7927376606225,0.0 122.088540309481,6.79210854319009,0.0 122.090763806372,6.79136319840669,0.0 122.092945650616,6.79050363132518,0.0 122.095079973924,6.78953215420375,0.0 122.097161035952,6.78845138027926,0.0 122.099183239741,6.78726421673078,0.0 122.10114114678,6.7859738568524,0.0 122.103029491636,6.78458377145629,0.0 122.10484319612,6.78309769952946,0.0 122.106577382941,6.78151963816924,0.0 122.108227388828,6.77985383182488,0.0 122.109788777062,6.77810476087403,0.0 122.111257349409,6.77627712956523,0.0 122.1126291574,6.77437585335874,0.0 122.113900512944,6.77240604569982,0.0 122.116790874504,6.76766207160939,0.0 122.117138034491,6.76765461545427,0.0 122.119471511755,6.76748349230147,0.0 122.121793007371,6.7671919402861,0.0 122.124096305222,6.76678074036574,0.0 122.126375237985,6.76625099386451,0.0 122.147769661018,6.76069030610906,0.0 122.150005796407,6.7600472139206,0.0 122.152205872514,6.75928998277903,0.0 122.154364063238,6.75842061828165,0.0 122.156474653508,6.75744142295682,0.0 122.158532054437,6.75635499015919,0.0 122.160530818116,6.75516419719455,0.0 122.162465652055,6.7538721976926,0.0 122.164331433197,6.75248241324785,0.0 122.166123221488,6.75099852435105,0.0 122.167836272955,6.74942446063508,0.0 122.169466052271,6.74776439046138,0.0 122.171008244757,6.74602270987448,0.0 122.172458767804,6.74420403095403,0.0 122.173813781676,6.74231316959532,0.0 122.175069699669,6.74035513275062,0.0 122.176223197598,6.73833510516529,0.0 122.177271222588,6.7362584356438,0.0 122.178211001145,6.73413062288217,0.0 122.179040046481,6.73195730090435,0.0 122.179756165092,6.72974422414114,0.0 122.180357462541,6.72749725219126,0.0 122.180842348462,6.72522233430486,0.0 122.181209540754,6.72292549363076,0.0 122.181458068952,6.72061281126881,0.0 122.181587276784,6.71829041017004,0.0 122.181718347962,6.71389950599807,0.0 122.184080211244,6.71441432144349,0.0 122.186527066154,6.71480869346301,0.0 122.1889918604,6.71506842450784,0.0 122.191467186379,6.71519273435495,0.0 122.193945604851,6.71518124977303,0.0 122.196419667312,6.71503400564089,0.0 122.198881938402,6.71475144483812,0.0 122.201325018265,6.71433441690866,0.0 122.20374156481,6.7137841755012,0.0 122.222560506572,6.70895271528037,0.0 122.224610614247,6.70954814156573,0.0 122.226866050977,6.71007959586538,0.0 122.229145762498,6.71049481794126,0.0 122.231443759485,6.71079271721037,0.0 122.233754004561,6.71097251132801,0.0 122.236070428179,6.71103372824183,0.0 122.238386944572,6.71097620742981,0.0 122.240697467765,6.71080010031916,0.0 122.24299592757,6.7105058698849,0.0 122.245276285553,6.71009428942928,0.0 122.247532550903,6.70956644054535,0.0 122.249758796189,6.70892371026997,0.0 122.25194917294,6.70816778743384,0.0 122.25409792702,6.70730065821837,0.0 122.256199413752,6.70632460093084,0.0 122.258248112755,6.70524218001195,0.0 122.260238642453,6.70405623929139,0.0 122.262165774215,6.70276989450937,0.0 122.264024446096,6.70138652512379,0.0 122.277540467538,6.69077760395071,0.0 122.284801870822,6.69217168802552,0.0 122.287102568911,6.69255213950304,0.0 122.28941982794,6.69281347291985,0.0 122.291747481614,6.69295499318783,0.0 122.294079335988,6.69297632404715,0.0 122.296409185963,6.69287740906495,0.0 122.298730831813,6.69265851178212,0.0 122.301038095694,6.69232021500789,0.0 122.303324838098,6.69186341926431,0.0 122.305584974202,6.69128934038454,0.0 122.30781249007,6.69059950627167,0.0 122.310001458668,6.68979575282651,0.0 122.312146055644,6.68888021905556,0.0 122.341879366652,6.67526892240022,0.0 122.343954333955,6.67425406447952,0.0 122.345974737575,6.67313455986985,0.0 122.347935302508,6.67191333198717,0.0 122.349830910129,6.67059356981416,0.0 122.351656611558,6.66917871956587,0.0 122.353407640583,6.66767247568369,0.0 122.355079426104,6.66607877118159,0.0 122.356667604065,6.66440176736955,0.0 122.35816802884,6.66264584298145,0.0 122.359576784059,6.66081558273563,0.0 122.360890192817,6.65891576535823,0.0 122.36210482727,6.65695135110062,0.0 122.363217517574,6.65492746878354,0.0 122.364225360144,6.65284940240192,0.0 122.36512572523,6.65072257732537,0.0 122.365916263758,6.6485525461304,0.0 122.366594913459,6.64634497410145,0.0 122.367159904227,6.64410562443857,0.0 122.371041609967,6.62687547978116,0.0 122.371495203715,6.62458836651303,0.0 122.371830245526,6.62228090779644,0.0 122.372045845621,6.61995924340096,0.0 122.372141432042,6.61762955080384,0.0 122.37211675216,6.61529802875463,0.0 122.37197187333,6.6129708807842,0.0 122.371707182689,6.61065429870194,0.0 122.371323386113,6.60835444612502,0.0 122.370821506322,6.60607744208353,0.0 122.37020288014,6.60382934474495,0.0 122.369469154925,6.60161613530129,0.0 122.368622284174,6.59944370206168,0.0 122.36766452231,6.59731782479258,0.0 122.366598418673,6.59524415934722,0.0 122.365426810731,6.59322822262519,0.0 122.364152816519,6.59127537790191,0.0 122.362779826337,6.58939082056704,0.0 122.36131149373,6.58757956430964,0.0 122.338538228792,6.56092120249838,0.0 122.336962072627,6.55917049959077,0.0 122.335296865214,6.55750428623199,0.0 122.333547129004,6.55592708711459,0.0 122.331717615856,6.55444318520445,0.0 122.32981329414,6.55305661011651,0.0 122.327839335243,6.55177112717818,0.0 122.325801099539,6.5505902272098,0.0 122.32370412184,6.54951711705011,0.0 122.321554096372,6.5485547108521,0.0 122.319356861327,6.54770562217305,0.0 122.31711838302,6.54697215688014,0.0 122.3148447397,6.54635630689072,0.0 122.312542105059,6.54585974476443,0.0 122.310216731481,6.54548381916169,0.0 122.307874933078,6.54522955118085,0.0 122.305523068564,6.54509763158417,0.0 122.303167523994,6.54508841891985,0.0 122.300814695448,6.54520193854553,0.0 122.298470971669,6.5454378825558,0.0 122.296142716734,6.54579561061386,0.0 122.282353741667,6.5482834399519,0.0 122.265685045404,6.54434051121458,0.0 122.263184681643,6.5438231189098,0.0 122.260659095833,6.54344774220675,0.0 122.258116345337,6.54321557908951,0.0 122.255564542279,6.54312737065064,0.0 122.253011827688,6.54318339872338,0.0 122.251070250113,6.54333601654815,0.0 122.247043155507,6.52369962672284,0.0 122.246500459716,6.52136859150113,0.0 122.245835171642,6.519069549372,0.0 122.245049157665,6.51680894461457,0.0 122.244144622459,6.51459311369956,0.0 122.243124102804,6.51242826753515,0.0 122.241990460459,6.51032047406526,0.0 122.241509324952,6.50952934424618,0.0 122.243198219042,6.50300968059412,0.0 122.243756751701,6.5005792811421,0.0 122.244180428513,6.49812177375028,0.0 122.244467962092,6.49564463764608,0.0 122.244618479414,6.49315541167773,0.0 122.244631524454,6.4906616713723,0.0 122.244507059541,6.48817100588355,0.0 122.244245465455,6.48569099489958,0.0 122.240909409681,6.46069158984436,0.0 122.240540753362,6.45838494604899,0.0 122.240053469678,6.45610042975242,0.0 122.239448861228,6.45384414078767,0.0 122.238728543802,6.45162210355155,0.0 122.237894442051,6.44944025092475,0.0 122.236948784336,6.44730440843695,0.0 122.235894096767,6.44522027871895,0.0 122.23473319645,6.44319342628335,0.0 122.233469183952,6.44122926267443,0.0 122.232105435022,6.43933303202653,0.0 122.230645591567,6.43750979706962,0.0 122.229093551928,6.43576442561929,0.0 122.227453460468,6.434101577587,0.0 122.212446873759,6.41965246856425,0.0 122.210751189412,6.4181008245754,0.0 122.208978850785,6.41663741572088,0.0 122.207134441048,6.41526602608659,0.0 122.205222729624,6.41399020181909,0.0 122.203248659853,6.41281324196082,0.0 122.201217336225,6.41173818992391,0.0 122.199134011182,6.41076782562441,0.0 122.197004071549,6.40990465829735,0.0 122.194833024614,6.40915092001113,0.0 122.192626483898,6.40850855989797,0.0 122.190390154651,6.40797923911534,0.0 122.188129819115,6.40756432655129,0.0 122.185851321578,6.40726489528495,0.0 122.183560553282,6.40708171981111,0.0 122.181263437202,6.40701527403633,0.0 122.178965912739,6.40706573005149,0.0 122.17667392038,6.40723295768424,0.0 122.168234573906,6.40806490359276,0.0 122.10605209504,6.39049265010364,0.0 122.087914708373,6.38251078501104,0.0 122.086430343253,6.38188882677261,0.0 122.055045438038,6.3693893709341,0.0 122.052814252573,6.36856801700633,0.0 122.050542980159,6.3678651903981,0.0 122.04823790646,6.36728283640623,0.0 122.045905410641,6.36682256693059,0.0 122.043551947725,6.36648565601354,0.0 122.041184030746,6.3662730363138,0.0 122.038808212735,6.36618529652419,0.0 122.0364310686,6.36622267974062,0.0 122.024868229529,6.36670898526675,0.0 122.025768194832,6.36505362955432,0.0 122.026781169525,6.36293516748178,0.0 122.027682810253,6.36076693609697,0.0 122.028470685314,6.35855478672934,0.0 122.029142670099,6.35630468913838,0.0 122.029696952801,6.35402271540109,0.0 122.030132039296,6.35171502352425,0.0 122.030446757153,6.34938784082577,0.0 122.030640258779,6.34704744713006,0.0 122.030712023691,6.34470015782253,0.0 122.030661859902,6.34235230680923,0.0 122.030489904419,6.34001022942743,0.0 122.030196622858,6.33768024535317,0.0 122.029782808167,6.33536864155206,0.0 122.029249578475,6.33308165531908,0.0 122.028598374054,6.3308254574532,0.0 122.027830953421,6.32860613561217,0.0 122.027448361588,6.32766157397263,0.0 122.028188916543,6.32596462098177,0.0 122.029011833445,6.32377700216652,0.0 122.029720633392,6.32154975042087,0.0 122.030313422991,6.31928882023305,0.0 122.03078861905,6.31700025604099,0.0 122.031144952799,6.3146901760718,0.0 122.031381473259,6.31236475598481,0.0 122.031497549771,6.31003021236212,0.0 122.031492873664,6.30769278609066,0.0 122.031367459058,6.30535872568016,0.0 122.031121642816,6.30303427056164,0.0 122.030756083621,6.30072563441112,0.0 122.030271760201,6.29843898854283,0.0 122.029669968698,6.29618044541661,0.0 122.022786379871,6.27279128708682,0.0 122.022048107971,6.27050808370516,0.0 122.021189805784,6.26826729487351,0.0 122.020213892906,6.26607523382263,0.0 122.019123120181,6.26393807643776,0.0 122.017920561935,6.26186184386576,0.0 122.016609607311,6.25985238555862,0.0 122.015193950706,6.25791536280099,0.0 122.01367758136,6.25605623276805,0.0 122.012064772112,6.25428023315854,0.0 122.010360067359,6.25259236744603,0.0 122.008568270255,6.25099739079011,0.0 122.006694429175,6.24949979664685,0.0 122.004743823501,6.24810380411627,0.0 122.00272194875,6.2468133460624,0.0 122.000634501101,6.24563205803922,0.0 121.998487361354,6.24456326805375,0.0 121.99628657837,6.24360998719481,0.0 121.994038352045,6.24277490115413,0.0 121.991749015855,6.24206036266329,0.0 121.989425019024,6.241468384868,0.0 121.987072908371,6.24100063565829,0.0 121.98469930988,6.24065843297049,0.0 121.982310910051,6.24044274107427,0.0 121.979914437075,6.24035416785524,0.0 121.977516641899,6.2403929631007,0.0 121.975124279218,6.24055901779345,0.0 121.972744088466,6.24085186441558,0.0 121.970382774841,6.24127067826153,0.0 121.968046990431,6.24181427975677,0.0 121.965743315487,6.24248113777545,0.0 121.963478239895,6.24326937394804,0.0 121.961258144909,6.24417676794654,0.0 121.937921482948,6.25444554762792,0.0 121.935814108684,6.25543842081867,0.0 121.933760664222,6.25653865340218,0.0 121.931766607156,6.2577433216188,0.0 121.929837237372,6.25904922412746,0.0 121.927977682972,6.26045289050684,0.0 121.926192886639,6.26195059047168,0.0 121.924487592511,6.26353834377984,0.0 121.92286633356,6.26521193080366,0.0 121.921333419552,6.26696690373799,0.0 121.919892925582,6.26879859841478,0.0 121.918548681239,6.27070214669316,0.0 121.91730426042,6.27267248939209,0.0 121.916162971826,6.27470438973129,0.0 121.915127850151,6.2767924472447,0.0 121.914201648012,6.27893111212975,0.0 121.913386828615,6.28111469999415,0.0 121.912685559197,6.28333740696125,0.0 121.912099705249,6.28559332509363,0.0 121.911630825544,6.28787645809427,0.0 121.911280167979,6.29018073724328,0.0 121.911048666236,6.29250003752811,0.0 121.91093693729,6.29482819392422,0.0 121.910945279747,6.29715901778297,0.0 121.911073673035,6.29948631328329,0.0 121.911321777443,6.30180389390312,0.0 121.911688935003,6.30410559886718,0.0 121.912174171228,6.30638530952691,0.0 121.912776197683,6.30863696562942,0.0 121.916190188846,6.32020238625557,0.0 121.915753135827,6.32068289509873,0.0 121.914189855419,6.32249580817458,0.0 121.912724688921,6.32438898679131,0.0 121.911361746883,6.32635712124136,0.0 121.910104853279,6.32839469150995,0.0 121.908957534769,6.33049598275104,0.0 121.907923010795,6.33265510131055,0.0 121.907004184542,6.3348659912518,0.0 121.906203634775,6.33712245133698,0.0 121.905523608594,6.33941815241711,0.0 121.904966015113,6.34174665518161,0.0 121.904532420083,6.34410142821799,0.0 121.904224041487,6.34647586633077,0.0 121.904041746102,6.34886330906849,0.0 121.903986047048,6.35125705940667,0.0 121.904057102328,6.35365040253451,0.0 121.904254714367,6.35603662469246,0.0 121.904578330544,6.35840903200784,0.0 121.905027044726,6.36076096927575,0.0 121.905599599791,6.36308583863236,0.0 121.906294391132,6.36537711806835,0.0 121.907109471151,6.3676283797303,0.0 121.908042554697,6.36983330795884,0.0 121.90909102547,6.37198571701262,0.0 121.910251943343,6.3740795684286,0.0 121.911522052602,6.37610898796955,0.0 121.912897791069,6.37806828211135,0.0 121.914375300087,6.37995195402371,0.0 121.91595043534,6.38175471899911,0.0 121.917508808451,6.38335835574601,0.0 121.916541766286,6.38506741787776,0.0 121.915477781052,6.38720345107463,0.0 121.914527945689,6.38939267776797,0.0 121.913694908501,6.39162899763729,0.0 121.91010706526,6.40209696312115,0.0 121.908468750882,6.40258556382707,0.0 121.90625832948,6.40337186479149,0.0 121.904091667454,6.40427185022413,0.0 121.901974602667,6.40528309552271,0.0 121.899912839465,6.40640287629215,0.0 121.897911933321,6.40762817567827,0.0 121.895977275862,6.40895569248922,0.0 121.894114080353,6.41038185008303,0.0 121.892327367649,6.41190280599721,0.0 121.890621952667,6.41351446229476,0.0 121.889002431411,6.41521247659865,0.0 121.887473168584,6.41699227378515,0.0 121.886038285825,6.4188490583047,0.0 121.884701650596,6.42077782709702,0.0 121.865425753899,6.45019355146133,0.0 121.830568288766,6.4892900180954,0.0 121.82904711759,6.49108819432436,0.0 121.827621637579,6.49296317124388,0.0 121.826295718941,6.49490985987066,0.0 121.825072961779,6.49692297650756,0.0 121.823956686311,6.49899705707895,0.0 121.822949923848,6.50112647195632,0.0 121.822055408551,6.50330544123391,0.0 121.821275569998,6.50552805041303,0.0 121.820612526571,6.50778826645251,0.0 121.820068079694,6.51007995414178,0.0 121.819643708923,6.5123968927522,0.0 121.819340567913,6.51473279292141,0.0 121.819159481268,6.51708131372503,0.0 121.819100942286,6.51943607988916,0.0 121.819165111598,6.5217906990972,0.0 121.819351816716,6.5241387793439,0.0 121.819660552482,6.52647394628938,0.0 121.82009048242,6.52878986056632,0.0 121.820640440989,6.53108023499296,0.0 121.821308936735,6.5333388516453,0.0 121.822094156317,6.5355595787422,0.0 121.823087101122,6.53815091295253,0.0 121.512437115561,5.95178735394131,0.0 121.511163551643,5.95203606913165,0.0 121.508857658935,5.95261397601927,0.0 121.506585326635,5.95331256068676,0.0 121.504352849725,5.95412988803249,0.0 121.502166412866,5.95506369399645,0.0 121.500032073276,5.95611139182686,0.0 121.497955743957,5.95727007924052,0.0 121.495943177321,5.95853654645685,0.0 121.493999949259,5.95990728508359,0.0 121.4921314437,5.96137849782964,0.0 121.490342837694,5.96294610901812,0.0 121.48863908707,5.9646057758707,0.0 121.48702491271,5.96635290053195,0.0 121.485504787465,5.96818264280058,0.0 121.484082923755,5.97008993353228,0.0 121.482763261899,5.97206948867718,0.0 121.481549459188,5.97411582391312,0.0 121.480444879742,5.97622326983425,0.0 121.479452585181,5.97838598765298,0.0 121.478575326132,5.98059798537177,0.0 121.477815534589,5.98285313438024,0.0 121.477175317167,5.98514518643132,0.0 121.476656449249,5.98746779094989,0.0 121.476260370046,5.98981451262553,0.0 121.4759881786,5.99217884924119,0.0 121.475840630714,5.99455424968789,0.0 121.475818136844,5.996934132116,0.0 121.475920760946,5.99931190217253,0.0 121.476148220274,6.00168097127401,0.0 121.476499886151,6.00403477486435,0.0 121.476974785694,6.00636679060697,0.0 121.477571604488,6.00867055646089,0.0 121.478288690215,6.01093968859056,0.0 121.479124057218,6.01316789905977,0.0 121.480075391987,6.01534901326062,0.0 121.499559204772,6.05699065224365,0.0 121.500609864464,6.05909199289732,0.0 121.501768175463,6.06113584846905,0.0 121.503031009717,6.0631166974877,0.0 121.504394956687,6.06502918864508,0.0 121.505856332559,6.06686815525875,0.0 121.507411190186,6.06862862923646,0.0 121.509055329751,6.07030585450422,0.0 121.510784310106,6.07189529986177,0.0 121.512593460773,6.07339267123053,0.0 121.514477894561,6.07479392326091,0.0 121.516432520768,6.07609527026753,0.0 121.518452058945,6.07729319646269,0.0 121.520531053161,6.07838446546039,0.0 121.522663886753,6.07936612902513,0.0 121.524844797507,6.08023553504182,0.0 121.527067893233,6.08099033468506,0.0 121.5293271677,6.08162848876859,0.0 121.531616516868,6.08214827325753,0.0 121.533929755395,6.08254828392846,0.0 121.536260633359,6.08282744016488,0.0 121.538602853159,6.08298498787758,0.0 121.54095008654,6.08302050154217,0.0 121.543295991706,6.08293388534808,0.0 121.545634230468,6.08272537345618,0.0 121.547958485379,6.08239552936409,0.0 121.550262476817,6.08194524438101,0.0 121.552539979963,6.08137573521635,0.0 121.554784841631,6.08068854068844,0.0 121.556990996903,6.07988551756259,0.0 121.559152485524,6.07896883552951,0.0 121.561263468015,6.07794097133792,0.0 121.563318241455,6.0768047020972,0.0 121.565311254898,6.07556309776824,0.0 121.567237124371,6.07421951286287,0.0 121.569090647426,6.07277757737447,0.0 121.570866817195,6.07124118696419,0.0 121.572560835917,6.06961449242949,0.0 121.5741681279,6.06790188848358,0.0 121.575684351878,6.06610800187608,0.0 121.577105412734,6.06423767888705,0.0 121.591432588396,6.04432679247138,0.0 121.592764910352,6.04236895358605,0.0 121.593992956597,6.04034394098342,0.0 121.595113356618,6.03825731464381,0.0 121.596123035564,6.036114803641,0.0 121.597019222675,6.03392229040765,0.0 121.597799458879,6.03168579458043,0.0 121.598461603528,6.0294114564693,0.0 121.599003840258,6.02710552019628,0.0 121.599424681963,6.02477431655017,0.0 121.599722974854,6.02242424560415,0.0 121.599897101783,6.02007256140627,0.0 121.602891288943,6.01909501729285,0.0 121.605089303122,6.01831397694443,0.0 121.607244100872,6.01742036703077,0.0 121.609349934132,6.01641657155438,0.0 121.611401185565,6.01530526843558,0.0 121.612994717196,6.01433224251601,0.0 121.613078176142,6.01473983553635,0.0 121.613675082753,6.01703543446235,0.0 121.614391437682,6.01929653099829,0.0 121.615225270303,6.02151690060636,0.0 121.6161742865,6.0236904307992,0.0 121.617235874971,6.02581113797238,0.0 121.618407114403,6.02787318388262,0.0 121.619684781506,6.02987089172628,0.0 121.621065359875,6.03179876177398,0.0 121.622545049664,6.03365148651802,0.0 121.624119778045,6.03542396529091,0.0 121.625785210411,6.03711131831457,0.0 121.627536762311,6.03870890014163,0.0 121.62836469102,6.03938801838938,0.0 121.628060791161,6.04028214172998,0.0 121.627422648647,6.04253650941014,0.0 121.626902027285,6.04482094547808,0.0 121.626500326848,6.04712931453626,0.0 121.626218627754,6.04945541682812,0.0 121.626057688155,6.05179300488811,0.0 121.626017941876,6.05413580032094,0.0 121.62609949724,6.05647751066459,0.0 121.626302136756,6.05881184629205,0.0 121.626625317688,6.06113253730627,0.0 121.627068173495,6.06343335038299,0.0 121.627629516145,6.06570810551603,0.0 121.628307839288,6.06795069262035,0.0 121.629101322292,6.07015508794782,0.0 121.630007835111,6.0723153702719,0.0 121.631024944004,6.07442573679756,0.0 121.632149918055,6.0764805187536,0.0 121.633379736497,6.07847419662554,0.0 121.634711096823,6.08040141498794,0.0 121.636140423645,6.08225699689637,0.0 121.637663878294,6.0840359578002,0.0 121.639277369127,6.08573351893874,0.0 121.640976562514,6.08734512018475,0.0 121.642756894482,6.08886643230061,0.0 121.64461358297,6.09029336857423,0.0 121.646541640683,6.09162209580337,0.0 121.648535888488,6.09284904459859,0.0 121.650590969332,6.0939709189774,0.0 121.652701362645,6.09498470522339,0.0 121.654861399172,6.09588767998683,0.0 121.657065276214,6.09667741760456,0.0 121.659307073224,6.09735179661976,0.0 121.673094167959,6.10111198009236,0.0 121.675411201136,6.10167853502626,0.0 121.677754885139,6.10212186171922,0.0 121.680118683086,6.1024407238453,0.0 121.682496001967,6.10263423223188,0.0 121.684880211051,6.10270184733966,0.0 121.687264660395,6.10264338076657,0.0 121.689642699406,6.10245899577162,0.0 121.692007695401,6.10214920681708,0.0 121.694353052125,6.10171487813042,0.0 121.696672228161,6.10115722128996,0.0 121.698958755183,6.10047779184113,0.0 121.701206256015,6.09967848495266,0.0 121.703408462424,6.09876153012511,0.0 121.705559232614,6.09772948496636,0.0 121.70765256836,6.0965852280517,0.0 121.709682631749,6.09533195088832,0.0 121.713055930098,6.09312424100948,0.0 121.713497171399,6.09441511868216,0.0 121.714372201191,6.09659738313928,0.0 121.715359407882,6.09873115369651,0.0 121.716456121886,6.10081065759922,0.0 121.717659377246,6.10283026885414,0.0 121.718965919649,6.10478452345629,0.0 121.720372215225,6.10666813417804,0.0 121.721874460097,6.10847600488021,0.0 121.723468590672,6.11020324430632,0.0 121.725150294629,6.11184517932273,0.0 121.726915022588,6.11339736756863,0.0 121.728758000414,6.11485560948156,0.0 121.730674242139,6.11621595966596,0.0 121.732658563455,6.11747473757376,0.0 121.734705595746,6.11862853746815,0.0 121.736809800617,6.11967423764335,0.0 121.73896548489,6.12060900887553,0.0 121.741166816014,6.12143032208177,0.0 121.752657051603,6.12537964128253,0.0 121.752513765688,6.12578003894278,0.0 121.75184177699,6.12801504024754,0.0 121.751285917608,6.13028177437819,0.0 121.750847670444,6.13257420042267,0.0 121.750528205002,6.13488620891717,0.0 121.750328374253,6.13721163812728,0.0 121.750248712346,6.13954429046925,0.0 121.75028943317,6.14187794902775,0.0 121.750450429761,6.14420639412592,0.0 121.752218718644,6.16279693444865,0.0 121.752507371716,6.165166501419,0.0 121.752920589565,6.16751751643425,0.0 121.753457221759,6.16984342495383,0.0 121.754115773725,6.17213774235551,0.0 121.754894410904,6.17439407201901,0.0 121.75579096385,6.17660612316494,0.0 121.756802934261,6.17876772839944,0.0 121.757927501935,6.18087286091537,0.0 121.759161532619,6.18291565130222,0.0 121.76050158674,6.18489040391755,0.0 121.761943928984,6.1867916127744,0.0 121.763484538708,6.18861397690016,0.0 121.76511912114,6.19035241512408,0.0 121.766843119356,6.19200208025196,0.0 121.787153142583,6.21043298854324,0.0 121.788949059604,6.21197874459003,0.0 121.790823478646,6.21342816330309,0.0 121.792771245797,6.21477725909235,0.0 121.794787005328,6.21602232222988,0.0 121.796865214429,6.21715992905673,0.0 121.799000158459,6.21818695140275,0.0 121.801185966663,6.21910056519324,0.0 121.803416628332,6.21989825821892,0.0 121.80568600934,6.2205778370476,0.0 121.807987869025,6.22113743305856,0.0 121.810315877361,6.22157550758306,0.0 121.812663632381,6.22189085613667,0.0 121.815024677796,6.22208261173196,0.0 121.81739252076,6.22215024726217,0.0 121.819760649746,6.22209357694954,0.0 121.822122552459,6.22191275685423,0.0 121.824471733764,6.22160828444234,0.0 121.826801733559,6.22118099721455,0.0 121.829106144553,6.22063207039878,0.0 121.831378629899,6.21996301371372,0.0 121.833612940628,6.21917566721171,0.0 121.835802932847,6.21827219621297,0.0 121.837942584643,6.21725508534477,0.0 121.840026012647,6.21612713170223,0.0 121.842047488221,6.21489143714965,0.0 121.844001453216,6.21355139978351,0.0 121.845882535258,6.2121107045809,0.0 121.847685562523,6.21057331325897,0.0 121.849405577957,6.20894345337357,0.0 121.851037852907,6.20722560668714,0.0 121.852577900115,6.20542449683781,0.0 121.854021486057,6.20354507634383,0.0 121.855364642572,6.20159251297917,0.0 121.856603677768,6.19957217555776,0.0 121.857735186157,6.19748961916559,0.0 121.86274552893,6.18766232425105,0.0 121.864532269958,6.18656933674855,0.0 121.866440955049,6.18526295158131,0.0 121.879503204074,6.17582225663701,0.0 121.881414277748,6.17436198797407,0.0 121.883244999266,6.17280201522072,0.0 121.88499018201,6.1711467587946,0.0 121.886644881885,6.16940090904323,0.0 121.888204411328,6.16756941294594,0.0 121.889664352583,6.16565746008907,0.0 121.891020570209,6.16367046795419,0.0 121.892269222792,6.16161406656133,0.0 121.893406773813,6.15949408251061,0.0 121.894430001662,6.15731652246777,0.0 121.895336008745,6.15508755614029,0.0 121.89612222968,6.15281349879253,0.0 121.896786438552,6.15050079334943,0.0 121.897326755199,6.14815599213958,0.0 121.897741650521,6.1457857383293,0.0 121.89802995079,6.14339674710049,0.0 121.898190840964,6.1409957866255,0.0 121.898223866968,6.13858965889303,0.0 121.898128936964,6.13618518043917,0.0 121.897906321591,6.13378916303835,0.0 121.895676942964,6.11517976380357,0.0 121.895325673555,6.11278960671739,0.0 121.894847352642,6.11042164285935,0.0 121.89424334759,6.1080826334971,0.0 121.893515384554,6.10577925714808,0.0 121.892665543535,6.10351809051598,0.0 121.891696252425,6.10130558971877,0.0 121.890610280063,6.09914807186155,0.0 121.889410728317,6.09705169700687,0.0 121.888101023216,6.09502245059392,0.0 121.886684905163,6.09306612635658,0.0 121.885166418243,6.09118830978912,0.0 121.883549898678,6.08939436220654,0.0 121.88183996244,6.087689405445,0.0 121.880041492073,6.08607830724599,0.0 121.878159622751,6.08456566736568,0.0 121.876199727623,6.08315580444926,0.0 121.874167402472,6.08185274370742,0.0 121.872068449753,6.08066020543019,0.0 121.869908862025,6.07958159437086,0.0 121.867694804858,6.07861999003018,0.0 121.865432599241,6.07777813786842,0.0 121.863128703543,6.07705844147059,0.0 121.860789695092,6.07646295568679,0.0 121.85231254548,6.07454451799609,0.0 121.860826836088,6.07067999808175,0.0 121.861988464822,6.07107803345096,0.0 121.864235344741,6.07172006209319,0.0 121.866512392361,6.07224489644699,0.0 121.8688135113,6.07265113157305,0.0 121.871132540706,6.07293768006454,0.0 121.892297324794,6.07499759436736,0.0 121.894626179958,6.07516351079979,0.0 121.89696048803,6.07520872427093,0.0 121.899294009346,6.07513311415398,0.0 121.901620506368,6.07493688278536,0.0 121.903933760373,6.07462055492101,0.0 121.906227588085,6.0741849763302,0.0 121.90849585822,6.07363131153069,0.0 121.910732507878,6.07296104067128,0.0 121.912931558767,6.07217595557031,0.0 121.915087133185,6.07127815492052,0.0 121.917193469744,6.0702700386733,0.0 121.919244938772,6.0691543016175,0.0 121.92123605737,6.06793392616981,0.0 121.923161504068,6.06661217439632,0.0 121.925016133055,6.06519257928644,0.0 121.939398230992,6.05358179460635,0.0 121.941216628618,6.05203254811226,0.0 121.942950675637,6.05038925158811,0.0 121.94459552463,6.04865649976111,0.0 121.946146577708,6.0468391374063,0.0 121.947599499366,6.04494224579377,0.0 121.948950228595,6.04297112847504,0.0 121.950194990228,6.04093129644866,0.0 121.951330305483,6.0388284527465,0.0 121.952353001676,6.03666847648391,0.0 121.95326022108,6.03445740641839,0.0 121.954049428898,6.03220142406287,0.0 121.954718420332,6.0299068364008,0.0 121.955265326735,6.02758005825145,0.0 121.955688620811,6.0252275943347,0.0 121.955987120871,6.02285602108562,0.0 121.956159994119,6.02047196826945,0.0 121.956206758955,6.01808210044869,0.0 121.956127286311,6.01569309835376,0.0 121.955921799986,6.01331164020955,0.0 121.955590876006,6.01094438306991,0.0 121.955135440995,6.0085979442122,0.0 121.95455676957,6.00627888264396,0.0 121.953856480756,6.00399368077315,0.0 121.953036533453,6.00174872629337,0.0 121.95209922094,5.99955029433435,0.0 121.951047164456,5.99740452992781,0.0 121.949883305859,5.99531743083737,0.0 121.948610899396,5.99329483080049,0.0 121.947233502598,5.9913423832293,0.0 121.945754966327,5.9894655454156,0.0 121.944179424013,5.98766956328421,0.0 121.942511280091,5.98595945673714,0.0 121.940755197696,5.98434000562945,0.0 121.938916085623,5.98281573641589,0.0 121.936999084614,5.98139090950564,0.0 121.935009552991,5.98006950736027,0.0 121.932953051684,5.97885522336822,0.0 121.906755673252,5.96430605225997,0.0 121.904737630818,5.96325091955916,0.0 121.902669042962,5.96229895778706,0.0 121.900555167039,5.96145258648724,0.0 121.89840137544,5.96071395685116,0.0 121.89621314195,5.96008494625286,0.0 121.893996027839,5.95956715347911,0.0 121.866089511689,5.95378749514283,0.0 121.863733228992,5.95336429921096,0.0 121.861357858586,5.95306671812068,0.0 121.858970075202,5.9528955883076,0.0 121.85657658845,5.95285139088223,0.0 121.854184123981,5.95293425027629,0.0 121.8517994046,5.95314393389069,0.0 121.849429131389,5.95347985274599,0.0 121.84707996489,5.95394106313372,0.0 121.844758506401,5.95452626926384,0.0 121.842471279438,5.95523382690107,0.0 121.840224711415,5.95606174797977,0.0 121.838025115592,5.95700770618468,0.0 121.835878673339,5.95806904348168,0.0 121.833791416782,5.95924277758051,0.0 121.781295401495,5.99061997709754,0.0 121.779302611177,5.99188272578551,0.0 121.777378376186,5.99324790610301,0.0 121.775527944439,5.9947117953907,0.0 121.773756362721,5.99627040176809,0.0 121.772068462926,5.99791947501267,0.0 121.770468848873,5.99965451814357,0.0 121.768961883752,6.00147079967853,0.0 121.767551678219,6.00336336653056,0.0 121.766242079178,6.00532705750945,0.0 121.765036659283,6.00735651739117,0.0 121.764379096649,6.0086080354387,0.0 121.763171669409,6.00662346095339,0.0 121.761843246787,6.00467632290866,0.0 121.760415238691,6.00280116710243,0.0 121.75889152969,6.00100309337846,0.0 121.757276264509,5.99928699191189,0.0 121.755573836749,5.99765752991602,0.0 121.75378887694,5.99611913895532,0.0 121.751926239946,5.99467600289923,0.0 121.749990991768,5.99333204654938,0.0 121.747988395767,5.99209092497111,0.0 121.745923898357,5.99095601355817,0.0 121.739159021757,5.98746378131973,0.0 121.736783488784,5.98076826278595,0.0 121.735941341424,5.97857676157324,0.0 121.734986694041,5.97643198818158,0.0 121.733922122531,5.97433972707571,0.0 121.732750499147,5.97230562104374,0.0 121.731474984753,5.97033515598462,0.0 121.730099020289,5.96843364611896,0.0 121.728626317482,5.96660621966312,0.0 121.727060848836,5.96485780500511,0.0 121.725406836913,5.96319311741944,0.0 121.723668742942,5.96161664635676,0.0 121.721851254792,5.96013264334239,0.0 121.719959274327,5.95874511051634,0.0 121.717997904194,5.95745778984573,0.0 121.715972434061,5.95627415303841,0.0 121.713888326362,5.95519739218522,0.0 121.711751201571,5.95423041115576,0.0 121.709566823054,5.95337581777107,0.0 121.707341081535,5.95263591677408,0.0 121.680617131536,5.94451632250148,0.0 121.678341413743,5.94388935895302,0.0 121.676036088885,5.94338230282786,0.0 121.673707454032,5.94299653933798,0.0 121.671361869899,5.9427331223824,0.0 121.669005743481,5.94259277166854,0.0 121.666645510568,5.94257587074573,0.0 121.664287618178,5.94268246595634,0.0 121.661938506957,5.94291226630734,0.0 121.659604593602,5.94326464426268,0.0 121.657292253344,5.94373863745442,0.0 121.655007802545,5.94433295130781,0.0 121.652757481457,5.94504596257341,0.0 121.650547437185,5.94587572375644,0.0 121.648383706904,5.94681996843144,0.0 121.646272201378,5.9478761174278,0.0 121.644218688821,5.94904128586925,0.0 121.642228779144,5.95031229104818,0.0 121.64214960551,5.95036889829183,0.0 121.642142024998,5.94995867187748,0.0 121.641971248358,5.9475702149331,0.0 121.641674417645,5.94519416011639,0.0 121.641252367024,5.94283717195924,0.0 121.640706281833,5.94050586143553,0.0 121.640037695245,5.93820676742234,0.0 121.639248483951,5.93594633836405,0.0 121.638340862879,5.93373091419096,0.0 121.63731737897,5.9315667085428,0.0 121.636180904025,5.92945979134712,0.0 121.634934626635,5.92741607180113,0.0 121.633582043232,5.92544128180494,0.0 121.632126948272,5.92354095989217,0.0 121.630573423591,5.92172043570333,0.0 121.628925826949,5.91998481504504,0.0 121.612362024808,5.90343574949072,0.0 121.610633756652,5.9017976369682,0.0 121.608821707844,5.90025296945532,0.0 121.606930911375,5.89880603690032,0.0 121.604966618816,5.89746085780322,0.0 121.602934285738,5.89622116806123,0.0 121.600839556566,5.89509041059864,0.0 121.598688248908,5.89407172580994,0.0 121.59648633741,5.89316794284273,0.0 121.59423993717,5.89238157174438,0.0 121.591955286766,5.89171479649447,0.0 121.589638730943,5.89116946894206,0.0 121.587296703003,5.89074710366478,0.0 121.584935706951,5.89044887376384,0.0 121.582562299449,5.89027560760673,0.0 121.580183071617,5.89022778652664,0.0 121.577804630744,5.89030554348485,0.0 121.560556008394,5.89132532819222,0.0 121.558212608998,5.89152527715147,0.0 121.555882782619,5.89184713174793,0.0 121.553572848997,5.89229001908405,0.0 121.551289073963,5.89285273795035,0.0 121.549037652457,5.89353376208007,0.0 121.546824691735,5.89433124428512,0.0 121.544656194807,5.89524302146206,0.0 121.542538044165,5.89626662045467,0.0 121.540475985834,5.89739926475727,0.0 121.538475613791,5.89863788204056,0.0 121.536542354793,5.89997911247978,0.0 121.534681453663,5.90141931786262,0.0 121.53289795906,5.90295459145216,0.0 121.531196709791,5.90458076857833,0.0 121.529582321675,5.90629343792912,0.0 121.528059175028,5.90808795351097,0.0 121.526631402767,5.90995944724616,0.0 121.525302879202,5.9119028421728,0.0 121.524077209512,5.91391286621202,0.0 121.522957719958,5.91598406646481,0.0 121.521947448853,5.918110824,0.0 121.521049138303,5.92028736909318,0.0 121.52026522676,5.92250779687541,0.0 121.514587932548,5.94002747471831,0.0 121.513908583682,5.94233043716172,0.0 121.513352303302,5.94466626449293,0.0 121.512920662063,5.94702836822036,0.0 121.5126148791,5.94941008564941,0.0 121.512437115561,5.95178735394131,0.0 121.541869692436,6.64996694700769,0.0 121.535860771731,6.6533308912445,0.0 121.533848992907,6.65452651036989,0.0 121.531901766466,6.65582459490573,0.0 121.530024307954,6.65722166846742,0.0 121.5282216462,6.65871398952208,0.0 121.526498609849,6.66029756140219,0.0 121.524859814427,6.66196814300265,0.0 121.523309649979,6.66372126013254,0.0 121.521852269311,6.66555221749143,0.0 121.520491576855,6.66745611123816,0.0 121.519231218212,6.66942784211842,0.0 121.518074570376,6.67146212911636,0.0 121.517024732677,6.67355352359331,0.0 121.516084518474,6.67569642387626,0.0 121.515256447603,6.67788509025674,0.0 121.514542739612,6.68011366036021,0.0 121.513945307807,6.68237616484473,0.0 121.513465754106,6.68466654338704,0.0 121.513105364731,6.68697866091312,0.0 121.51286510675,6.68930632402993,0.0 121.512745625465,6.69164329761421,0.0 121.512747242663,6.69398332151405,0.0 121.512869955741,6.69632012731847,0.0 121.513113437691,6.69864745515,0.0 121.513477037959,6.70095907043535,0.0 121.513959784168,6.70324878060924,0.0 121.514560384706,6.70551045170659,0.0 121.515277232171,6.70773802479851,0.0 121.51610840766,6.70992553222818,0.0 121.517051685894,6.71206711360287,0.0 121.518104541168,6.71415703149941,0.0 121.524206962566,6.72552757038133,0.0 121.525380916797,6.72758379004277,0.0 121.526660941605,6.72957574938075,0.0 121.528043527532,6.73149798518385,0.0 121.529524883699,6.73334522541537,0.0 121.531100948189,6.73511240368008,0.0 121.53276739919,6.73679467312712,0.0 121.534519666842,6.73838741975102,0.0 121.536352945768,6.73988627505401,0.0 121.538262208259,6.74128712803503,0.0 121.540242218062,6.74258613647225,0.0 121.542287544748,6.74377973746823,0.0 121.544392578613,6.74486465722852,0.0 121.546551546071,6.74583792004695,0.0 121.548758525501,6.74669685647279,0.0 121.551007463495,6.74743911063737,0.0 121.55329219148,6.74806264671983,0.0 121.555606442646,6.74856575453447,0.0 121.55794386915,6.74894705422405,0.0 121.560298059542,6.7492055000464,0.0 121.562662556364,6.74934038324361,0.0 121.565030873883,6.74935133398618,0.0 121.567396515891,6.74923832238676,0.0 121.56975299354,6.74900165858042,0.0 121.572093843158,6.74864199187174,0.0 121.574412643989,6.74816030895054,0.0 121.576703035822,6.74755793118172,0.0 121.578958736451,6.74683651097616,0.0 121.581173558911,6.74599802725324,0.0 121.583341428469,6.74504478000697,0.0 121.585456399289,6.74397938399113,0.0 121.587512670753,6.74280476154061,0.0 121.6230601437,6.72124293809081,0.0 121.625107049652,6.71992457334476,0.0 121.627080000212,6.71849797279602,0.0 121.62897327546,6.71696727305836,0.0 121.630781386655,6.71533691253181,0.0 121.632499092159,6.71361161852449,0.0 121.634121412626,6.71179639353688,0.0 121.635643645434,6.70989650074861,0.0 121.637061378317,6.70791744874982,0.0 121.66091658188,6.67264580732593,0.0 121.662167580627,6.67068950541308,0.0 121.663316463802,6.66867156403449,0.0 121.664360201998,6.66659730654939,0.0 121.66529604328,6.66447220480034,0.0 121.66612152044,6.66230186467427,0.0 121.666834457484,6.66009201131053,0.0 121.66743297536,6.65784847399532,0.0 121.667915496897,6.65557717078218,0.0 121.668280750952,6.65328409287921,0.0 121.668527775741,6.65097528884424,0.0 121.668655921364,6.64865684862963,0.0 121.668664851498,6.64633488751885,0.0 121.668554544265,6.64401552999707,0.0 121.668325292276,6.64170489359846,0.0 121.66797770184,6.63940907277266,0.0 121.667512691345,6.63713412281304,0.0 121.666931488826,6.63488604388895,0.0 121.666235628701,6.63267076522423,0.0 121.66542694772,6.63049412946351,0.0 121.664797271135,6.62903374844054,0.0 121.664805551,6.62901472668106,0.0 121.665641191707,6.6267794565977,0.0 121.66635771215,6.62450321148993,0.0 121.666953117734,6.62219233322217,0.0 121.667425751367,6.61985326005468,0.0 121.66777429806,6.61749250870397,0.0 121.66799778857,6.61511665618572,0.0 121.668095602077,6.61273232149078,0.0 121.668383806876,6.59300246991409,0.0 121.668356379329,6.59063464818539,0.0 121.668205016734,6.58827150989348,0.0 121.667930136042,6.58591953741156,0.0 121.667532492989,6.58358518239689,0.0 121.667013180007,6.58127484809655,0.0 121.666373623211,6.57899487178689,0.0 121.665615578467,6.57675150739481,0.0 121.664741126564,6.57455090834839,0.0 121.663752667489,6.57239911070392,0.0 121.662652913831,6.57030201659549,0.0 121.661444883332,6.56826537805245,0.0 121.660131890595,6.5662947812291,0.0 121.658717537986,6.56439563108969,0.0 121.657205705747,6.56257313659067,0.0 121.655600541349,6.56083229640077,0.0 121.653906448111,6.55917788519797,0.0 121.652128073121,6.55761444058079,0.0 121.650270294491,6.55614625062979,0.0 121.648338207983,6.55477734215325,0.0 121.646337113031,6.55351146964917,0.0 121.644272498215,6.55235210501387,0.0 121.642150026214,6.5513024280252,0.0 121.639975518282,6.55036531762647,0.0 121.637754938294,6.54954334403502,0.0 121.6354943764,6.54883876169677,0.0 121.633200032332,6.54825350310632,0.0 121.630878198416,6.54778917350927,0.0 121.628535242323,6.54744704650141,0.0 121.626177589629,6.54722806053672,0.0 121.623811706194,6.54713281635381,0.0 121.621444080455,6.54716157532784,0.0 121.61908120564,6.54731425875239,0.0 121.616729561973,6.54759044805335,0.0 121.61439559892,6.54798938593423,0.0 121.612085717511,6.54850997844966,0.0 121.609806252802,6.54915079800173,0.0 121.607563456507,6.54991008725066,0.0 121.605363479867,6.55078576392931,0.0 121.603212356791,6.55177542654843,0.0 121.601115987311,6.55287636097695,0.0 121.599080121415,6.55408554787938,0.0 121.597110343275,6.55539967099008,0.0 121.595212055942,6.55681512620162,0.0 121.593390466527,6.55832803144262,0.0 121.591650571923,6.55993423731785,0.0 121.589997145094,6.56162933848164,0.0 121.588434721989,6.56340868571345,0.0 121.586967589091,6.56526739866259,0.0 121.563086256285,6.59720579066041,0.0 121.561678818118,6.59919777042382,0.0 121.560380839717,6.60126274577436,0.0 121.559196099413,6.60339470803711,0.0 121.558128046169,6.60558745352944,0.0 121.557179789527,6.60783460160651,0.0 121.556354090546,6.6101296132226,0.0 121.555653353748,6.61246580995431,0.0 121.555079620103,6.61483639343033,0.0 121.554634561071,6.61723446511135,0.0 121.554319473716,6.61965304636251,0.0 121.554135276908,6.62208509876019,0.0 121.55408250863,6.62452354457388,0.0 121.554161324388,6.62696128736365,0.0 121.554272028696,6.62824121948891,0.0 121.549098936174,6.63520716034812,0.0 121.547776217655,6.63708620218796,0.0 121.546550675691,6.63903001173818,0.0 121.5454254767,6.64103356875243,0.0 121.544403528052,6.64309169860561,0.0 121.543487470548,6.6451990856538,0.0 121.542679671585,6.64735028695889,0.0 121.541982219033,6.64953974634275,0.0 121.541869692436,6.64996694700769,0.0 120.876187441316,5.87450154898418,0.0 120.871605419539,5.87545977370557,0.0 120.869274533124,5.87601220192173,0.0 120.866976175809,5.87668761920532,0.0 120.864716813999,5.87748412526697,0.0 120.862502804459,5.8783994791323,0.0 120.860340376438,5.87943110544324,0.0 120.858235614156,5.88057610169941,0.0 120.85619443969,5.88183124641952,0.0 120.854222596324,5.88319300819991,0.0 120.852325632391,5.88465755564456,0.0 120.85050888567,5.88622076813904,0.0 120.848777468366,5.8878782474379,0.0 120.847136252733,5.88962533003308,0.0 120.84558985736,5.89145710026872,0.0 120.844142634175,5.89336840416534,0.0 120.842798656194,5.89535386391486,0.0 120.84156170606,5.89740789300547,0.0 120.840435265385,5.89952471193418,0.0 120.839422504951,5.90169836446264,0.0 120.838526275775,5.90392273437085,0.0 120.837749101072,5.9061915626615,0.0 120.837093169148,5.90849846516663,0.0 120.836560327222,5.91083695050737,0.0 120.829332589758,5.94694621632809,0.0 120.828924309401,5.94930947337015,0.0 120.8286417547,5.95169108119996,0.0 120.828485722233,5.95408433923208,0.0 120.82845665264,5.9564825140191,0.0 120.828554629358,5.95887885819483,0.0 120.828779378376,5.96126662945751,0.0 120.829130268978,5.9636391095398,0.0 120.829606315509,5.96598962311212,0.0 120.830206180123,5.96831155656616,0.0 120.83092817653,5.9705983766256,0.0 120.831770274729,5.97284364873184,0.0 120.832730106698,5.97504105515279,0.0 120.833804973045,5.97718441276379,0.0 120.83499185059,5.97926769045062,0.0 120.836287400858,5.98128502608545,0.0 120.837687979459,5.98323074302804,0.0 120.83918964634,5.98509936610547,0.0 120.844974177161,5.99191876958187,0.0 120.85553755994,6.0198849070427,0.0 120.856416464849,6.02204197023559,0.0 120.857405188517,6.02415084954182,0.0 120.85850110727,6.02620594613571,0.0 120.859701312749,6.02820180391414,0.0 120.86100261962,6.03013312398673,0.0 120.86240157402,6.03199477874939,0.0 120.863894462722,6.03378182550339,0.0 120.865477322986,6.03548951958402,0.0 120.887976313997,6.05854072654661,0.0 120.88962686738,6.06014762549959,0.0 120.891357084841,6.06166823566118,0.0 120.89316247047,6.06309860518852,0.0 120.89503833289,6.06443501672788,0.0 120.896979797451,6.06567399708147,0.0 120.898981818902,6.06681232623947,0.0 120.901039194504,6.06784704575404,0.0 120.90314657756,6.06877546643333,0.0 120.905298491314,6.06959517533545,0.0 120.907489343194,6.07030404204411,0.0 120.960618389908,6.08600581152056,0.0 120.972041299505,6.09472782537564,0.0 120.972889264935,6.09807030715698,0.0 120.973541316581,6.10038140331096,0.0 120.974315041459,6.10265458520162,0.0 120.975208258287,6.1048834398018,0.0 120.976218448587,6.10706167906084,0.0 120.977342763773,6.10918315764915,0.0 120.978578033178,6.11124189030103,0.0 120.979920772983,6.11323206870647,0.0 120.981367196038,6.11514807790448,0.0 120.982913222535,6.11698451213128,0.0 120.984554491516,6.11873619007889,0.0 120.986286373167,6.12039816952072,0.0 120.988103981879,6.12196576126284,0.0 120.990002190031,6.1234345423816,0.0 120.991975642455,6.12480036870998,0.0 120.994018771551,6.12605938653741,0.0 120.996125812997,6.12720804348993,0.0 120.998290822017,6.12824309855996,0.0 121.000507690167,6.12916163125711,0.0 121.002770162572,6.12996104985433,0.0 121.005071855589,6.13063909870595,0.0 121.007406274829,6.13119386461678,0.0 121.009766833491,6.13162378224446,0.0 121.012146870966,6.13192763851957,0.0 121.054058640249,6.13614796418826,0.0 121.056633716618,6.13633294387281,0.0 121.059215146132,6.13637037354095,0.0 121.06179449558,6.13626013093504,0.0 121.064363338556,6.13600257622335,0.0 121.066913283002,6.13559855082234,0.0 121.087771143138,6.131678724336,0.0 121.115190276849,6.13580325447095,0.0 121.117630973129,6.136102590509,0.0 121.120084328216,6.13626854953177,0.0 121.122543071302,6.1363006397368,0.0 121.124999915603,6.13619876605745,0.0 121.127447579969,6.13596323044437,0.0 121.129878810481,6.13559473096958,0.0 121.132286401967,6.13509435975557,0.0 121.134663219364,6.13446359973581,0.0 121.137002218889,6.13370432025618,0.0 121.139296468916,6.1328187715304,0.0 121.171837798554,6.11922739068808,0.0 121.173974943467,6.11826884650299,0.0 121.176059577089,6.11720072098709,0.0 121.178086095677,6.116025885594,0.0 121.180049051823,6.11474749862065,0.0 121.181943169109,6.11336899671105,0.0 121.183763356288,6.11189408561164,0.0 121.185504720975,6.11032673020306,0.0 121.187162582801,6.10867114383533,0.0 121.188732485992,6.10693177699516,0.0 121.190210211343,6.10511330533588,0.0 121.191591787557,6.10322061710236,0.0 121.192873501914,6.10125879998474,0.0 121.194051910244,6.09923312743644,0.0 121.195123846176,6.09714904449327,0.0 121.19608642964,6.09501215313179,0.0 121.196937074593,6.09282819720653,0.0 121.199636088779,6.08532982590289,0.0 121.212472803268,6.07334332161609,0.0 121.214136168302,6.07170767991469,0.0 121.215712987362,6.06998828983665,0.0 121.21719905884,6.06818973385222,0.0 121.218590423103,6.06631680537063,0.0 121.219883373043,6.06437449595892,0.0 121.221074463948,6.06236798203312,0.0 121.222160522677,6.06030261105712,0.0 121.223138656102,6.05818388728632,0.0 121.224006258812,6.05601745709388,0.0 121.224761020042,6.0538090939189,0.0 121.22477903289,6.05374591614215,0.0 121.225011789672,6.05389220878085,0.0 121.227017115865,6.05501450808792,0.0 121.229076863092,6.05603327247413,0.0 121.23118570132,6.0569458655902,0.0 121.233338173392,6.05774992583149,0.0 121.235528709158,6.05844337245337,0.0 121.237751639899,6.05902441095923,0.0 121.240001213005,6.0594915377473,0.0 121.242271606875,6.05984354400416,0.0 121.244556945988,6.06007951883474,0.0 121.246851316127,6.06019885162084,0.0 121.297865652566,6.0615486707887,0.0 121.300166966192,6.06155074157503,0.0 121.302465396937,6.06143546377807,0.0 121.304754976732,6.0612031367993,0.0 121.307029760515,6.06085436396656,0.0 121.30928384168,6.06039005096547,0.0 121.311511367424,6.05981140348526,0.0 121.313706553954,6.05911992408504,0.0 121.315863701516,6.05831740828877,0.0 121.317977209205,6.05740593991899,0.0 121.32004158951,6.05638788568165,0.0 121.328286833766,6.05205689715347,0.0 121.330372802908,6.05292967284489,0.0 121.332547491222,6.05371134918847,0.0 121.334759272612,6.05438066121022,0.0 121.337002357343,6.05493585691583,0.0 121.339270873681,6.05537548303409,0.0 121.339805745231,6.05545097012683,0.0 121.34022105537,6.05633423997232,0.0 121.341319030728,6.05838772966725,0.0 121.342521194769,6.06038189107831,0.0 121.34382435806,6.06231143176225,0.0 121.345225063008,6.06417123072892,0.0 121.346719593028,6.06595635203825,0.0 121.348303982403,6.06766205790636,0.0 121.3652260634,6.08496304815864,0.0 121.36693612292,6.08662151191338,0.0 121.368731123557,6.08818746370951,0.0 121.370606077191,6.08965655141418,0.0 121.372555773362,6.09102469207869,0.0 121.374574793758,6.09228808329263,0.0 121.376657527277,6.093443213758,0.0 121.378798185625,6.09448687305393,0.0 121.380990819415,6.09541616056488,0.0 121.383229334709,6.09622849354723,0.0 121.385507509964,6.09692161431189,0.0 121.387819013337,6.09749359650288,0.0 121.390157420292,6.09794285045438,0.0 121.392516231477,6.09826812761127,0.0 121.39488889079,6.09846852400089,0.0 121.397268803625,6.09854348274636,0.0 121.399649355211,6.09849279561429,0.0 121.424164380826,6.09732256249441,0.0 121.426520004886,6.09714816803124,0.0 121.428863297611,6.09685074329958,0.0 121.431187849708,6.09643110191876,0.0 121.433487303194,6.09589039178712,0.0 121.435755368799,6.09523009193875,0.0 121.437985843176,6.09445200849393,0.0 121.440172625881,6.09355826971442,0.0 121.442309736067,6.09255132017716,0.0 121.444391328851,6.09143391408233,0.0 121.446411711309,6.09020910771433,0.0 121.448365358049,6.08888025107612,0.0 121.450246926326,6.08745097872018,0.0 121.452051270664,6.085925199801,0.0 121.453773456922,6.0843070873766,0.0 121.455408775793,6.08260106698828,0.0 121.456952755678,6.08081180455006,0.0 121.458401174914,6.07894419358097,0.0 121.459750073312,6.07700334181511,0.0 121.460995762982,6.07499455722642,0.0 121.46213483841,6.07292333350624,0.0 121.473944473683,6.0500525691244,0.0 121.474965570376,6.04794261680062,0.0 121.475876030229,6.04578251357955,0.0 121.476673406336,6.04357806812237,0.0 121.477355555959,6.04133520825204,0.0 121.477920646271,6.03905996501005,0.0 121.478367159272,6.03675845643646,0.0 121.478693895855,6.0344368711168,0.0 121.478899979014,6.03210145154014,0.0 121.478984856183,6.02975847731318,0.0 121.478948300709,6.02741424827527,0.0 121.478790412441,6.02507506756,0.0 121.478511617449,6.02274722464877,0.0 121.478112666855,6.02043697846186,0.0 121.477594634805,6.01815054053254,0.0 121.476958915561,6.01589405830935,0.0 121.47620721974,6.01367359863135,0.0 121.475341569698,6.01149513142085,0.0 121.474364294084,6.0093645136373,0.0 121.467763610749,5.99590505036466,0.0 121.466685475951,5.99384252544236,0.0 121.465502745431,5.99183828621636,0.0 121.465077939899,5.99119633108504,0.0 121.469569923424,5.96735192226939,0.0 121.46994106619,5.96506011370889,0.0 121.470194214642,5.96275225147309,0.0 121.470328702761,5.96043442107486,0.0 121.470344177426,5.95811273423482,0.0 121.470240599334,5.95579331276612,0.0 121.470018243086,5.95348227243353,0.0 121.469677696447,5.95118570682921,0.0 121.469219858783,5.94890967130767,0.0 121.468645938672,5.94666016702238,0.0 121.467957450705,5.9444431251059,0.0 121.467156211478,5.94226439103536,0.0 121.466244334792,5.9401297092243,0.0 121.465224226065,5.93804470788166,0.0 121.464098575982,5.93601488417745,0.0 121.462870353394,5.93404558975454,0.0 121.461542797474,5.9321420166244,0.0 121.460119409181,5.93030918348399,0.0 121.458603942016,5.92855192248986,0.0 121.457000392127,5.92687486652422,0.0 121.438743360457,5.90873599385757,0.0 121.436959260733,5.9070569766101,0.0 121.435086906741,5.90547725175181,0.0 121.433131802994,5.90400146303932,0.0 121.431099697121,5.90263394867932,0.0 121.428996562971,5.90137872858283,0.0 121.426828583059,5.90023949255464,0.0 121.424602130405,5.8992195894528,0.0 121.423865763038,5.89890615515485,0.0 121.423709210492,5.89783129453043,0.0 121.423252932662,5.89553697112001,0.0 121.422678761575,5.89326934911413,0.0 121.421988235567,5.89103449849863,0.0 121.421183204367,5.88883840147089,0.0 121.420265824131,5.88668693643103,0.0 121.419238551657,5.88458586225146,0.0 121.418104137796,5.88254080286696,0.0 121.416865620087,5.88055723222639,0.0 121.415526314609,5.8786404596462,0.0 121.414089807104,5.87679561560502,0.0 121.412559943372,5.87502763801707,0.0 121.410940818973,5.87334125902127,0.0 121.409236768261,5.87174099232114,0.0 121.407452352785,5.87023112110945,0.0 121.405592349075,5.86881568660976,0.0 121.403661735865,5.86749847726548,0.0 121.401665680766,5.86628301860541,0.0 121.399609526439,5.86517256381256,0.0 121.397498776307,5.86417008502175,0.0 121.395339079824,5.86327826536901,0.0 121.393136217367,5.86249949181403,0.0 121.390896084776,5.86183584875492,0.0 121.388624677577,5.86128911245218,0.0 121.386328074954,5.86086074627697,0.0 121.384012423483,5.86055189679609,0.0 121.381683920697,5.86036339070444,0.0 121.379348798509,5.86029573261288,0.0 121.377013306546,5.86034910369761,0.0 121.374683695432,5.86052336121452,0.0 121.372366200076,5.86081803887996,0.0 121.370067022991,5.86123234811681,0.0 121.367792317709,5.86176518016262,0.0 121.365548172319,5.86241510903413,0.0 121.363340593188,5.86318039534036,0.0 121.36117548889,5.86405899093405,0.0 121.359058654403,5.86504854438898,0.0 121.358087674529,5.86553346385714,0.0 121.348281377423,5.85918740831334,0.0 121.329001201795,5.84038697971579,0.0 121.327276817001,5.83879076148973,0.0 121.325471903368,5.837286479541,0.0 121.323591342804,5.83587820221924,0.0 121.321640221691,5.83456973820947,0.0 121.319623817132,5.83336462623693,0.0 121.31754758268,5.83226612550182,0.0 121.3154171336,5.83127720686966,0.0 121.313238231686,5.83040054484112,0.0 121.311016769688,5.8296385103229,0.0 121.308758755385,5.82899316421924,0.0 121.306470295347,5.82846625186131,0.0 121.304157578432,5.8280591982894,0.0 121.301826859056,5.82777310440095,0.0 121.299484440297,5.82760874397434,0.0 121.297136656857,5.827566561577,0.0 121.294789857943,5.82764667136304,0.0 121.29245039011,5.82784885676389,0.0 121.290124580109,5.82817257107282,0.0 121.28781871779,5.82861693892156,0.0 121.256615999092,5.83547630080075,0.0 121.254240979683,5.83606631759137,0.0 121.251901361864,5.8367843187107,0.0 121.249604016648,5.83762819563433,0.0 121.247355690991,5.8385954701574,0.0 121.245162987995,5.83968330166726,0.0 121.243032347519,5.84088849547985,0.0 121.242430234159,5.84127359594352,0.0 121.244057767236,5.83901423517603,0.0 121.24539594027,5.8370496536049,0.0 121.246629110007,5.83501732693979,0.0 121.2477538659,5.83292287789965,0.0 121.248767097445,5.83077210100555,0.0 121.249666002781,5.82857094654444,0.0 121.250448096427,5.82632550410266,0.0 121.251111216142,5.82404198571478,0.0 121.251653528894,5.82172670867453,0.0 121.252073535918,5.81938607805526,0.0 121.25237007684,5.81702656898854,0.0 121.252542332877,5.81465470874969,0.0 121.25258982908,5.8122770587001,0.0 121.252512435633,5.80990019613607,0.0 121.252310368191,5.80753069609449,0.0 121.251984187272,5.80517511316572,0.0 121.251534796687,5.80283996336381,0.0 121.25096344102,5.80053170610438,0.0 121.250271702174,5.79825672633982,0.0 121.249461494978,5.7960213169012,0.0 121.248535061878,5.79383166109583,0.0 121.247494966718,5.79169381560829,0.0 121.246344087639,5.78961369375245,0.0 121.233289163737,5.76741460928949,0.0 121.232058083301,5.7654392743551,0.0 121.230727108748,5.76353003492254,0.0 121.229299770584,5.76169195405822,0.0 121.227779854748,5.75992990608361,0.0 121.226171392572,5.75824856365487,0.0 121.224478650082,5.75665238537731,0.0 121.222706116686,5.75514560398759,0.0 121.22085849327,5.75373221513488,0.0 121.21894067973,5.75241596679068,0.0 121.216957761986,5.7512003493153,0.0 121.214914998494,5.75008858620726,0.0 121.212817806309,5.74908362556008,0.0 121.210671746727,5.74818813224914,0.0 121.208482510547,5.74740448086913,0.0 121.18463514885,5.73955500693738,0.0 121.182379860271,5.73887734769224,0.0 121.18009236706,5.73831838669361,0.0 121.177778891214,5.73787964435509,0.0 121.175445725359,5.73756231409461,0.0 121.173099215646,5.73736725908999,0.0 121.170745744498,5.73729500993211,0.0 121.168391713266,5.73734576318227,0.0 121.166043524828,5.73751938083729,0.0 121.163707566184,5.73781539070422,0.0 121.1613901911,5.73823298768338,0.0 121.12887557608,5.74497241322561,0.0 121.126555930057,5.74551745091739,0.0 121.124268220223,5.74618430567722,0.0 121.122018818149,5.74697112028622,0.0 121.119813988792,5.74787570341647,0.0 121.117659873052,5.74889553572993,0.0 121.11556247068,5.75002777689056,0.0 121.113527623577,5.75126927346993,0.0 121.111560999523,5.75261656772462,0.0 121.109668076404,5.75406590722089,0.0 121.10785412695,5.75561325527995,0.0 121.106124204061,5.75725430221474,0.0 121.104483126723,5.75898447732714,0.0 121.102935466594,5.7607989616321,0.0 121.101485535261,5.76269270127355,0.0 121.10013737223,5.76466042159456,0.0 121.098894733667,5.76669664182286,0.0 121.097761081929,5.76879569033083,0.0 121.096739575912,5.7709517204274,0.0 121.095833062237,5.77315872663824,0.0 121.095044067314,5.77541056142865,0.0 121.094374790292,5.77770095232289,0.0 121.093827096916,5.78002351937215,0.0 121.093402514314,5.78237179292271,0.0 121.088349675671,5.81524165156693,0.0 121.088040998967,5.81769327173346,0.0 121.087866513948,5.82015811859559,0.0 121.087826743486,5.82262883064944,0.0 121.087921808127,5.82509802877954,0.0 121.088151425704,5.82755833829736,0.0 121.088514912166,5.83000241096776,0.0 121.089011183597,5.83242294695744,0.0 121.089638759431,5.83481271664012,0.0 121.089806737787,5.83533459250469,0.0 121.0891422046,5.83508222493898,0.0 121.086861819875,5.8343521218266,0.0 121.084546001908,5.83374408725015,0.0 121.082201260657,5.83325983045212,0.0 121.079834187332,5.83290071272494,0.0 121.077451435874,5.8326677435866,0.0 121.07505970427,5.83256157794446,0.0 121.072665715734,5.83258251425533,0.0 121.070276199823,5.83273049368679,0.0 121.067897873529,5.8330051002822,0.0 121.065537422417,5.83340556212905,0.0 121.063201481842,5.83393075352708,0.0 121.060896618305,5.83457919815049,0.0 121.058629311015,5.83534907319495,0.0 121.056405933677,5.83623821449823,0.0 121.054232736592,5.83724412261975,0.0 121.052115829094,5.83836396986215,0.0 121.050061162383,5.83959460821526,0.0 121.048074512802,5.8409325782001,0.0 121.046161465607,5.84237411858821,0.0 121.044327399266,5.84391517696892,0.0 121.042577470343,5.84555142113516,0.0 121.040916599005,5.84727825125566,0.0 121.016545068686,5.87399886815652,0.0 121.003107401742,5.86544831636455,0.0 121.000963437481,5.86416596924607,0.0 120.998751963976,5.8630042735998,0.0 120.996479745003,5.86196678227466,0.0 120.994153729997,5.8610566682434,0.0 120.955543871623,5.84716751629715,0.0 120.953397353204,5.84645550100931,0.0 120.951217935182,5.84585199071538,0.0 120.949011082648,5.84535849874418,0.0 120.94678232944,5.84497626254247,0.0 120.944537264271,5.8447062405742,0.0 120.94228151673,5.84454910991881,0.0 120.940020743169,5.84450526457469,0.0 120.937760612533,5.84457481447197,0.0 120.935506792157,5.84475758519727,0.0 120.917174848424,5.84670764972089,0.0 120.914891112476,5.84700971828565,0.0 120.912625730114,5.84742802843784,0.0 120.910384596747,5.84796149155215,0.0 120.90817354472,5.84860871932755,0.0 120.905998328149,5.84936802739807,0.0 120.903864607951,5.85023743971353,0.0 120.901777937124,5.85121469367895,0.0 120.899743746302,5.85229724603923,0.0 120.897767329632,5.85348227949392,0.0 120.895853830994,5.85476671002482,0.0 120.89400823063,5.85614719491747,0.0 120.892235332176,5.85762014145561,0.0 120.89053975017,5.85918171626623,0.0 120.888925898041,5.8608278552907,0.0 120.876187441316,5.87450154898418,0.0 121.195758506728,5.87891923133095,0.0 121.195126681125,5.87978171907213,0.0 121.193828743026,5.88176341995664,0.0 121.192636269488,5.88381049583458,0.0 121.191552537284,5.88591732363689,0.0 121.190580524586,5.8880781160972,0.0 121.189810496683,5.89006133867947,0.0 121.177093695345,5.88726392783148,0.0 121.176471682697,5.88641988830616,0.0 121.195758506728,5.87891923133095,0.0 121.10011759127,5.64337825116375,0.0 121.070425467999,5.62140958412702,0.0 121.06846937324,5.62004074523282,0.0 121.06644381253,5.618777378031,0.0 121.064354446394,5.61762301283044,0.0 121.062207113548,5.61658087533158,0.0 121.060007814588,5.61565387761784,0.0 121.057762695231,5.61484461002289,0.0 121.055478029147,5.61415533389671,0.0 121.053160200441,5.61358797529036,0.0 121.050815685825,5.61314411957726,0.0 121.04845103653,5.61282500702585,0.0 121.046072860009,5.61263152933595,0.0 121.043687801493,5.6125642271486,0.0 121.04130252543,5.61262328853619,0.0 121.038923696876,5.61280854847709,0.0 121.036557962884,5.61311948931642,0.0 121.034211933945,5.61355524221138,0.0 121.031892165527,5.61411458955744,0.0 121.029605139767,5.61479596838834,0.0 121.027357247375,5.61559747474066,0.0 121.025154769779,5.61651686897065,0.0 121.023003861588,5.61755158200859,0.0 121.020910533403,5.61869872253319,0.0 121.018880635023,5.61995508504614,0.0 121.01691983911,5.62131715882416,0.0 121.015033625339,5.62278113772373,0.0 121.013227265093,5.62434293081117,0.0 121.011505806729,5.62599817378835,0.0 121.009874061475,5.62774224118224,0.0 121.008336589982,5.62957025926434,0.0 121.006897689577,5.63147711966396,0.0 121.005561382252,5.63345749363732,0.0 121.004331403414,5.63550584695279,0.0 120.991283339254,5.65859498416064,0.0 120.990164675902,5.66070226851212,0.0 120.989158562137,5.66286574778358,0.0 120.98826780227,5.66507939448126,0.0 120.987494879321,5.66733704127684,0.0 120.986841948093,5.66963239818548,0.0 120.986310829149,5.67195907008615,0.0 120.985903003729,5.6743105745358,0.0 120.985619609608,5.67668035982734,0.0 120.985461437907,5.6790618232416,0.0 120.985428930873,5.6814483294422,0.0 120.985522180629,5.68383322896216,0.0 120.985740928904,5.68620987673076,0.0 120.98608456773,5.68857165058909,0.0 120.986552141122,5.69091196974262,0.0 120.987142347724,5.69322431309941,0.0 120.98785354442,5.69550223744287,0.0 120.988683750894,5.69773939538829,0.0 120.989630655136,5.69992955307324,0.0 120.99069161987,5.70206660753234,0.0 120.991863689889,5.70414460370801,0.0 120.993143600281,5.70615775104979,0.0 120.99452778551,5.70810043965568,0.0 120.996012389354,5.70996725591082,0.0 120.997593275631,5.71175299757944,0.0 120.999266039731,5.71345268830822,0.0 121.001026020877,5.71506159150045,0.0 121.002868315117,5.71657522352226,0.0 121.004787788986,5.71798936620398,0.0 121.006779093814,5.71930007860175,0.0 121.008836680633,5.72050370798646,0.0 121.010954815647,5.72159690002941,0.0 121.013127596212,5.72257660815604,0.0 121.015348967299,5.72344010204172,0.0 121.053811456891,5.73723108140466,0.0 121.056072486608,5.73797494831141,0.0 121.0583695183,5.73859841916484,0.0 121.060696166354,5.739099760745,0.0 121.063045962771,5.73947757934549,0.0 121.065412375152,5.7397308246505,0.0 121.067788824877,5.73985879265659,0.0 121.070168705402,5.73986112763106,0.0 121.072545400643,5.73973782310137,0.0 121.074912303377,5.73948922187296,0.0 121.077262833626,5.73911601507536,0.0 121.079590456965,5.73861924023923,0.0 121.081888702693,5.73800027840974,0.0 121.08415118184,5.73726085030437,0.0 121.086371604936,5.73640301152581,0.0 121.088543799506,5.73542914684327,0.0 121.09066172724,5.73434196355832,0.0 121.092719500785,5.73314448397362,0.0 121.094711400116,5.73184003698556,0.0 121.09663188845,5.73043224882438,0.0 121.098475627631,5.72892503296749,0.0 121.10023749298,5.72732257925409,0.0 121.101912587538,5.72562934223161,0.0 121.103496255675,5.72385002876625,0.0 121.104984096034,5.72198958495231,0.0 121.106371973757,5.72005318235674,0.0 121.107656031977,5.71804620363715,0.0 121.108832702527,5.71597422757354,0.0 121.109898715854,5.71384301355531,0.0 121.110851110093,5.71165848556669,0.0 121.111687239289,5.70942671571536,0.0 121.112404780741,5.70715390735001,0.0 121.11668374452,5.69224360836422,0.0 121.117281536073,5.68993233705551,0.0 121.117756696159,5.68759267848078,0.0 121.118107901339,5.68523115657261,0.0 121.118334173845,5.68285435614771,0.0 121.118434884297,5.68046890454451,0.0 121.118409753433,5.6780814531431,0.0 121.118258852878,5.67569865881904,0.0 121.117982604923,5.67332716538266,0.0 121.117581781328,5.67097358505577,0.0 121.11705750116,5.66864448003731,0.0 121.116411227652,5.66634634420925,0.0 121.115644764107,5.66408558503382,0.0 121.114760248859,5.66186850569244,0.0 121.113760149296,5.65970128751609,0.0 121.112647254968,5.65758997275606,0.0 121.111424669796,5.65554044774308,0.0 121.110095803414,5.65355842648165,0.0 121.108664361648,5.65164943472525,0.0 121.107134336181,5.6498187945768,0.0 121.105509993418,5.64807160965718,0.0 121.103795862586,5.64641275088303,0.0 121.101996723107,5.64484684289354,0.0 121.10011759127,5.64337825116375,0.0 120.991019721133,6.243764879497,0.0 121.014909008751,6.23098393751264,0.0 121.016972452985,6.22980912490474,0.0 121.018971376472,6.22852746674173,0.0 121.020900259954,6.22714250213687,0.0 121.022753777705,6.22565805543988,0.0 121.024526812234,6.22407822566994,0.0 121.026214468426,6.22240737519021,0.0 121.027812087046,6.22065011765507,0.0 121.029315257615,6.21881130526372,0.0 121.030719830573,6.21689601535519,0.0 121.032021928738,6.21490953638194,0.0 121.033217958002,6.21285735330106,0.0 121.034304617246,6.21074513242313,0.0 121.035278907444,6.20857870576104,0.0 121.036138139929,6.20636405492184,0.0 121.036879943808,6.20410729458623,0.0 121.037502272492,6.20181465562136,0.0 121.038003409327,6.19949246787367,0.0 121.038381972322,6.19714714268932,0.0 121.038636917946,6.19478515521041,0.0 121.03876754399,6.19241302649603,0.0 121.038773491489,6.19003730551754,0.0 121.038654745693,6.18766455107762,0.0 121.038411636091,6.1853013137032,0.0 121.038044835481,6.1829541175622,0.0 121.037555358099,6.1806294424539,0.0 121.036944556795,6.17833370592279,0.0 121.036214119288,6.17607324554506,0.0 121.035366063485,6.17385430143674,0.0 121.0344027319,6.17168299903171,0.0 121.033326785172,6.16956533217688,0.0 121.026108085444,6.15623586122354,0.0 121.024917986265,6.15417019288291,0.0 121.023620746758,6.15217018751724,0.0 121.022219975401,6.15024140666972,0.0 121.020719568443,6.14838921376848,0.0 121.019123699063,6.14661875921877,0.0 121.017436805759,6.14493496608785,0.0 121.015663580006,6.14334251642216,0.0 121.013808953204,6.14184583823485,0.0 121.011878082969,6.14044909319982,0.0 121.009876338791,6.13915616508612,0.0 121.007809287107,6.13797064896521,0.0 121.005682675829,6.13689584122055,0.0 121.003502418366,6.13593473038759,0.0 121.001274577188,6.13508998884934,0.0 120.999005346984,6.1343639654106,0.0 120.996701037438,6.13375867877145,0.0 120.974203784276,6.12847911029357,0.0 120.971907984291,6.12800283310687,0.0 120.969590591148,6.12764641113525,0.0 120.967257845845,6.12741080425518,0.0 120.96491603069,6.12729664697291,0.0 120.9625714524,6.12730424671701,0.0 120.960230425127,6.12743358301111,0.0 120.957899253463,6.12768430752912,0.0 120.955584215481,6.12805574503272,0.0 120.953291545832,6.12854689518872,0.0 120.951027418971,6.12915643526126,0.0 120.948797932541,6.12988272367178,0.0 120.946609090956,6.13072380441704,0.0 120.944466789248,6.1316774123335,0.0 120.942376797195,6.13274097919374,0.0 120.940344743791,6.13391164061876,0.0 120.938376102093,6.13518624378737,0.0 120.936476174489,6.13656135592221,0.0 120.934650078419,6.13803327352941,0.0 120.932902732595,6.13959803236714,0.0 120.931238843759,6.14125141811644,0.0 120.929662894,6.14298897772529,0.0 120.92817912869,6.14480603139592,0.0 120.926791545037,6.14669768518273,0.0 120.925503881321,6.14865884416728,0.0 120.924319606816,6.15068422617473,0.0 120.923241912439,6.15276837599503,0.0 120.922273702149,6.15490568007052,0.0 120.921417585111,6.15709038161053,0.0 120.914473269397,6.17625982537857,0.0 120.91372333229,6.17851285799803,0.0 120.913092619279,6.18080218844078,0.0 120.91258287161,6.18312150199202,0.0 120.912195496929,6.18546440115395,0.0 120.911931565384,6.18782442328922,0.0 120.911791806651,6.19019505844491,0.0 120.91177660791,6.19256976730796,0.0 120.911886012755,6.19494199924244,0.0 120.912119721055,6.19730521035908,0.0 120.912477089765,6.19965288156706,0.0 120.912957134682,6.20197853655835,0.0 120.913558533139,6.20427575967508,0.0 120.914279627641,6.20653821361035,0.0 120.915118430417,6.20875965689393,0.0 120.916072628893,6.2109339611144,0.0 120.917139592048,6.21305512783015,0.0 120.918316377668,6.21511730512266,0.0 120.919599740447,6.21711480374622,0.0 120.920986140928,6.21904211282952,0.0 120.922471755261,6.22089391508563,0.0 120.924052485742,6.22266510148844,0.0 120.925723972116,6.2243507853749,0.0 120.938496027106,6.23657152506616,0.0 120.940243974009,6.23815860501127,0.0 120.94207236385,6.23965217389569,0.0 120.943976207263,6.24104815547622,0.0 120.945950308825,6.24234273981181,0.0 120.947989281239,6.24353239366823,0.0 120.950087560041,6.24461387016747,0.0 120.952239418791,6.2455842176554,0.0 120.954438984712,6.24644078776324,0.0 120.956680254725,6.2471812426411,0.0 120.95895711184,6.24780356134333,0.0 120.961263341867,6.24830604534866,0.0 120.963592650384,6.24868732319954,0.0 120.965938679932,6.24894635424837,0.0 120.968295027375,6.24908243150005,0.0 120.970655261397,6.24909518354325,0.0 120.973012940061,6.24898457556501,0.0 120.975361628411,6.24875090944592,0.0 120.977694916048,6.24839482293561,0.0 120.980006434638,6.24791728791083,0.0 120.982289875306,6.24731960772085,0.0 120.984539005873,6.24660341362749,0.0 120.986747687869,6.24577066034954,0.0 120.988909893305,6.24482362072374,0.0 120.991019721133,6.243764879497,0.0 120.736060538344,5.46104065845579,0.0 120.734722282178,5.46167706227004,0.0 120.732573394591,5.46284585708628,0.0 120.730490832123,5.46412957522687,0.0 120.728480709162,5.46552444788026,0.0 120.726548927537,5.46702637988583,0.0 120.724701159202,5.46863096175073,0.0 120.722942829587,5.47033348258929,0.0 120.721279101666,5.47212894394703,0.0 120.719714860802,5.47401207446898,0.0 120.718254700401,5.47597734536916,0.0 120.716902908421,5.47801898665598,0.0 120.706862045069,5.49411352489619,0.0 120.70563958042,5.49619458828078,0.0 120.704529727235,5.4983380798245,0.0 120.703535651986,5.50053788628599,0.0 120.702660191047,5.5027877337535,0.0 120.70190584259,5.50508120553286,0.0 120.701274759453,5.50741176044327,0.0 120.700768742979,5.5097727514687,0.0 120.700389237869,5.51215744471197,0.0 120.700137328045,5.51455903859731,0.0 120.700013733536,5.51697068326683,0.0 120.700018808415,5.51938550011548,0.0 120.700152539768,5.52179660140901,0.0 120.700414547712,5.52419710992884,0.0 120.700804086462,5.5265801785878,0.0 120.70132004644,5.52893900996105,0.0 120.701960957425,5.53126687567612,0.0 120.702724992726,5.53355713560702,0.0 120.703609974378,5.53580325681746,0.0 120.704613379339,5.53799883219932,0.0 120.726507119624,5.58270699257213,0.0 120.72763373281,5.58485914372216,0.0 120.728874137873,5.58694753900263,0.0 120.730224752449,5.58896614492413,0.0 120.731681675652,5.59090912955566,0.0 120.733240699339,5.59277087937966,0.0 120.734897320257,5.59454601551666,0.0 120.736646753048,5.59622940927244,0.0 120.738483944071,5.5978161969627,0.0 120.740403586,5.59930179397238,0.0 120.742400133158,5.60068190800877,0.0 120.744467817538,5.60195255151016,0.0 120.746600665474,5.60311005317392,0.0 120.748792514904,5.60415106857075,0.0 120.75103703318,5.60507258981425,0.0 120.753327735373,5.60587195425777,0.0 120.755658003016,5.60654685219331,0.0 120.78221029951,5.61346733003986,0.0 120.784448953714,5.61399014352983,0.0 120.786711278215,5.61439807765832,0.0 120.788991403112,5.6146900739293,0.0 120.791283412282,5.61486537466257,0.0 120.79358135874,5.61492352496157,0.0 120.795879280078,5.61486437389512,0.0 120.798171213951,5.61468807488974,0.0 120.800032516666,5.61444889033844,0.0 120.800355535142,5.6147519571798,0.0 120.8021491908,5.61626744073495,0.0 120.804019047937,5.61768748069645,0.0 120.805960052337,5.61900823825377,0.0 120.80796695734,5.62022614295678,0.0 120.810034338029,5.62133790237368,0.0 120.812156605894,5.62234051099712,0.0 120.814328023951,5.62323125837456,0.0 120.816542722255,5.6240077364406,0.0 120.818794713777,5.62466784603157,0.0 120.820543890685,5.62508304452217,0.0 120.800964604838,5.62335248171201,0.0 120.798578040086,5.62320519484103,0.0 120.796187039267,5.62318472904642,0.0 120.793798311768,5.62329114170155,0.0 120.791418560593,5.6235241341437,0.0 120.789054463572,5.62388305251223,0.0 120.78671265463,5.62436688958287,0.0 120.784399705184,5.6249742875929,0.0 120.782122105719,5.62570354204941,0.0 120.779886247581,5.62655260650989,0.0 120.777698405056,5.62751909832188,0.0 120.775564717774,5.62860030530548,0.0 120.773491173482,5.62979319336014,0.0 120.771483591258,5.6310944149743,0.0 120.769547605181,5.63250031861425,0.0 120.767688648527,5.63400695896572,0.0 120.765911938529,5.63561010799971,0.0 120.764222461731,5.63730526683147,0.0 120.762624960002,5.63908767833945,0.0 120.761123917222,5.640952340509,0.0 120.7597235467,5.64289402046325,0.0 120.758427779344,5.64490726914204,0.0 120.757240252621,5.64698643658781,0.0 120.756164300348,5.64912568779553,0.0 120.755202943318,5.65131901908229,0.0 120.754358880819,5.6535602749308,0.0 120.753634483043,5.65584316525946,0.0 120.753031784425,5.65816128307073,0.0 120.752552477912,5.66050812242828,0.0 120.752197910205,5.6628770967125,0.0 120.751969077958,5.66526155710325,0.0 120.751866624965,5.66765481123804,0.0 120.751890840339,5.67005014199317,0.0 120.75204165768,5.67244082633537,0.0 120.752318655243,5.67482015419085,0.0 120.752721057109,5.67718144727895,0.0 120.753247735341,5.67951807785744,0.0 120.759540243135,5.70435227694232,0.0 120.760175630292,5.70661205896291,0.0 120.760927263098,5.70883575855079,0.0 120.761793116401,5.71101738030807,0.0 120.762770857021,5.71315104221448,0.0 120.763857850026,5.71523099148995,0.0 120.76505116583,5.71725162010935,0.0 120.766347588075,5.71920747992761,0.0 120.767743622295,5.72109329737427,0.0 120.769235505333,5.72290398767787,0.0 120.770819215478,5.72463466858176,0.0 120.772490483303,5.72628067351411,0.0 120.774244803174,5.72783756417678,0.0 120.776077445399,5.72930114251883,0.0 120.777983468976,5.73066746206232,0.0 120.779957734917,5.73193283854993,0.0 120.78199492011,5.73309385988537,0.0 120.784089531675,5.73414739533992,0.0 120.819827532776,5.75097193314274,0.0 120.822078896366,5.75195770736441,0.0 120.824380481364,5.75281932198561,0.0 120.826725468034,5.75355422386657,0.0 120.829106907945,5.75416023532525,0.0 120.831517744568,5.75463556059514,0.0 120.833950834196,5.75497879115068,0.0 120.836398967135,5.75518890988461,0.0 120.838854889075,5.75526529412452,0.0 120.841311322603,5.75520771747992,0.0 120.843760988785,5.75501635051412,0.0 120.844680654267,5.7548937907835,0.0 120.854972346288,5.77444463542406,0.0 120.856103724191,5.77646643006869,0.0 120.857337063026,5.77842750174217,0.0 120.858669122914,5.78032269719596,0.0 120.860096404456,5.78214703623605,0.0 120.861615157923,5.78389572481517,0.0 120.863221393101,5.7855641676361,0.0 120.864910889774,5.7871479802331,0.0 120.866679208812,5.78864300049947,0.0 120.868521703834,5.79004529963087,0.0 120.870433533418,5.79135119245566,0.0 120.872409673827,5.79255724712504,0.0 120.87444493221,5.79366029413728,0.0 120.876533960259,5.79465743467242,0.0 120.878671268263,5.79554604821543,0.0 120.880851239545,5.79632379944769,0.0 120.883068145229,5.7969886443886,0.0 120.885316159304,5.79753883577118,0.0 120.887589373945,5.79797292763745,0.0 120.889881815048,5.79828977914146,0.0 120.892187457943,5.79848855754992,0.0 120.920693102282,5.80020962710238,0.0 120.92309039561,5.80029036922852,0.0 120.925488587247,5.80024347171437,0.0 120.927880906056,5.80006906695041,0.0 120.930260597487,5.79976764733488,0.0 120.932620942672,5.79934006388275,0.0 120.934955277398,5.79878752382137,0.0 120.937257010943,5.7981115871798,0.0 120.939519644694,5.79731416238117,0.0 120.941736790508,5.79639750085088,0.0 120.943902188756,5.79536419065569,0.0 120.946009726009,5.79421714919189,0.0 120.948053452305,5.79295961494311,0.0 120.950027597951,5.79159513833119,0.0 120.951926589825,5.79012757168615,0.0 120.953745067108,5.78856105836338,0.0 120.955477896423,5.78690002103918,0.0 120.957120186329,5.78514914921754,0.0 120.958667301127,5.78331338598376,0.0 120.960114873946,5.78139791404219,0.0 120.961458819066,5.77940814107775,0.0 120.962695343447,5.77734968448261,0.0 120.963820957425,5.77522835549126,0.0 120.975980973485,5.750763399882,0.0 120.977005534687,5.74855478521433,0.0 120.977909877182,5.74629411947585,0.0 120.978691378629,5.74398796155342,0.0 120.979347773172,5.741643002242,0.0 120.979877157999,5.73926604482845,0.0 120.980277998842,5.73686398534998,0.0 120.980549134415,5.73444379258444,0.0 120.980689779762,5.73201248783048,0.0 120.980699528515,5.72957712453644,0.0 120.980578354056,5.72714476783691,0.0 120.980326609573,5.72472247405644,0.0 120.979945027014,5.72231727023979,0.0 120.979434714951,5.7199361337682,0.0 120.978797155341,5.71758597212063,0.0 120.97803419921,5.71527360283874,0.0 120.977148061267,5.71300573375366,0.0 120.976141313466,5.71078894353189,0.0 120.964154179371,5.68617396080994,0.0 120.963033980674,5.68402211990579,0.0 120.961800149364,5.68193358165239,0.0 120.960456240588,5.67991436190751,0.0 120.959006126442,5.67797027680225,0.0 120.957453984807,5.67610692599474,0.0 120.955804287311,5.67432967654754,0.0 120.954061786445,5.67264364747544,0.0 120.952231501866,5.67105369500785,0.0 120.950318705944,5.66956439860825,0.0 120.94832890857,5.66818004779085,0.0 120.946267841293,5.66690462977227,0.0 120.944141440813,5.66574181799385,0.0 120.941955831886,5.66469496154744,0.0 120.939717309694,5.66376707553511,0.0 120.937432321716,5.66296083239043,0.0 120.919325401571,5.65711377732007,0.0 120.919174265373,5.65695143968978,0.0 120.917465327087,5.65529931443699,0.0 120.915672017024,5.65373951949031,0.0 120.913799299983,5.65227637258847,0.0 120.881764349575,5.62857664286841,0.0 120.880744180949,5.62786139489915,0.0 120.88080013707,5.62784515335409,0.0 120.882986759947,5.62708677258253,0.0 120.885131705022,5.62621710687154,0.0 120.887229333243,5.62523844261407,0.0 120.889274130033,5.62415335275843,0.0 120.891260719798,5.62296469003972,0.0 120.893183880067,5.62167557947532,0.0 120.895038555221,5.6202894101443,0.0 120.896819869796,5.61880982627237,0.0 120.898523141294,5.61724071764595,0.0 120.9001438925,5.61558620938052,0.0 120.901677863248,5.61385065107036,0.0 120.940464949324,5.56762620556198,0.0 120.941932836535,5.56578097363439,0.0 120.94330263877,5.56386152608819,0.0 120.944570626007,5.56187309099353,0.0 120.945733345644,5.55982108427244,0.0 120.946787631901,5.55771109494191,0.0 120.94773061443,5.55554886988615,0.0 120.948559726123,5.5533402981992,0.0 120.949272710092,5.55109139514095,0.0 120.949867625805,5.54880828575008,0.0 120.950342854356,5.54649718815872,0.0 120.950697102858,5.54416439665427,0.0 120.950929407955,5.54181626453461,0.0 120.951039138423,5.53945918680333,0.0 120.951025996881,5.5370995827522,0.0 120.950890020578,5.53474387847835,0.0 120.950631581281,5.53239848938362,0.0 120.950251384243,5.53006980270398,0.0 120.94975046627,5.52776416011635,0.0 120.94913019288,5.52548784047032,0.0 120.94839225457,5.52324704269174,0.0 120.947538662201,5.52104786890457,0.0 120.946571741507,5.51889630781718,0.0 120.945494126749,5.51679821841796,0.0 120.944308753532,5.51475931402492,0.0 120.943018850801,5.51278514673232,0.0 120.912141446537,5.46811210598882,0.0 120.910694485765,5.46613519910756,0.0 120.909142735423,5.4642397859282,0.0 120.907490757879,5.46243143805676,0.0 120.905743409993,5.46071547111924,0.0 120.903905828831,5.45909692914314,0.0 120.901983416563,5.45758056973753,0.0 120.899981824587,5.45617085011508,0.0 120.897906936917,5.45487191399707,0.0 120.895764852887,5.45368757943985,0.0 120.893561869232,5.4526213276182,0.0 120.891304461585,5.45167629259883,0.0 120.88899926545,5.4508552521337,0.0 120.886653056704,5.45016061950026,0.0 120.869571792754,5.44560387049845,0.0 120.867277811172,5.44505577886299,0.0 120.864958390315,5.44462854213615,0.0 120.86333267033,5.44441636065521,0.0 120.840839317314,5.42435770213947,0.0 120.83901827821,5.42281806960978,0.0 120.837118689365,5.42137691585511,0.0 120.835145847445,5.42003825884343,0.0 120.833105253236,5.41880583074953,0.0 120.831002596309,5.41768306755527,0.0 120.828843739162,5.41667309947548,0.0 120.826634700882,5.41577874223611,0.0 120.824381640369,5.41500248922889,0.0 120.822090839177,5.41434650456424,0.0 120.819768684006,5.41381261704189,0.0 120.817421648909,5.41340231505578,0.0 120.815056277251,5.41311674244755,0.0 120.81267916348,5.41295669532009,0.0 120.810296934753,5.41292261981998,0.0 120.807916232473,5.41301461089501,0.0 120.805543693784,5.4132324120302,0.0 120.803185933081,5.41357541596311,0.0 120.800849523578,5.41404266637634,0.0 120.798540979001,5.41463286056258,0.0 120.796266735435,5.41534435305485,0.0 120.794033133389,5.41617516021167,0.0 120.791846400136,5.41712296574456,0.0 120.789712632356,5.41818512717242,0.0 120.787637779149,5.41935868318484,0.0 120.785627625453,5.42064036189394,0.0 120.783687775928,5.42202658995165,0.0 120.78182363933,5.42351350250722,0.0 120.780040413433,5.42509695397716,0.0 120.778343070547,5.42677252959768,0.0 120.776736343647,5.4285355577276,0.0 120.775224713183,5.43038112286727,0.0 120.773812394579,5.43230407935758,0.0 120.772503326484,5.43429906572068,0.0 120.771301159777,5.43636051960264,0.0 120.770209247386,5.43848269327657,0.0 120.770092373272,5.43874268702925,0.0 120.768497041785,5.43897865637656,0.0 120.766195056229,5.43938043283224,0.0 120.763916910154,5.4399010935683,0.0 120.761668712343,5.44053924239539,0.0 120.759456491319,5.44129316808159,0.0 120.75728617919,5.44216084893875,0.0 120.755163595752,5.44313995824094,0.0 120.753094432892,5.4442278704604,0.0 120.751084239329,5.44542166830434,0.0 120.749138405743,5.4467181505337,0.0 120.747262150327,5.44811384054304,0.0 120.745460504795,5.44960499567862,0.0 120.743738300892,5.45118761726958,0.0 120.742100157442,5.45285746134565,0.0 120.740550467959,5.45461005001241,0.0 120.739093388865,5.45644068345398,0.0 120.737732828343,5.45834445253076,0.0 120.736472435848,5.46031625193862,0.0 120.736060538344,5.46104065845579,0.0 120.901404908117,6.3666047288023,0.0 120.913901201208,6.34799382904432,0.0 120.915183672505,6.34596984237047,0.0 120.916357149159,6.34388071382436,0.0 120.917418335633,6.34173231276324,0.0 120.918364251985,6.33953067499747,0.0 120.91919224222,6.33728198582734,0.0 120.919899981743,6.33499256266071,0.0 120.92048548387,6.33266883726029,0.0 120.920947105394,6.33031733767049,0.0 120.921283551183,6.32794466987469,0.0 120.921493877802,6.32555749923453,0.0 120.921577496142,6.32316253176339,0.0 120.921534173054,6.32076649528662,0.0 120.92136403199,6.31837612054155,0.0 120.921067552629,6.31599812227035,0.0 120.920645569518,6.31363918035885,0.0 120.920099269702,6.3113059210742,0.0 120.919430189374,6.30900489845422,0.0 120.918640209543,6.30674257590047,0.0 120.917731550733,6.3045253080269,0.0 120.916706766727,6.30235932281484,0.0 120.915568737383,6.30025070412451,0.0 120.914320660533,6.298205374612,0.0 120.912966042983,6.29622907909978,0.0 120.911508690659,6.29432736844714,0.0 120.909952697905,6.29250558396597,0.0 120.90830243598,6.29076884242551,0.0 120.906562540773,6.28912202168804,0.0 120.904737899778,6.28756974701575,0.0 120.886130201767,6.27257044593949,0.0 120.884306855806,6.27117550389079,0.0 120.882415083746,6.26987499975803,0.0 120.880459766012,6.26867228825741,0.0 120.878445946841,6.26757047181911,0.0 120.876378821276,6.2665723925896,0.0 120.874263721766,6.26568062510515,0.0 120.872106104421,6.26489746965531,0.0 120.869911534944,6.26422494635354,0.0 120.867685674284,6.26366478993018,0.0 120.865434264042,6.26321844526112,0.0 120.863163111669,6.26288706364373,0.0 120.8608780755,6.26267149982955,0.0 120.858585049652,6.26257230982138,0.0 120.856289948829,6.26258974944052,0.0 120.853998693084,6.26272377366771,0.0 120.851717192552,6.26297403675949,0.0 120.835330578697,6.26519398407687,0.0 120.833002976832,6.26557139392852,0.0 120.830698215725,6.26606978060427,0.0 120.828422570139,6.26668778719886,0.0 120.826182235621,6.26742373113657,0.0 120.823983311653,6.26827560874926,0.0 120.821831785051,6.26924110072806,0.0 120.819733513679,6.27031757843387,0.0 120.817694210507,6.27150211104958,0.0 120.815719428065,6.27279147355452,0.0 120.813814543335,6.27418215549956,0.0 120.81198474311,6.27567037055906,0.0 120.810235009881,6.27725206683361,0.0 120.808570108271,6.27892293787578,0.0 120.806994572062,6.28067843440875,0.0 120.80551269185,6.28251377670612,0.0 120.804128503362,6.28442396759928,0.0 120.802845776458,6.28640380607691,0.0 120.801668004864,6.28844790143976,0.0 120.800598396652,6.29055068797228,0.0 120.79963986549,6.29270644009111,0.0 120.798795022705,6.29490928792938,0.0 120.798066170156,6.29715323331442,0.0 120.797455293952,6.29943216609546,0.0 120.796964059034,6.3017398807769,0.0 120.796593804619,6.30407009341195,0.0 120.796345540545,6.30641645871071,0.0 120.796219944496,6.30877258731605,0.0 120.796217360145,6.31113206320044,0.0 120.796337796199,6.31348846113628,0.0 120.796580926354,6.31583536419217,0.0 120.796946090167,6.31816638120759,0.0 120.801941118129,6.34538703698209,0.0 120.802430772715,6.34771011423234,0.0 120.80304163839,6.35000427317646,0.0 120.803772032382,6.35226318796712,0.0 120.804619942264,6.35448062985487,0.0 120.805583031484,6.35665048436695,0.0 120.806658645794,6.35876676817187,0.0 120.807843820558,6.3608236455831,0.0 120.809135288908,6.36281544465644,0.0 120.810529490745,6.36473667283654,0.0 120.812022582547,6.36658203210925,0.0 120.81361044796,6.36834643361813,0.0 120.815288709139,6.3700250117045,0.0 120.81705273882,6.37161313733244,0.0 120.818897673076,6.37310643086139,0.0 120.820818424729,6.37450077413125,0.0 120.822809697381,6.37579232182634,0.0 120.824866000021,6.37697751208699,0.0 120.826981662172,6.3780530763392,0.0 120.829150849535,6.3790160483153,0.0 120.83136758009,6.3798637722406,0.0 120.833625740594,6.38059391016331,0.0 120.835919103458,6.38120444840759,0.0 120.853422290606,6.38537472904759,0.0 120.855754436887,6.38586571394528,0.0 120.858109215215,6.38623302136877,0.0 120.86048007633,6.38647562969782,0.0 120.862860426203,6.38659286413308,0.0 120.865243644389,6.38658439857489,0.0 120.867623102452,6.38645025653132,0.0 120.869992182423,6.38619081105323,0.0 120.872344295214,6.38580678369617,0.0 120.874672898961,6.38529924251244,0.0 120.876971517236,6.38466959907845,0.0 120.879233757066,6.38391960456607,0.0 120.881453326735,6.38305134486869,0.0 120.883624053286,6.38206723479572,0.0 120.885739899706,6.38097001135172,0.0 120.887794981722,6.37976272611883,0.0 120.889783584176,6.37844873676391,0.0 120.891700176923,6.377031697694,0.0 120.893539430221,6.3755155498862,0.0 120.895296229551,6.37390450992034,0.0 120.896965689846,6.37220305824509,0.0 120.898543169075,6.37041592671019,0.0 120.90002428115,6.36854808539961,0.0 120.901404908117,6.3666047288023,0.0 120.418250243634,6.21052680599261,0.0 120.448259512454,6.21719756353059,0.0 120.450597216627,6.21765278795739,0.0 120.451441673649,6.21777141615446,0.0 120.451182024031,6.21795937803467,0.0 120.449351280392,6.21943572961,0.0 120.447599753389,6.22100538620824,0.0 120.445932186243,6.22266409760408,0.0 120.444353094963,6.22440737241104,0.0 120.442866756112,6.22623049023673,0.0 120.441477195228,6.22812851445812,0.0 120.440188175917,6.23009630558238,0.0 120.439003189662,6.23212853515725,0.0 120.437925446356,6.23421970019312,0.0 120.436957865605,6.2363641380582,0.0 120.436103068814,6.23855604180628,0.0 120.435363372073,6.24078947589565,0.0 120.434740779875,6.24305839225689,0.0 120.434236979675,6.2453566466659,0.0 120.433853337306,6.24767801537803,0.0 120.433590893262,6.25001621197817,0.0 120.433450359866,6.25236490440143,0.0 120.433432119324,6.25471773207824,0.0 120.433536222674,6.25706832315744,0.0 120.433762389625,6.25941031176088,0.0 120.434110009304,6.26173735522273,0.0 120.43457814189,6.26404315126687,0.0 120.435165521141,6.26632145507578,0.0 120.435870557807,6.26856609620481,0.0 120.436691343918,6.2707709952959,0.0 120.437625657935,6.2729301805455,0.0 120.446520264377,6.29210056224163,0.0 120.447568773635,6.29421408577772,0.0 120.44872606251,6.29626999520735,0.0 120.44998897994,6.29826269032139,0.0 120.451354087022,6.30018674303016,0.0 120.452817666367,6.30203691215505,0.0 120.45437573222,6.30380815771164,0.0 120.456024041308,6.30549565464527,0.0 120.457758104394,6.30709480598158,0.0 120.459573198502,6.30860125535609,0.0 120.461464379779,6.3100108988886,0.0 120.463426496963,6.31131989636999,0.0 120.465454205418,6.31252468173074,0.0 120.467541981696,6.31362197276278,0.0 120.469684138586,6.31460878006778,0.0 120.471874840616,6.31548241520768,0.0 120.474108119956,6.31624049803506,0.0 120.476377892684,6.3168809631832,0.0 120.478677975374,6.31740206569827,0.0 120.481002101946,6.31780238579806,0.0 120.483343940754,6.3180808327443,0.0 120.485697111847,6.31823664781793,0.0 120.488055204359,6.31826940638922,0.0 120.490411793995,6.31817901907698,0.0 120.492063289236,6.31802904464069,0.0 120.497623391092,6.35202361479023,0.0 120.498027305136,6.35416719160221,0.0 120.49853409181,6.35628878261295,0.0 120.499142572723,6.35838344928345,0.0 120.49985133272,6.36044631568534,0.0 120.500658723165,6.36247257985274,0.0 120.501562865768,6.36445752496247,0.0 120.515171919349,6.39251855126114,0.0 120.516235521826,6.39457562152154,0.0 120.517403031407,6.39657550611945,0.0 120.518671385635,6.39851295706361,0.0 120.520037257311,6.40038289013069,0.0 120.521497063221,6.40218039821262,0.0 120.523046973524,6.40390076419946,0.0 120.5246829218,6.40553947336432,0.0 120.526400615717,6.40709222521736,0.0 120.52819554829,6.40855494479799,0.0 120.530063009707,6.40992379337538,0.0 120.531998099689,6.41119517852913,0.0 120.533995740353,6.4123657635836,0.0 120.573998653654,6.4344475764656,0.0 120.576122460718,6.43554750538732,0.0 120.578301464729,6.43653351533172,0.0 120.580529564092,6.43740284505466,0.0 120.582800519619,6.43815306003527,0.0 120.585107972006,6.43878205929949,0.0 120.587445459657,6.43928808130917,0.0 120.589806436788,6.43966970890002,0.0 120.592184291771,6.4399258732545,0.0 120.594572365666,6.44005585689856,0.0 120.596963970877,6.4400592957137,0.0 120.599352409903,6.43993617995872,0.0 120.601730994104,6.43968685429828,0.0 120.604093062447,6.4393120168381,0.0 120.606432000177,6.43881271716967,0.0 120.608741257356,6.43819035342971,0.0 120.611014367215,6.43744666838291,0.0 120.613244964284,6.43658374453866,0.0 120.615426802222,6.43560399831583,0.0 120.61755377133,6.43451017327163,0.0 120.619619915659,6.43330533241385,0.0 120.621619449708,6.431992849618,0.0 120.623546774626,6.43057640017341,0.0 120.625396493896,6.42905995048494,0.0 120.626031333077,6.42851077006735,0.0 120.626547127527,6.43051156345625,0.0 120.627269688696,6.4328031697573,0.0 120.628112942483,6.43505313929838,0.0 120.629074508603,6.43725511670232,0.0 120.630151672485,6.43940288206662,0.0 120.631341392921,6.44149036853752,0.0 120.632640310642,6.4435116794527,0.0 120.634044757795,6.44546110500398,0.0 120.635550768291,6.44733313837286,0.0 120.637154089002,6.44912249129335,0.0 120.638850191767,6.4508241089979,0.0 120.640634286176,6.45243318450412,0.0 120.642501333103,6.45394517220195,0.0 120.644446058933,6.45535580070261,0.0 120.646462970467,6.45666108491301,0.0 120.648546370435,6.45785733730148,0.0 120.650690373603,6.45894117832266,0.0 120.652888923399,6.45990954597221,0.0 120.695677705182,6.47741109627342,0.0 120.697863795906,6.47823980186876,0.0 120.700089804652,6.47895434230878,0.0 120.702349776146,6.47955280585301,0.0 120.704637664173,6.48003359130248,0.0 120.706947347763,6.48039541228764,0.0 120.709272647583,6.48063730071344,0.0 120.711607342474,6.48075860935223,0.0 120.713945186117,6.48075901357758,0.0 120.716279923752,6.48063851223427,0.0 120.718605308929,6.4803974276422,0.0 120.720915120232,6.48003640473409,0.0 120.72320317794,6.47955640932938,0.0 120.725463360569,6.47895872554892,0.0 120.727689621266,6.47824495237736,0.0 120.729876003999,6.4774169993825,0.0 120.732016659498,6.47647708160309,0.0 120.73410586092,6.47542771361882,0.0 120.736138019176,6.47427170281837,0.0 120.738107697893,6.47301214188367,0.0 120.740009627964,6.47165240051048,0.0 120.741838721648,6.47019611638754,0.0 120.743590086189,6.46864718545856,0.0 120.745259036901,6.46700975149307,0.0 120.746841109707,6.46528819499426,0.0 120.748332073077,6.46348712147345,0.0 120.749727939346,6.46161134912272,0.0 120.751024975376,6.4596658959188,0.0 120.752219712537,6.45765596619267,0.0 120.75330895598,6.45558693670108,0.0 120.754289793171,6.45346434223718,0.0 120.755159601674,6.45129386081889,0.0 120.755916056152,6.44908129849472,0.0 120.756557134576,6.44683257380774,0.0 120.757081123618,6.44455370195934,0.0 120.757486623221,6.44225077871514,0.0 120.760810749056,6.42002041636982,0.0 120.761101968518,6.41764437330549,0.0 120.761267066928,6.41525624169207,0.0 120.761305583244,6.41286271589811,0.0 120.761217411271,6.41047050532151,0.0 120.761002799932,6.40808631558144,0.0 120.760662352559,6.40571682972196,0.0 120.760197025175,6.40336868947997,0.0 120.759608123801,6.40104847666985,0.0 120.758897300771,6.3987626947371,0.0 120.758066550086,6.39651775053268,0.0 120.757118201809,6.39431993635881,0.0 120.756054915515,6.39217541233693,0.0 120.754879672824,6.39009018914672,0.0 120.753595769032,6.38807011118485,0.0 120.752206803863,6.38612084019041,0.0 120.736940098297,6.36585186369572,0.0 120.735452870033,6.36398214672606,0.0 120.73386899711,6.36219364199131,0.0 120.732192903483,6.36049134385587,0.0 120.730429270493,6.35888000590026,0.0 120.728583023789,6.35736412765395,0.0 120.726659319573,6.35594794203781,0.0 120.724663530203,6.35463540355114,0.0 120.722601229193,6.35343017723606,0.0 120.720478175652,6.35233562845018,0.0 120.718300298211,6.35135481347578,0.0 120.716073678471,6.35049047099186,0.0 120.713804534035,6.34974501443263,0.0 120.711499201151,6.34912052525379,0.0 120.709164117032,6.34861874712534,0.0 120.706805801896,6.34824108106699,0.0 120.704430840767,6.34798858153979,0.0 120.702045865107,6.34786195350479,0.0 120.699657534311,6.34786155045695,0.0 120.697272517125,6.34798737343973,0.0 120.694897473041,6.34823907104307,0.0 120.692539033719,6.34861594038484,0.0 120.690203784479,6.34911692907289,0.0 120.689775540418,6.34923278130387,0.0 120.690737877726,6.34839971465814,0.0 120.692457005922,6.34674495799606,0.0 120.694086450418,6.34500174011752,0.0 120.695621670783,6.34317491938052,0.0 120.697058389326,6.34126958710088,0.0 120.698392603013,6.33929105335563,0.0 120.699620594619,6.33724483217695,0.0 120.700738943076,6.33513662617802,0.0 120.701744533001,6.33297231065381,0.0 120.702634563363,6.33075791720109,0.0 120.709858260494,6.31131727336092,0.0 120.710637091356,6.3090368573244,0.0 120.711293375809,6.30671815938885,0.0 120.711825250939,6.30436776708778,0.0 120.712231207355,6.30199235791478,0.0 120.712510093457,6.29959868034892,0.0 120.71266111869,6.29719353467957,0.0 120.712683855767,6.29478375368501,0.0 120.71257824187,6.29237618321969,0.0 120.712344578801,6.28997766276555,0.0 120.711983532107,6.2875950060023,0.0 120.711496129171,6.28523498145225,0.0 120.710883756273,6.28290429325426,0.0 120.710148154633,6.28060956212175,0.0 120.709291415447,6.27835730653858,0.0 120.697067350007,6.24862816246893,0.0 120.696131949996,6.24650908630956,0.0 120.69508932169,6.24444073304722,0.0 120.693942203122,6.24242853183552,0.0 120.692693606498,6.24047776437174,0.0 120.691346810283,6.2385935510382,0.0 120.689905350582,6.2367808374674,0.0 120.688373011854,6.23504438156625,0.0 120.686753816974,6.23338874103351,0.0 120.685052016669,6.23181826140288,0.0 120.666993177224,6.2159892768183,0.0 120.665158084733,6.21446445175521,0.0 120.663245148198,6.21303866307567,0.0 120.661259698713,6.21171588373482,0.0 120.659207269295,6.21049979961386,0.0 120.657093579478,6.20939379925593,0.0 120.654924519373,6.20840096443043,0.0 120.65270613327,6.20752406155189,0.0 120.650444602795,6.2067655339773,0.0 120.648146229701,6.20612749520318,0.0 120.645817418317,6.20561172298139,0.0 120.64346465771,6.20521965436994,0.0 120.641094503624,6.20495238173254,0.0 120.638713560218,6.20481064969807,0.0 120.636328461683,6.20479485308826,0.0 120.633945853768,6.20490503581946,0.0 120.631572375277,6.20514089078147,0.0 120.629214639585,6.20550176069374,0.0 120.626879216224,6.20598663993662,0.0 120.624572612592,6.20659417735246,0.0 120.622301255835,6.20732268000888,0.0 120.620071474947,6.20817011791365,0.0 120.617889483151,6.20913412966816,0.0 120.615761360595,6.21021202904368,0.0 120.61369303742,6.21140081246224,0.0 120.611690277245,6.2126971673612,0.0 120.609758661112,6.21409748141844,0.0 120.607903571941,6.21559785261235,0.0 120.607458462543,6.21599850137243,0.0 120.605717758222,6.21459896136674,0.0 120.603839941697,6.2132415818124,0.0 120.601895082966,6.21198229824021,0.0 120.599888294033,6.21082442026183,0.0 120.597824849556,6.20977099094514,0.0 120.595710172987,6.20882477882204,0.0 120.593549822326,6.20798827061764,0.0 120.591349475518,6.20726366471968,0.0 120.565518212146,6.19948482122524,0.0 120.563449350757,6.19891499596749,0.0 120.561355791731,6.1984441154482,0.0 120.541917607856,6.19455454847692,0.0 120.539536063307,6.19414391640816,0.0 120.537135989392,6.19386130716101,0.0 120.53472425179,6.19370752904165,0.0 120.532307749504,6.19368302181741,0.0 120.529893395143,6.1937878554612,0.0 120.527488095163,6.19402172995301,0.0 120.525098730122,6.19438397613903,0.0 120.522732135018,6.194873557646,0.0 120.520395079746,6.19548907384522,0.0 120.51809424975,6.19622876385781,0.0 120.515836226908,6.19709051158979,0.0 120.513627470723,6.1980718517826,0.0 120.511474299847,6.1991699770617,0.0 120.499933480496,6.20545024143579,0.0 120.487819624761,6.20705836313535,0.0 120.488196493919,6.20673802644508,0.0 120.48992788104,6.20510157226794,0.0 120.491570684869,6.20337608080799,0.0 120.493120340531,6.20156634748821,0.0 120.49457254216,6.19967740181765,0.0 120.495923254858,6.19771449340655,0.0 120.497168725909,6.19568307737006,0.0 120.498305495198,6.19358879916093,0.0 120.499330404818,6.19143747887373,0.0 120.505997559531,6.17643689386116,0.0 120.506919505751,6.17420362710491,0.0 120.507112294509,6.17365529696376,0.0 120.507326947875,6.17391035239027,0.0 120.508936764176,6.17563230648393,0.0 120.510634107683,6.17726791169057,0.0 120.512414361239,6.17881271791851,0.0 120.514272681975,6.18026252206733,0.0 120.51620401449,6.18161337947047,0.0 120.518203104604,6.1828616146347,0.0 120.520264513654,6.18400383124738,0.0 120.522382633296,6.18503692142387,0.0 120.524551700772,6.18595807417021,0.0 120.526765814593,6.18676478303761,0.0 120.529018950605,6.18745485294813,0.0 120.531304978389,6.18802640617263,0.0 120.533617677953,6.1884778874449,0.0 120.535950756665,6.18880806819781,0.0 120.538297866388,6.18901604990993,0.0 120.540652620766,6.18910126655359,0.0 120.543008612613,6.18906348613746,0.0 120.545359431361,6.18890281133962,0.0 120.547698680517,6.1886196792293,0.0 120.550019995077,6.18821486007792,0.0 120.552317058867,6.18768945526295,0.0 120.554583621732,6.18704489426998,0.0 120.556813516563,6.18628293080141,0.0 120.559000676083,6.18540563800224,0.0 120.561139149372,6.18441540281611,0.0 120.563223118064,6.18331491948684,0.0 120.56524691219,6.18210718222341,0.0 120.567205025613,6.18079547704816,0.0 120.569092131014,6.1793833728507,0.0 120.570903094393,6.17787471167179,0.0 120.57263298904,6.17627359824377,0.0 120.574277108941,6.17458438881605,0.0 120.575830981584,6.17281167929624,0.0 120.577290380124,6.17096029273914,0.0 120.592846906829,6.15012921673628,0.0 120.594216440912,6.14819113636516,0.0 120.595482447756,6.1461837820251,0.0 120.596641438265,6.14411268771399,0.0 120.597690218491,6.14198356309578,0.0 120.598625898424,6.13980227775367,0.0 120.599445899954,6.13757484500299,0.0 120.60014796396,6.1353074053084,0.0 120.600730156527,6.13300620935121,0.0 120.60119087426,6.13067760079369,0.0 120.601528848691,6.12832799878769,0.0 120.601743149758,6.12596388027614,0.0 120.601833188348,6.123591762136,0.0 120.601798717908,6.12121818321209,0.0 120.601639835106,6.11884968629124,0.0 120.601356979541,6.11649280006656,0.0 120.600950932521,6.11415402114143,0.0 120.600422814886,6.11183979612294,0.0 120.599774083903,6.10955650385402,0.0 120.599006529232,6.10731043783324,0.0 120.598122267977,6.10510778887076,0.0 120.597123738836,6.10295462802811,0.0 120.596013695367,6.10085688988879,0.0 120.594795198379,6.09882035620584,0.0 120.593471607491,6.09685063997119,0.0 120.592046571861,6.09495316995093,0.0 120.590524020115,6.09313317572864,0.0 120.588908149517,6.09139567329836,0.0 120.587203414391,6.08974545124652,0.0 120.585414513846,6.08818705756086,0.0 120.583546378817,6.08672478710287,0.0 120.581604158477,6.08536266977778,0.0 120.579593206046,6.08410445943495,0.0 120.577519064042,6.08295362352906,0.0 120.575387449008,6.08191333357037,0.0 120.573204235762,6.08098645639055,0.0 120.570975441216,6.08017554624789,0.0 120.568707207802,6.07948283779349,0.0 120.566405786551,6.07891023991807,0.0 120.542527580921,6.0736308002669,0.0 120.540202993027,6.0731803957366,0.0 120.537858024373,6.07285253827966,0.0 120.535499117241,6.07264812848948,0.0 120.533132752162,6.07256772781147,0.0 120.530765430128,6.07261155700304,0.0 120.528403654746,6.07277949552889,0.0 120.526053914384,6.07307108189331,0.0 120.523722664356,6.07348551490847,0.0 120.521416309205,6.07402165589539,0.0 120.519141185116,6.07467803181126,0.0 120.516903542526,6.07545283929485,0.0 120.514709528961,6.07634394961868,0.0 120.512565172158,6.07734891453445,0.0 120.510476363517,6.07846497299586,0.0 120.50844884192,6.07968905874002,0.0 120.506488177977,6.08101780870715,0.0 120.504599758725,6.08244757227514,0.0 120.502788772833,6.08397442128375,0.0 120.501060196353,6.08559416082113,0.0 120.499418779046,6.08730234074291,0.0 120.497869031336,6.08909426789238,0.0 120.496415211919,6.09096501898828,0.0 120.495061316052,6.09290945414486,0.0 120.49381106458,6.09492223098715,0.0 120.492667893702,6.09699781932272,0.0 120.491634945522,6.09913051632979,0.0 120.490715059409,6.10131446221991,0.0 120.489910764184,6.10354365633248,0.0 120.48922427116,6.10581197361667,0.0 120.489200783181,6.10590733476066,0.0 120.488963170143,6.10564142346517,0.0 120.487264610653,6.10393320489156,0.0 120.485477537183,6.10231800470397,0.0 120.48360702759,6.10080041157331,0.0 120.481658396626,6.09938473682332,0.0 120.479637180845,6.09807500218957,0.0 120.477549122871,6.09687492840134,0.0 120.47540015509,6.09578792461843,0.0 120.473196382797,6.09481707875309,0.0 120.470944066867,6.09396514870431,0.0 120.468649605966,6.09323455452935,0.0 120.466319518392,6.09262737157462,0.0 120.463960423563,6.09214532458541,0.0 120.446475778698,6.08905570058336,0.0 120.44419725725,6.08871276756753,0.0 120.441904232665,6.08848657953121,0.0 120.439602670441,6.08837772478677,0.0 120.437298558257,6.08838648639144,0.0 120.434997890409,6.08851284141283,0.0 120.432706652222,6.08875646099001,0.0 120.430430804495,6.08911671118987,0.0 120.428176268003,6.08959265465665,0.0 120.425948908105,6.09018305305023,0.0 120.423754519496,6.09088637026689,0.0 120.421598811142,6.09170077643423,0.0 120.419487391438,6.09262415266975,0.0 120.417425753628,6.09365409659084,0.0 120.415419261516,6.09478792856188,0.0 120.413473135525,6.09602269866214,0.0 120.411592439121,6.09735519435652,0.0 120.389627304892,6.11377417206065,0.0 120.387747852056,6.11525821550363,0.0 120.385949576335,6.11683983042452,0.0 120.38423752805,6.11851457543316,0.0 120.382616515517,6.12027774759543,0.0 120.381091091544,6.12212439563303,0.0 120.379665540646,6.12404933382054,0.0 120.378343867007,6.12604715654086,0.0 120.377129783232,6.12811225345823,0.0 120.376026699914,6.13023882526642,0.0 120.37503771605,6.13242089996777,0.0 120.374165610322,6.13465234963766,0.0 120.373412833287,6.13692690762733,0.0 120.372781500482,6.13923818615678,0.0 120.372273386463,6.14157969424854,0.0 120.371889919813,6.14394485595192,0.0 120.371632179107,6.14632702880673,0.0 120.371500889869,6.14871952249459,0.0 120.371496422514,6.15111561762555,0.0 120.371618791291,6.15350858460733,0.0 120.371867654223,6.15589170254413,0.0 120.372242314046,6.15825827811205,0.0 120.372741720152,6.16060166435815,0.0 120.373364471519,6.16291527937018,0.0 120.374108820627,6.16519262476478,0.0 120.374972678348,6.167427303942,0.0 120.375953619799,6.16961304005491,0.0 120.377048891137,6.17174369364391,0.0 120.378255417275,6.1738132798859,0.0 120.379569810509,6.17581598541009,0.0 120.390960069349,6.19220670648598,0.0 120.392383495414,6.19414302913859,0.0 120.393907754514,6.19600089707212,0.0 120.395528538205,6.1977750574481,0.0 120.397241264996,6.19946049403093,0.0 120.399041093296,6.20105244137791,0.0 120.4009229351,6.20254639832057,0.0 120.402881470371,6.20393814069902,0.0 120.404911162085,6.20522373331332,0.0 120.407006271885,6.20639954105789,0.0 120.409160876309,6.20746223920731,0.0 120.411368883549,6.2084088228245,0.0 120.413624050677,6.2092366152644,0.0 120.415920001306,6.20994327574904,0.0 120.418250243634,6.21052680599261,0.0 120.644129348372,6.36723448605703,0.0 120.641110450851,6.35593054574401,0.0 120.641774484125,6.35625004537139,0.0 120.643975952591,6.35716952072653,0.0 120.64622285864,6.35797148201681,0.0 120.648508939952,6.35865369394831,0.0 120.650827824928,6.35921425497773,0.0 120.653173050457,6.35965160261725,0.0 120.655538079946,6.35996451779392,0.0 120.657916321552,6.3601521282511,0.0 120.65855438294,6.36016865933673,0.0 120.655350124895,6.36131455976009,0.0 120.653173978152,6.36215676962109,0.0 120.651044172975,6.36311021494877,0.0 120.648966385426,6.36417235476945,0.0 120.646946153033,6.36534035843153,0.0 120.644988860042,6.36661111314474,0.0 120.644129348372,6.36723448605703,0.0 120.536929911696,5.44954010718063,0.0 120.549235450954,5.46516078822937,0.0 120.550756077621,5.4669898602289,0.0 120.552370675398,5.4687361884777,0.0 120.554074768431,5.47039493097274,0.0 120.555863632605,5.47196148850674,0.0 120.557732308639,5.47343151742669,0.0 120.559675615836,5.47480094168394,0.0 120.561688166448,5.47606596414246,0.0 120.563764380616,5.47722307711374,0.0 120.565898501843,5.47826907208912,0.0 120.568084612964,5.47920104864237,0.0 120.570316652555,5.48001642247785,0.0 120.572588431751,5.48071293260176,0.0 120.574893651411,5.48128864759661,0.0 120.577225919599,5.48174197098137,0.0 120.579578769314,5.48207164564239,0.0 120.581945676435,5.48227675732279,0.0 120.584320077824,5.48235673716055,0.0 120.586695389534,5.4823113632682,0.0 120.589065025082,5.4821407613498,0.0 120.591422413725,5.48184540435334,0.0 120.593761018686,5.48142611115968,0.0 120.596074355303,5.48088404431147,0.0 120.598356009012,5.48022070678855,0.0 120.600599653153,5.47943793783865,0.0 120.602799066518,5.47853790787507,0.0 120.604948150616,5.47752311245539,0.0 120.60704094659,5.47639636535826,0.0 120.60907165175,5.47516079077704,0.0 120.611034635666,5.47381981465251,0.0 120.61292445579,5.47237715516839,0.0 120.614735872548,5.47083681243624,0.0 120.616463863873,5.46920305739845,0.0 120.63907004675,5.44667188869888,0.0 120.640681774148,5.44498007847271,0.0 120.642204033177,5.44320700150532,0.0 120.643632750298,5.44135740335717,0.0 120.644964102441,5.43943623435864,0.0 120.646194527231,5.43744863635524,0.0 120.647320732518,5.43539992894031,0.0 120.648339705181,5.43329559521253,0.0 120.649248719182,5.43114126709597,0.0 120.650045342855,5.42894271026241,0.0 120.6507274454,5.42670580869614,0.0 120.651293202578,5.42443654894269,0.0 120.651741101578,5.42214100408363,0.0 120.652069945053,5.41982531748045,0.0 120.652278854313,5.41749568633104,0.0 120.652367271656,5.41515834508279,0.0 120.652334961855,5.41281954874665,0.0 120.652182012764,5.41048555615708,0.0 120.651908835074,5.40816261322237,0.0 120.651516161195,5.40585693621032,0.0 120.651005043286,5.40357469511413,0.0 120.650376850421,5.40132199714265,0.0 120.649633264913,5.39910487037958,0.0 120.648776277799,5.39692924765492,0.0 120.6478081835,5.39480095067209,0.0 120.64673157367,5.39272567443301,0.0 120.64554933025,5.39070897200281,0.0 120.644264617746,5.38875623965488,0.0 120.642880874754,5.38687270243593,0.0 120.641401804749,5.38506340018975,0.0 120.639831366174,5.38333317407676,0.0 120.638173761839,5.38168665362564,0.0 120.636433427673,5.38012824435141,0.0 120.634615020854,5.37866211597312,0.0 120.616297352996,5.36465895577571,0.0 120.614407574854,5.36329017897026,0.0 120.612449769633,5.36202108464235,0.0 120.61042916656,5.36085506215111,0.0 120.608351162473,5.35979522555219,0.0 120.606221307422,5.35884440528607,0.0 120.604045289842,5.35800514062358,0.0 120.601828921374,5.35727967288891,0.0 120.599578121344,5.35666993947801,0.0 120.59729890097,5.35617756868839,0.0 120.594997347312,5.35580387537401,0.0 120.592679607024,5.35554985743691,0.0 120.590351869952,5.35541619316484,0.0 120.588020352612,5.35540323942196,0.0 120.585691281596,5.35551103069753,0.0 120.583370876959,5.35573927901494,0.0 120.581065335613,5.3560873747015,0.0 120.578780814793,5.35655438801672,0.0 120.57652341562,5.35713907163492,0.0 120.574299166819,5.35783986397545,0.0 120.572114008628,5.35865489337165,0.0 120.569973776945,5.35958198306744,0.0 120.567884187747,5.36061865702825,0.0 120.565850821835,5.36176214655073,0.0 120.563879109935,5.36300939765376,0.0 120.561974318202,5.36435707923088,0.0 120.560141534157,5.3658015919426,0.0 120.558385653106,5.36733907782477,0.0 120.556711365069,5.36896543058746,0.0 120.555123142253,5.3706763065769,0.0 120.553625227108,5.37246713637125,0.0 120.537030938125,5.39338015518152,0.0 120.535631058223,5.39524073832929,0.0 120.534328674924,5.39717112976316,0.0 120.533127247945,5.39916620274878,0.0 120.532029968981,5.40122065873084,0.0 120.531039753222,5.40332904139996,0.0 120.530159231605,5.40548575117882,0.0 120.529390743813,5.40768506008904,0.0 120.528736332059,5.40992112695964,0.0 120.528197735644,5.41218801293647,0.0 120.527776386328,5.41447969725163,0.0 120.527473404516,5.41679009321106,0.0 120.527289596268,5.41911306435776,0.0 120.527225451146,5.42144244076796,0.0 120.527281140895,5.42377203543674,0.0 120.527456518977,5.42609566070981,0.0 120.527751120944,5.42840714471773,0.0 120.528164165656,5.43070034776896,0.0 120.528694557342,5.43296917865826,0.0 120.529340888497,5.43520761084691,0.0 120.530101443605,5.43740969847211,0.0 120.530974203684,5.43956959214269,0.0 120.531956851634,5.44168155447931,0.0 120.533046778384,5.44373997535788,0.0 120.534241089806,5.4457393868155,0.0 120.535536614398,5.44767447757949,0.0 120.536929911696,5.44954010718063,0.0 119.695824610699,5.04670505177287,0.0 119.69577158986,5.04774417095595,0.0 119.695772399724,5.05007070698511,0.0 119.695892573698,5.05239411998024,0.0 119.696131794771,5.05470825598424,0.0 119.696489430617,5.05700698554354,0.0 119.696964535254,5.05928421994144,0.0 119.697555851539,5.06153392732443,0.0 119.698261814478,5.06375014867856,0.0 119.699080555365,5.06592701361379,0.0 119.700009906713,5.06805875591425,0.0 119.701047407985,5.0701397288135,0.0 119.724650029124,5.11458046893395,0.0 119.725832529085,5.1166709225744,0.0 119.727124165481,5.11869540934407,0.0 119.728521288581,5.12064820678312,0.0 119.730019950381,5.12252379498955,0.0 119.731615915753,5.12431687222686,0.0 119.744394818818,5.13792739529183,0.0 119.746016448806,5.13956839734268,0.0 119.747719579458,5.14112419502534,0.0 119.749499763479,5.14259072493626,0.0 119.751352352226,5.14396415675969,0.0 119.753272507848,5.1452409032773,0.0 119.755255215915,5.14641762974297,0.0 119.757295298522,5.14749126259854,0.0 119.759387427807,5.14845899750745,0.0 119.761526139873,5.14931830668523,0.0 119.763705849061,5.15006694550771,0.0 119.777356068971,5.15436757699625,0.0 119.777662222533,5.15472568323728,0.0 119.804707175411,5.18475701206583,0.0 119.806352465445,5.18648943302855,0.0 119.8080868654,5.18813217308089,0.0 119.809905519242,5.18968063186573,0.0 119.811803334876,5.19113047298466,0.0 119.813774998402,5.19247763614825,0.0 119.815814988988,5.19371834855361,0.0 119.817917594338,5.19484913545694,0.0 119.820076926686,5.19586682991166,0.0 119.822286939288,5.19676858164453,0.0 119.824541443363,5.19755186504496,0.0 119.826834125428,5.19821448624494,0.0 119.829158564984,5.1987545892697,0.0 119.831508252509,5.19917066124186,0.0 119.833876607698,5.19946153662422,0.0 119.836256997898,5.19962640048949,0.0 119.838642756694,5.19966479080747,0.0 119.841027202595,5.19957659974349,0.0 119.843403657756,5.1993620739641,0.0 119.84576546669,5.19902181394942,0.0 119.857869985964,5.19694872854869,0.0 119.864182323558,5.19854304191362,0.0 119.873304165829,5.20761896496015,0.0 119.875031589354,5.20924949471963,0.0 119.876842175027,5.21078667813981,0.0 119.878730910647,5.21222625907594,0.0 119.880692567515,5.21356425156201,0.0 119.882721714914,5.21479695085369,0.0 119.884812735139,5.21592094369275,0.0 119.88695983906,5.21693311776465,0.0 119.889157082149,5.21783067032281,0.0 119.909904964859,5.22567403259551,0.0 119.918619189767,5.24358764493612,0.0 119.919728354812,5.24572157157125,0.0 119.920949215053,5.24779331423215,0.0 119.922278312837,5.24979700329664,0.0 119.92371188375,5.25172696187145,0.0 119.92524586728,5.25357772188085,0.0 119.926875918303,5.25534403956437,0.0 119.928597419389,5.25702091033961,0.0 119.930405493881,5.25860358298801,0.0 119.932295019703,5.26008757312325,0.0 119.934260643871,5.26146867590403,0.0 119.954502007426,5.27489940313174,0.0 119.956526879599,5.27616695025764,0.0 119.958615833519,5.27732531222486,0.0 119.960763015625,5.27837124266179,0.0 119.962962409064,5.27930181023735,0.0 119.965207850552,5.28011440688274,0.0 119.967493047658,5.28080675510716,0.0 119.969811596443,5.28137691438683,0.0 119.972156999414,5.28182328660946,0.0 119.974522683743,5.28214462055859,0.0 119.976902019699,5.2823400154254,0.0 119.979288339237,5.28240892333798,0.0 119.9816749547,5.28235115090084,0.0 119.984055177569,5.28216685974044,0.0 119.986422337224,5.28185656605507,0.0 120.006632994137,5.27865945343582,0.0 120.022557376249,5.28852028011509,0.0 120.044994429403,5.31190253457182,0.0 120.046754675937,5.31363906645393,0.0 120.048607123117,5.3152764128156,0.0 120.050546216608,5.31680966336502,0.0 120.052566142086,5.318234219918,0.0 120.054660842682,5.31954581019565,0.0 120.121476413573,5.35886910841687,0.0 120.141385427997,5.37667483460842,0.0 120.14317222542,5.37819117730871,0.0 120.14503512349,5.37961255749079,0.0 120.146969103724,5.38093514547623,0.0 120.14896895601,5.38215537771637,0.0 120.151029292646,5.38326996639989,0.0 120.153144562855,5.38427590831741,0.0 120.155309067749,5.38517049295937,0.0 120.157516975687,5.38595130982504,0.0 120.159762337991,5.38661625492311,0.0 120.162039104984,5.38716353644611,0.0 120.164341142298,5.38759167960336,0.0 120.203490282558,5.39382284520966,0.0 120.205855038053,5.39413515980032,0.0 120.208232961884,5.39432176238353,0.0 120.210617404933,5.39438213096685,0.0 120.21300169982,5.39431609653094,0.0 120.215379179554,5.3941238435049,0.0 120.217743196193,5.39380590925268,0.0 120.22008713944,5.3933631825718,0.0 120.222404455148,5.39279690120877,0.0 120.224688663651,5.39210864839804,0.0 120.226933377898,5.39130034843413,0.0 120.229132321325,5.39037426128949,0.0 120.231279345412,5.389332976293,0.0 120.233368446891,5.38817940488698,0.0 120.235393784534,5.38691677248284,0.0 120.2373496955,5.38554860943841,0.0 120.239230711169,5.384078741182,0.0 120.241031572443,5.38251127751114,0.0 120.242747244454,5.38085060109574,0.0 120.244372930638,5.37910135521811,0.0 120.245904086155,5.37726843078405,0.0 120.247336430591,5.37535695264152,0.0 120.248665959921,5.3733722652452,0.0 120.249888957707,5.37131991770712,0.0 120.251002005477,5.36920564827515,0.0 120.261827219837,5.34725459246169,0.0 120.262840008216,5.34505422744174,0.0 120.263733715415,5.34280263294898,0.0 120.264505775149,5.34050627756127,0.0 120.265153970697,5.33817175838872,0.0 120.26567644126,5.33580578211591,0.0 120.26607168729,5.33341514572991,0.0 120.266338574783,5.33100671698966,0.0 120.266476338522,5.32858741469279,0.0 120.266484584259,5.32616418879673,0.0 120.266363289825,5.32374400045108,0.0 120.266205838074,5.32222897831533,0.0 120.278930418087,5.31371625385763,0.0 120.280830780298,5.31237262205046,0.0 120.282659520609,5.31093259369083,0.0 120.284411777467,5.30939999718795,0.0 120.28608289276,5.30777890704159,0.0 120.287668424198,5.30607363300459,0.0 120.289164157127,5.30428870861977,0.0 120.29056611573,5.3024288791618,0.0 120.291870573597,5.30049908901625,0.0 120.293074063627,5.29850446852922,0.0 120.293954718445,5.29685891675633,0.0 120.295865888174,5.29576812593323,0.0 120.297855127335,5.29449004521613,0.0 120.299774860571,5.29310929389856,0.0 120.301619819363,5.29162966146647,0.0 120.303384940518,5.29005520878136,0.0 120.315316956224,5.2788367684868,0.0 120.321624921543,5.28702936673586,0.0 120.323143624443,5.28889671665844,0.0 120.324759411757,5.29068032065621,0.0 120.326467695853,5.29237511353946,0.0 120.328263626298,5.29397628227029,0.0 120.33014210363,5.29547927963754,0.0 120.332097793838,5.2968798371771,0.0 120.334125143508,5.29817397730083,0.0 120.336218395599,5.29935802459956,0.0 120.338371605788,5.30042861628786,0.0 120.340578659361,5.30138271176103,0.0 120.342833288585,5.3022176012369,0.0 120.34512909051,5.30293091345781,0.0 120.347459545165,5.30352062243092,0.0 120.349818034084,5.30398505318757,0.0 120.352197859113,5.30432288654517,0.0 120.354592261443,5.30453316285819,0.0 120.356994440819,5.30461528474745,0.0 120.359397574864,5.30456901879984,0.0 120.361794838468,5.30439449623376,0.0 120.364179423186,5.30409221252824,0.0 120.36654455659,5.30366302601681,0.0 120.368883521508,5.30310815545014,0.0 120.371189675124,5.30242917653426,0.0 120.373456467849,5.3016280174544,0.0 120.375677461937,5.30070695339697,0.0 120.377846349779,5.29966860008541,0.0 120.379956971827,5.29851590634833,0.0 120.391142533174,5.29201356241092,0.0 120.39316985428,5.29076219890863,0.0 120.395128472183,5.28940534322088,0.0 120.397012929281,5.28794677631466,0.0 120.398817974735,5.28639056257554,0.0 120.400538579104,5.28474103847643,0.0 120.402169948358,5.28300280048794,0.0 120.403707537241,5.28118069226412,0.0 120.405147061933,5.27927979113931,0.0 120.406484511986,5.27730539397393,0.0 120.407716161494,5.27526300238856,0.0 120.408838579467,5.27315830742781,0.0 120.409848639387,5.27099717369648,0.0 120.410743527911,5.26878562301258,0.0 120.411520752698,5.26652981762265,0.0 120.412178149345,5.2642360430263,0.0 120.412713887402,5.26191069045792,0.0 120.413126475464,5.25956023907435,0.0 120.41341476531,5.25719123789828,0.0 120.413577955084,5.25481028756768,0.0 120.41361559152,5.25242402194222,0.0 120.413527571186,5.25003908961785,0.0 120.413314140757,5.24766213540123,0.0 120.41297589631,5.24529978179544,0.0 120.412513781651,5.24295861054875,0.0 120.411929085665,5.24064514431774,0.0 120.411223438714,5.23836582849587,0.0 120.392146761016,5.18203769798677,0.0 120.391324833708,5.17980535182033,0.0 120.390386905254,5.1776194503031,0.0 120.389335574652,5.17548604766866,0.0 120.388173754907,5.17341105267724,0.0 120.387104907381,5.17171749215163,0.0 120.387434546107,5.1705883678196,0.0 120.387983028587,5.16825862485379,0.0 120.388407756263,5.16590304277005,0.0 120.388707539915,5.16352822457239,0.0 120.388881540596,5.16114082711731,0.0 120.388929271973,5.15874754245129,0.0 120.388850601668,5.15635507905041,0.0 120.386841597602,5.12250282463655,0.0 120.386643527942,5.12017846254128,0.0 120.386326155634,5.11786743752386,0.0 120.385890326843,5.11557590168481,0.0 120.385337203045,5.11330995517557,0.0 120.384668257921,5.11107562996058,0.0 120.383885273425,5.10887887376142,0.0 120.382990335022,5.10672553422602,0.0 120.38198582613,5.10462134336488,0.0 120.38087442176,5.10257190229566,0.0 120.37965908139,5.10058266633691,0.0 120.378343041074,5.09865893049032,0.0 120.376929804822,5.0968058153503,0.0 120.375423135264,5.09502825347824,0.0 120.373827043632,5.09333097627765,0.0 120.372145779072,5.09171850140513,0.0 120.370383817339,5.09019512075054,0.0 120.368545848871,5.0887648890184,0.0 120.366636766311,5.0874316129407,0.0 120.364661651482,5.08619884114991,0.0 120.362625761861,5.08506985473901,0.0 120.360534516588,5.08404765853362,0.0 120.358393482047,5.08313497309938,0.0 120.356208357054,5.08233422750581,0.0 120.353984957694,5.08164755286584,0.0 120.353641091056,5.08156054449808,0.0 120.353163500684,5.08058433216852,0.0 120.352024951366,5.07853363045088,0.0 120.350781815776,5.07654493469921,0.0 120.349437444533,5.07462360337537,0.0 120.347995460934,5.07277481337179,0.0 120.346459751193,5.07100354606708,0.0 120.344834453956,5.06931457390881,0.0 120.34312394915,5.06771244755968,0.0 120.341332846174,5.06620148364151,0.0 120.339465971482,5.0647857531101,0.0 120.337528355574,5.06346907029208,0.0 120.335525219445,5.06225498261345,0.0 120.333461960516,5.06114676104723,0.0 120.300778900129,5.04467077364666,0.0 120.298674945781,5.04367737242412,0.0 120.296522718993,5.04279406954204,0.0 120.294327944426,5.04202321423546,0.0 120.292096459829,5.04136685663712,0.0 120.289834200513,5.04082674232913,0.0 120.287547183581,5.04040430770433,0.0 120.285241491925,5.04010067614979,0.0 120.282923258059,5.03991665506239,0.0 120.280598647818,5.03985273370451,0.0 120.278273843966,5.03990908190535,0.0 120.275955029762,5.04008554961147,0.0 120.273648372527,5.04038166728763,0.0 120.271360007248,5.0407966471668,0.0 120.269096020272,5.04132938534612,0.0 120.26686243313,5.04197846472314,0.0 120.264665186526,5.04274215876461,0.0 120.262510124553,5.04361843609766,0.0 120.260402979151,5.04460496591139,0.0 120.258349354873,5.04569912415431,0.0 120.256354713989,5.04689800051127,0.0 120.254424361956,5.04819840614142,0.0 120.252563433321,5.0495968821565,0.0 120.245270474144,5.05537779463946,0.0 120.243422775719,5.05692449370047,0.0 120.241660009629,5.05856785441773,0.0 120.239987198794,5.06030319449289,0.0 120.238409109944,5.06212556954483,0.0 120.236930240039,5.06402978719149,0.0 120.235554803456,5.06601042183812,0.0 120.234286719974,5.06806183013001,0.0 120.233129603607,5.07017816702575,0.0 120.232086752294,5.07235340244521,0.0 120.2311611385,5.07458133844502,0.0 120.230355400737,5.07685562687267,0.0 120.22991529486,5.07834557710891,0.0 120.22843886261,5.07803305905514,0.0 120.226106331746,5.07766598669623,0.0 120.223757839501,5.07742184379522,0.0 120.221399824307,5.07730129946908,0.0 120.219038750663,5.07730468398421,0.0 120.216681091426,5.07743198785377,0.0 120.214333310079,5.07768286186596,0.0 120.212001843018,5.07805661804315,0.0 120.20969308192,5.07855223152906,0.0 120.207413356231,5.07916834339906,0.0 120.205168915824,5.07990326438564,0.0 120.202965913875,5.08075497950895,0.0 120.200810390007,5.0817211535998,0.0 120.198708253735,5.0827991376998,0.0 120.196665268281,5.08398597632133,0.0 120.194687034774,5.08527841554733,0.0 120.193580819726,5.08604323745281,0.0 120.192914539213,5.08594483685696,0.0 120.190592010891,5.08572412563026,0.0 120.188261208774,5.0856241566563,0.0 120.185928371263,5.08564519729502,0.0 120.183599742184,5.08578719102165,0.0 120.18128155408,5.08604975758014,0.0 120.178980011548,5.08643219400256,0.0 120.176701274639,5.08693347649174,0.0 120.174451442381,5.08755226316201,0.0 120.172236536463,5.0882868976308,0.0 120.170062485135,5.08913541345148,0.0 120.16793510734,5.09009553937552,0.0 120.165860097158,5.09116470542996,0.0 120.163843008565,5.09234004979391,0.0 120.143824491434,5.10470954615224,0.0 120.141837179495,5.10601103027831,0.0 120.13992091868,5.10741556548297,0.0 120.138081018682,5.10891926009495,0.0 120.136322577715,5.11051794769479,0.0 120.134650468395,5.11220719865406,0.0 120.133069324238,5.11398233240379,0.0 120.131583526825,5.11583843039781,0.0 120.130197193659,5.11777034973534,0.0 120.128914166753,5.11977273740528,0.0 120.127738001984,5.12184004511245,0.0 120.126671959233,5.12396654464521,0.0 120.126512684799,5.12433086784208,0.0 120.123658662149,5.12106023258605,0.0 120.122044692476,5.11930629724384,0.0 120.120340678534,5.11764019199352,0.0 120.118551368199,5.11606655820263,0.0 120.11668174685,5.11458977957803,0.0 120.114737023479,5.11321396995994,0.0 120.112722616177,5.11194296186786,0.0 120.110644137042,5.11078029583041,0.0 120.108507376547,5.10972921052865,0.0 120.106318287414,5.10879263378023,0.0 120.104082968033,5.10797317438946,0.0 120.101807645482,5.10727311488592,0.0 120.099498658187,5.10669440517177,0.0 120.097162438272,5.10623865709532,0.0 120.094805493651,5.105907139966,0.0 120.092434389909,5.10570077702318,0.0 120.090055732022,5.10562014286847,0.0 120.087676145972,5.10566546186877,0.0 120.085302260296,5.10583660753441,0.0 120.082940687637,5.10613310287407,0.0 120.080598006336,5.10655412172543,0.0 120.078280742114,5.10709849105796,0.0 120.075995349911,5.10776469424123,0.0 120.073748195914,5.10855087526978,0.0 120.071545539834,5.1094548439327,0.0 120.069393517479,5.11047408191361,0.0 120.067298123674,5.11160574980397,0.0 120.065265195564,5.1128466950103,0.0 120.063300396372,5.11419346053323,0.0 120.061409199618,5.11564229459404,0.0 120.059596873886,5.11718916108197,0.0 120.049214845653,5.12653507926209,0.0 120.039253957834,5.10886536074001,0.0 120.038000571901,5.10677555802761,0.0 120.036636638677,5.10475655726475,0.0 120.002764636273,5.05741448807859,0.0 120.004179906408,5.05747946657013,0.0 120.006562092876,5.05746251980437,0.0 120.008940062102,5.05731941139192,0.0 120.011307173512,5.05705054069586,0.0 120.01365681684,5.05665665827791,0.0 120.015982430607,5.05613886380418,0.0 120.01827752045,5.05549860297516,0.0 120.035970717736,5.05005345719374,0.0 120.038214112044,5.0492978492979,0.0 120.04041487216,5.04842522888545,0.0 120.042566933137,5.0474380005676,0.0 120.0446643643,5.04633888480455,0.0 120.046701385587,5.04513091040584,0.0 120.048672383496,5.04381740618049,0.0 120.050571926556,5.04240199175976,0.0 120.052394780302,5.04088856761812,0.0 120.054135921704,5.0392813043198,0.0 120.055790553014,5.0375846310207,0.0 120.057354114987,5.03580322325749,0.0 120.058822299447,5.03394199005753,0.0 120.060191061159,5.03200606040516,0.0 120.061456628969,5.03000076910195,0.0 120.062615516199,5.02793164205975,0.0 120.063664530244,5.02580438106721,0.0 120.064600781367,5.02362484807192,0.0 120.06542169065,5.0213990490214,0.0 120.066124997097,5.01913311730774,0.0 120.066708763849,5.01683329686135,0.0 120.06717138351,5.01450592494071,0.0 120.067511582567,5.01215741466542,0.0 120.067728424886,5.00979423734089,0.0 120.067821314275,5.00742290462326,0.0 120.067789996113,5.00504995057393,0.0 120.06763455804,5.00268191365298,0.0 120.067355429698,5.00032531870129,0.0 120.066953381533,4.99798665896097,0.0 120.066429522657,4.9956723781836,0.0 120.065785297778,4.99338885287568,0.0 120.065022483205,4.9911423747301,0.0 120.064143181939,4.98893913329212,0.0 120.063149817866,4.9867851989076,0.0 120.062045129066,4.98468650600027,0.0 120.052392694009,4.96745922266187,0.0 120.051254239363,4.95710157443683,0.0 120.050934006158,4.95475450694643,0.0 120.050491633486,4.95242748441588,0.0 120.049928337214,4.95012689576281,0.0 120.049245665177,4.94785905725736,0.0 120.04844549291,4.94563019518152,0.0 120.047530018487,4.94344642873643,0.0 120.046501756475,4.94131375324433,0.0 120.045363531016,4.93923802369134,0.0 120.044118468063,4.9372249386563,0.0 120.042769986789,4.93528002466958,0.0 120.041321790186,4.93340862104485,0.0 120.0397778549,4.93161586522547,0.0 120.038142420299,4.92990667868547,0.0 120.03641997683,4.92828575342401,0.0 120.034615253692,4.92675753909011,0.0 120.032733205845,4.9253262307731,0.0 120.030779000407,4.9239957574921,0.0 120.028758002473,4.92276977141617,0.0 120.026675760378,4.92165163784456,0.0 120.02453799048,4.92064442597455,0.0 120.022350561462,4.91975090048213,0.0 120.02011947823,4.91897351393856,0.0 120.017850865435,4.91831440008353,0.0 120.015550950665,4.9177753679734,0.0 120.013226047358,4.91735789702042,0.0 120.010882537482,4.91706313293652,0.0 120.008526854021,4.91689188459282,0.0 120.00616546333,4.91684462180331,0.0 120.003804847393,4.91692147403879,0.0 119.98159758088,4.91822889329629,0.0 119.979252505329,4.91842864345597,0.0 119.976921020991,4.91875087969799,0.0 119.974609482649,4.91919472345141,0.0 119.972324190722,4.91975896468951,0.0 119.97007137411,4.92044206522883,0.0 119.967857173219,4.92124216292216,0.0 119.96568762324,4.92215707673384,0.0 119.963568637705,4.9231843126838,0.0 119.961505992381,4.92432107064393,0.0 119.959505309529,4.9255642519684,0.0 119.957572042593,4.92691046793719,0.0 119.95571146134,4.92835604898967,0.0 119.953928637498,4.92989705472334,0.0 119.952228430941,4.9315292846304,0.0 119.950615476442,4.93324828954286,0.0 119.949094171042,4.93504938375529,0.0 119.947668662067,4.93692765779197,0.0 119.946342835817,4.93887799178386,0.0 119.94512030698,4.94089506941901,0.0 119.944004408765,4.94297339242833,0.0 119.942998183819,4.94510729556745,0.0 119.942104375923,4.94729096205383,0.0 119.941325422508,4.94951843941716,0.0 119.940663448002,4.95178365571983,0.0 119.940120258025,4.9540804361035,0.0 119.939697334465,4.95640251961652,0.0 119.939395831418,4.9587435762766,0.0 119.939216572034,4.96109722432216,0.0 119.939160046262,4.9634570476054,0.0 119.939226409496,4.96581661307979,0.0 119.939415482139,4.96816948833431,0.0 119.941313237616,4.98596836596679,0.0 119.941645233523,4.98843678683701,0.0 119.942112281842,4.99088312475511,0.0 119.942712966451,4.99329995410367,0.0 119.943445465548,4.99567993874406,0.0 119.944307557164,4.99801585428532,0.0 119.945296625888,5.00030061001498,0.0 119.946409670793,5.00252727042511,0.0 119.947643314522,5.00468907626852,0.0 119.964189964955,5.03191543242545,0.0 119.963584454168,5.03186858163687,0.0 119.961204141727,5.03181083681247,0.0 119.958824110414,5.03187918712096,0.0 119.956450997563,5.032073441664,0.0 119.954091421197,5.03239305842632,0.0 119.951751961582,5.0328371457896,0.0 119.949439142887,5.03340446502059,0.0 119.947159415004,5.0340934337268,0.0 119.944919135569,5.03490213026974,0.0 119.942724552244,5.03582829912378,0.0 119.940581785304,5.03686935716539,0.0 119.938496810578,5.03802240087546,0.0 119.934379680057,5.0404435781327,0.0 119.886708529907,5.01002138829696,0.0 119.884635346925,5.00877524727173,0.0 119.882498551506,5.00764232596015,0.0 119.880304285928,5.00662588050639,0.0 119.878058857543,5.00572883222997,0.0 119.875768720648,5.00495375923586,0.0 119.873440457945,5.00430288901107,0.0 119.871080761627,5.0037780920287,0.0 119.868696414147,5.00338087637798,0.0 119.866294268739,5.00311238343541,0.0 119.863881229726,5.00297338458962,0.0 119.861464232688,5.00296427902909,0.0 119.859050224542,5.00308509259925,0.0 119.856646143582,5.00333547773188,0.0 119.854258899552,5.00371471444732,0.0 119.822003682834,5.00973086937687,0.0 119.821332411041,5.00806847289911,0.0 119.820349443152,5.00595464927219,0.0 119.819259076214,5.00389448046989,0.0 119.811758618006,4.99056479113264,0.0 119.810575694837,4.98858257690177,0.0 119.809293354199,4.98666355156963,0.0 119.807914945327,4.984812725726,0.0 119.806444068207,4.98303493182699,0.0 119.804884564167,4.98133481158153,0.0 119.803240505838,4.97971680383622,0.0 119.801516186523,4.97818513299038,0.0 119.799716108976,4.97674379797137,0.0 119.797844973646,4.9753965617989,0.0 119.795907666403,4.97414694176556,0.0 119.793909245782,4.97299820025913,0.0 119.791854929774,4.97195333625054,0.0 119.789750082205,4.97101507746967,0.0 119.787600198737,4.97018587328938,0.0 119.785410892522,4.96946788833615,0.0 119.783187879551,4.96886299684417,0.0 119.780936963738,4.96837277776736,0.0 119.75038304894,4.9625333558657,0.0 119.748068007097,4.96215317372006,0.0 119.745736382508,4.96189429360462,0.0 119.743394489414,4.96175741626277,0.0 119.741048669817,4.96174291204001,0.0 119.738705276308,4.96185081988505,0.0 119.736370654879,4.96208084724803,0.0 119.73405112775,4.96243237087582,0.0 119.73175297625,4.96290443850247,0.0 119.72948242383,4.96349577142987,0.0 119.727245619209,4.96420476799207,0.0 119.725048619741,4.96502950789338,0.0 119.722897375018,4.96596775740886,0.0 119.720797710768,4.96701697543295,0.0 119.71875531309,4.96817432035992,0.0 119.716775713059,4.96943665777749,0.0 119.714864271761,4.97080056895286,0.0 119.713026165777,4.97226236008817,0.0 119.71126637317,4.97381807232041,0.0 119.709589660012,4.97546349243859,0.0 119.708000567475,4.97719416428954,0.0 119.706503399539,4.97900540084102,0.0 119.705102211334,4.98089229687005,0.0 119.70380079816,4.98284974224175,0.0 119.702602685206,4.98487243574309,0.0 119.701511117997,4.98695489943396,0.0 119.700529053607,4.98909149347692,0.0 119.699659152635,4.99127643140541,0.0 119.698903772001,4.99350379578933,0.0 119.698264958551,4.99576755425541,0.0 119.697744443504,4.99806157581929,0.0 119.697343637751,5.000379647485,0.0 119.693725720323,5.02510918396101,0.0 119.693442966031,5.02747393687676,0.0 119.693284798066,5.02985034120154,0.0 119.693251656782,5.03223180079708,0.0 119.69334363553,5.0346117054251,0.0 119.693560480376,5.03698344909208,0.0 119.693901590797,5.03934044838315,0.0 119.694366021327,5.04167616073404,0.0 119.69495248417,5.04398410259056,0.0 119.695659352756,5.04625786740517,0.0 119.695824610699,5.04670505177287,0.0 120.076877647542,5.92194569160044,0.0 120.056361808841,5.94438544418615,0.0 120.054839053712,5.94613934123338,0.0 120.053408315999,5.94796926395681,0.0 120.052073376418,5.94987037772564,0.0 120.050837762703,5.95183765979558,0.0 120.049704740278,5.95386591257285,0.0 120.048677303629,5.95594977734028,0.0 120.047758168381,5.95808374840931,0.0 120.046949764117,5.96026218766048,0.0 120.04625422795,5.96247933943421,0.0 120.045673398864,5.96472934573252,0.0 120.045208812841,5.96700626169162,0.0 120.044861698797,5.96930407128456,0.0 120.044632975315,5.97161670321248,0.0 120.044523248204,5.97393804694259,0.0 120.044532808885,5.97626196885052,0.0 120.044661633606,5.97858232842442,0.0 120.044909383487,5.98089299448807,0.0 120.045275405399,5.98318786140013,0.0 120.045758733675,5.98546086518673,0.0 120.046358092645,5.98770599956492,0.0 120.047071899991,5.98991733181437,0.0 120.047898270914,5.99208901845571,0.0 120.048835023098,5.99421532069382,0.0 120.049879682463,5.99629061958529,0.0 120.051029489691,5.99830943089004,0.0 120.052281407505,6.00026641956772,0.0 120.062504636331,6.01537701808391,0.0 120.063876267755,6.01729460730227,0.0 120.065345935894,6.01913797132858,0.0 120.066909641402,6.02090209243465,0.0 120.068563128831,6.02258216852521,0.0 120.070301898216,6.0241736262158,0.0 120.072121217313,6.02567213328858,0.0 120.07401613448,6.02707361049211,0.0 120.075981492156,6.02837424265267,0.0 120.078011940897,6.02957048906702,0.0 120.080101953942,6.03065909314808,0.0 120.082245842261,6.03163709129716,0.0 120.084437770045,6.03250182097859,0.0 120.0866717706,6.03325092797456,0.0 120.088941762598,6.03388237280047,0.0 120.091241566638,6.03439443626305,0.0 120.09356492208,6.03478572414626,0.0 120.095905504098,6.03505517101191,0.0 120.098256940913,6.03520204310484,0.0 120.100612831147,6.0352259403544,0.0 120.102966761263,6.03512679746706,0.0 120.105312323043,6.03490488410678,0.0 120.10764313104,6.034560804163,0.0 120.109952839981,6.03409549410786,0.0 120.112235162047,6.03351022044736,0.0 120.114483884013,6.03280657627334,0.0 120.116692884166,6.03198647692559,0.0 120.118856148988,6.03105215477602,0.0 120.120967789533,6.03000615314913,0.0 120.139095947864,6.02042860786106,0.0 120.141153210082,6.01927186638851,0.0 120.14314730567,6.01800912317371,0.0 120.145072790048,6.01664382600048,0.0 120.146924406085,6.01517970266834,0.0 120.148697098457,6.01362075080851,0.0 120.150386027455,6.01197122696285,0.0 120.151986582204,6.01023563495553,0.0 120.153494393246,6.00841871358943,0.0 120.154905344476,6.00652542370077,0.0 120.156215584374,6.00456093460756,0.0 120.157421536517,6.00253060998886,0.0 120.15851990934,6.00043999323362,0.0 120.159507705109,5.99829479229902,0.0 120.160382228105,5.99610086411993,0.0 120.161141091966,5.99386419861194,0.0 120.161782226195,5.99159090231194,0.0 120.162303881796,5.98928718170082,0.0 120.162704636041,5.9869593262539,0.0 120.16298339633,5.98461369126563,0.0 120.163139403167,5.98225668049514,0.0 120.163172232212,5.97989472868046,0.0 120.163081795424,5.97753428396891,0.0 120.162868341282,5.9751817903118,0.0 120.162532454094,5.97284366987144,0.0 120.16207505238,5.97052630548854,0.0 120.161497386349,5.96823602325791,0.0 120.153660178505,5.94026233566419,0.0 120.152969316044,5.93802151226665,0.0 120.152163337631,5.93581957293086,0.0 120.151244413239,5.93366244213528,0.0 120.150215016655,5.93155592371926,0.0 120.149077918809,5.92950568527075,0.0 120.147836180307,5.92751724288143,0.0 120.146493143183,5.92559594631009,0.0 120.145052421903,5.9237469645941,0.0 120.143517893625,5.92197527214776,0.0 120.141893687765,5.92028563538474,0.0 120.140184174881,5.91868259990057,0.0 120.138393954909,5.91717047824956,0.0 120.136527844784,5.91575333834903,0.0 120.134590865483,5.91443499254191,0.0 120.132588228513,5.91321898734703,0.0 120.130525321896,5.91210859392464,0.0 120.128407695673,5.91110679928279,0.0 120.12624104698,5.91021629824796,0.0 120.124031204728,5.90943948622165,0.0 120.121784113927,5.90877845274228,0.0 120.1195058197,5.90823497586962,0.0 120.117202451034,5.90781051740676,0.0 120.114880204295,5.90750621897262,0.0 120.112545326578,5.90732289893512,0.0 120.110204098906,5.90726105021368,0.0 120.107862819349,5.9073208389565,0.0 120.105527786093,5.90750210409641,0.0 120.103205280508,5.90780435778633,0.0 120.100901550264,5.9082267867132,0.0 120.098622792539,5.90876825428679,0.0 120.096375137357,5.9094273036975,0.0 120.09416463111,5.91020216183501,0.0 120.091997220305,5.91109074405706,0.0 120.089878735578,5.91209065979579,0.0 120.087814876018,5.91319921898636,0.0 120.085811193845,5.91441343930073,0.0 120.083873079481,5.91573005416711,0.0 120.082005747058,5.91714552155363,0.0 120.080214220394,5.91865603349257,0.0 120.078503319486,5.92025752631955,0.0 120.076877647542,5.92194569160044,0.0 120.044094739676,5.95234117366682,0.0 120.051028743658,5.93429046418116,0.0 120.05182686381,5.93203648699475,0.0 120.052504824057,5.9297434037309,0.0 120.053060728603,5.92741763140473,0.0 120.05349302329,5.92506567843959,0.0 120.053800499931,5.92269412644909,0.0 120.053982299677,5.9203096118151,0.0 120.054037915396,5.91791880711328,0.0 120.053967193083,5.91552840243825,0.0 120.053770332269,5.91314508668067,0.0 120.053447885442,5.91077552880857,0.0 120.053000756487,5.90842635920547,0.0 120.052430198137,5.90610415111736,0.0 120.051737808449,5.90381540226062,0.0 120.050925526315,5.9015665166422,0.0 120.049995626022,5.89936378664291,0.0 120.048950710873,5.89721337541407,0.0 120.047793705883,5.89512129963654,0.0 120.046527849589,5.89309341269045,0.0 120.04515668497,5.89113538828262,0.0 120.043684049526,5.8892527045774,0.0 120.04211406453,5.88745062887535,0.0 120.040451123492,5.88573420288237,0.0 120.038699879855,5.88410822861062,0.0 120.036865233976,5.88257725495045,0.0 120.034952319412,5.88114556495092,0.0 120.032966488551,5.87981716384425,0.0 120.030913297645,5.87859576784782,0.0 120.028798491261,5.87748479377477,0.0 120.026627986217,5.87648734948232,0.0 120.024407855033,5.87560622518428,0.0 120.022144308945,5.87484388565219,0.0 120.019843680541,5.87420246332652,0.0 119.998887084395,5.86895312802262,0.0 119.996541137183,5.86843146858681,0.0 119.994170799423,5.86803554235376,0.0 119.991782785754,5.86776647061258,0.0 119.989383860825,5.86762501529676,0.0 119.98698082014,5.86761157683036,0.0 119.984580470825,5.86772619299765,0.0 119.982189612356,5.86796853883939,0.0 119.979815017314,5.86833792757588,0.0 119.977463412214,5.86883331255433,0.0 119.975141458463,5.8694532902148,0.0 119.972855733507,5.87019610406648,0.0 119.970612712208,5.87105964966294,0.0 119.968418748519,5.87204148056229,0.0 119.966280057492,5.87313881525542,0.0 119.964202697687,5.87434854504271,0.0 119.962192554019,5.87566724283689,0.0 119.960255321092,5.87709117286726,0.0 119.958396487081,5.87861630125774,0.0 119.956621318182,5.8802383074489,0.0 119.954934843707,5.88195259643172,0.0 119.953341841832,5.88375431175842,0.0 119.951846826065,5.88563834929366,0.0 119.950454032459,5.8875993716672,0.0 119.949167407607,5.88963182338724,0.0 119.94799059746,5.89172994657164,0.0 119.938056869688,5.91059907476299,0.0 119.937015868231,5.91270756425973,0.0 119.936085787114,5.91486741116379,0.0 119.935269144866,5.91707276964226,0.0 119.934568153078,5.91931767062867,0.0 119.933984710404,5.92159603797317,0.0 119.933520397408,5.92390170488313,0.0 119.933176472277,5.92622843060948,0.0 119.932953867397,5.92856991733398,0.0 119.932853186814,5.93091982721161,0.0 119.932874704589,5.93327179952207,0.0 119.933018364029,5.935619467884,0.0 119.933283777835,5.93795647748533,0.0 119.933670229124,5.94027650228325,0.0 119.93417667336,5.9425732621272,0.0 119.934801741158,5.9448405397585,0.0 119.935543741979,5.94707219764078,0.0 119.936400668687,5.94926219457541,0.0 119.937370202969,5.95140460205717,0.0 119.938449721592,5.95349362032565,0.0 119.939636303497,5.95552359406912,0.0 119.940926737686,5.95748902773811,0.0 119.942317531908,5.9593846004273,0.0 119.943804922102,5.96120518028538,0.0 119.945384882577,5.96294583841375,0.0 119.947053136901,5.96460186221636,0.0 119.948805169475,5.9661687681646,0.0 119.950636237754,5.96764231394233,0.0 119.952541385081,5.96901850993838,0.0 119.954515454106,5.97029363005512,0.0 119.95655310075,5.97146422180375,0.0 119.958648808673,5.97252711565899,0.0 119.960796904215,5.97347943364765,0.0 119.962991571763,5.97431859714781,0.0 119.965226869496,5.97504233387721,0.0 119.967496745488,5.97564868405223,0.0 119.969795054098,5.97613600570018,0.0 119.993752794801,5.98056667178636,0.0 119.996130635492,5.98094104371696,0.0 119.998525027728,5.98118801300251,0.0 120.000929165942,5.98130687740246,0.0 120.003336216817,5.98129729878651,0.0 120.00573933872,5.98115930409962,0.0 120.008131701164,5.98089328528848,0.0 120.010506504237,5.98049999818983,0.0 120.012856997947,5.9799805603836,0.0 120.015176501417,5.97933644801706,0.0 120.017458421894,5.9785694916089,0.0 120.019696273499,5.97768187084526,0.0 120.021883695673,5.97667610838259,0.0 120.02401447127,5.97555506267478,0.0 120.026082544239,5.97432191984524,0.0 120.028082036845,5.97298018462693,0.0 120.030007266383,5.9715336703962,0.0 120.031852761337,5.96998648832889,0.0 120.033613276936,5.96834303570956,0.0 120.035283810065,5.96660798342709,0.0 120.036859613485,5.9647862626925,0.0 120.038336209323,5.96288305101659,0.0 120.039709401803,5.96090375748757,0.0 120.040975289159,5.95885400739048,0.0 120.042130274723,5.9567396262123,0.0 120.043171077138,5.9545666230783,0.0 120.044094739676,5.95234117366682,0.0 119.765382960567,4.83147401821563,0.0 119.764229654718,4.83318508950381,0.0 119.762994302384,4.83524621348328,0.0 119.761869961932,4.83737031806262,0.0 119.760859815919,4.83955139237456,0.0 119.759966723845,4.84178326430465,0.0 119.75919321406,4.84405961795108,0.0 119.7491897857,4.87627852384085,0.0 119.748596224394,4.878365260788,0.0 119.748103177784,4.88047816316607,0.0 119.747711782749,4.88261236279217,0.0 119.747422941998,4.88476294237642,0.0 119.747237321986,4.88692494684867,0.0 119.745297393609,4.91831449134523,0.0 119.745213344443,4.92065329848819,0.0 119.745250086018,4.92299333405705,0.0 119.745407521137,4.92532832670105,0.0 119.745685229147,4.92765201851818,0.0 119.746082467057,4.92995818182458,0.0 119.746598171513,4.93224063584378,0.0 119.747230961633,4.93449326327096,0.0 119.747979142696,4.93671002666793,0.0 119.748840710667,4.93888498464479,0.0 119.749813357562,4.94101230778506,0.0 119.750894477612,4.94308629427139,0.0 119.752081174244,4.9451013851701,0.0 119.753370267827,4.94705217933354,0.0 119.754758304187,4.94893344788021,0.0 119.756241563856,4.95074014821385,0.0 119.757816072032,4.95246743754386,0.0 119.759477609227,4.95411068587077,0.0 119.761221722569,4.95566548840185,0.0 119.763043737738,4.95712767736354,0.0 119.764938771485,4.95849333317898,0.0 119.766901744725,4.95975879498055,0.0 119.768927396149,4.96092067042923,0.0 119.771010296324,4.96197584481429,0.0 119.773144862257,4.96292148940892,0.0 119.775325372356,4.96375506905931,0.0 119.777545981774,4.96447434898666,0.0 119.779800738083,4.96507740078391,0.0 119.782083597238,4.96556260759102,0.0 119.784388439781,4.96592866843483,0.0 119.811680926461,4.96953914544466,0.0 119.814098475977,4.96979260674991,0.0 119.816526137078,4.96991499397599,0.0 119.818956849006,4.96990595081992,0.0 119.821383542091,4.9697655032388,0.0 119.823799158317,4.96949405937826,0.0 119.826196671874,4.96909240838862,0.0 119.828569109597,4.96856171813208,0.0 119.830909571263,4.96790353178775,0.0 119.833211249675,4.96711976336411,0.0 119.835467450472,4.96621269213234,0.0 119.837671611612,4.9651849559963,0.0 119.839817322467,4.96403954381878,0.0 119.841898342477,4.96277978672625,0.0 119.843908619316,4.96140934841745,0.0 119.845842306495,4.95993221450407,0.0 119.847693780376,4.95835268091461,0.0 119.880683797353,4.92863129043565,0.0 119.882401046472,4.92700040273556,0.0 119.884030637068,4.92528141712942,0.0 119.885568082866,4.9234790664238,0.0 119.887009151394,4.92159831294209,0.0 119.888349875635,4.91964433485617,0.0 119.889586564949,4.91762251192382,0.0 119.89071581523,4.91553841067098,0.0 119.891734518271,4.91339776906002,0.0 119.892639870319,4.91120648068605,0.0 119.893429379782,4.90897057854512,0.0 119.894100874084,4.90669621841882,0.0 119.894652505632,4.90438966192135,0.0 119.895082756898,4.90205725925554,0.0 119.895390444577,4.8997054317256,0.0 119.898432821564,4.87053468892036,0.0 119.898614768376,4.86821383618358,0.0 119.898677362964,4.86588666539486,0.0 119.898620440559,4.86355934791038,0.0 119.898444153348,4.86123805541306,0.0 119.898148970053,4.85892894354441,0.0 119.897735674684,4.85663813557952,0.0 119.897205364436,4.85437170618867,0.0 119.896559446776,4.85213566532848,0.0 119.895799635691,4.8499359423054,0.0 119.894927947134,4.84777837005374,0.0 119.893946693665,4.84566866966997,0.0 119.892858478309,4.84361243524422,0.0 119.89198637157,4.84215148977136,0.0 119.892747436796,4.84156815842151,0.0 119.894575560762,4.84000541205989,0.0 119.896318081954,4.83834718273694,0.0 119.897970050773,4.83659818091602,0.0 119.89952677496,4.83476337491094,0.0 119.900983832923,4.83284797676667,0.0 119.902337086296,4.83085742744763,0.0 119.903582691695,4.82879738137554,0.0 119.90471711163,4.826673690361,0.0 119.905737124547,4.82449238697441,0.0 119.906639833972,4.82225966740363,0.0 119.907422676733,4.81998187384717,0.0 119.90808343023,4.81766547649295,0.0 119.908620218737,4.81531705513392,0.0 119.909031518716,4.8129432804729,0.0 119.909316163138,4.81055089516969,0.0 119.909473344778,4.8081466946845,0.0 119.909502618496,4.80573750797204,0.0 119.909403902487,4.80333017808122,0.0 119.909177478499,4.80093154271559,0.0 119.908823991014,4.79854841480981,0.0 119.90633582922,4.78437866639886,0.0 119.905874504337,4.782097002126,0.0 119.905296705992,4.77984218825999,0.0 119.904603967674,4.77762020442957,0.0 119.903798127643,4.77543694313305,0.0 119.902881324048,4.77329819411289,0.0 119.901855989242,4.77120962900351,0.0 119.900724843323,4.76917678629287,0.0 119.899490886907,4.76720505663787,0.0 119.898157393167,4.76529966857234,0.0 119.896727899139,4.76346567464548,0.0 119.89520619634,4.76170793802758,0.0 119.893596320704,4.7600311196184,0.0 119.891902541875,4.75843966569228,0.0 119.890129351881,4.75693779611288,0.0 119.888281453221,4.75552949314856,0.0 119.886363746391,4.75421849091809,0.0 119.88438131689,4.75300826549456,0.0 119.882339421736,4.75190202569375,0.0 119.880243475524,4.75090270457121,0.0 119.878099036079,4.75001295165066,0.0 119.875911789714,4.74923512590406,0.0 119.873687536162,4.74857128950217,0.0 119.871432173202,4.74802320235187,0.0 119.869151681027,4.74759231743474,0.0 119.866852106394,4.74727977695931,0.0 119.864539546601,4.74708640933694,0.0 119.862220133326,4.74701272698943,0.0 119.859900016378,4.74705892499415,0.0 119.857585347402,4.74722488057009,0.0 119.812025729,4.75167521576744,0.0 119.809720887657,4.75196059245227,0.0 119.807433761653,4.75236471019786,0.0 119.805170424423,4.75288649557185,0.0 119.80293688624,4.7535245626808,0.0 119.800739078263,4.75427721685152,0.0 119.798582836791,4.75514245913161,0.0 119.79647388778,4.75611799159773,0.0 119.794417831642,4.75720122345709,0.0 119.792420128385,4.75838927792614,0.0 119.790486083113,4.7596789998683,0.0 119.788620831956,4.7610669641703,0.0 119.786829328425,4.76254948483502,0.0 119.78511633027,4.7641226247667,0.0 119.783486386845,4.76578220622264,0.0 119.781943827032,4.7675238219035,0.0 119.780492747745,4.76934284665303,0.0 119.779137003049,4.77123444973611,0.0 119.777880193928,4.7731936076625,0.0 119.776725658718,4.77521511752242,0.0 119.775676464235,4.77729361079858,0.0 119.774735397633,4.77942356761794,0.0 119.766395733359,4.79969261054038,0.0 119.76556423584,4.80187117025521,0.0 119.764845867304,4.80408985607702,0.0 119.764242541461,4.80634276058458,0.0 119.763755865775,4.80862388520369,0.0 119.763387137177,4.81092715617434,0.0 119.763137338597,4.81324644071838,0.0 119.763007136341,4.81557556336486,0.0 119.7629968783,4.81790832238956,0.0 119.763106593012,4.82023850632512,0.0 119.763335989576,4.82255991049761,0.0 119.763684458409,4.82486635354579,0.0 119.764151072859,4.82715169387893,0.0 119.764734591656,4.82940984602957,0.0 119.765382960567,4.83147401821563,0.0 119.362620768072,4.7070552077333,0.0 119.360721224695,4.70845469392862,0.0 119.358881081867,4.70996665856972,0.0 119.357123032125,4.7115739473995,0.0 119.35545197537,4.71327208076982,0.0 119.353872569148,4.71505632585879,0.0 119.352389215672,4.71692170985626,0.0 119.351006049552,4.71886303381783,0.0 119.349726926279,4.72087488714879,0.0 119.348555411468,4.72295166267761,0.0 119.347494770927,4.72508757227719,0.0 119.346547961546,4.72727666299036,0.0 119.345717623052,4.72951283361468,0.0 119.345006070645,4.73178985170065,0.0 119.344415288537,4.73410137091581,0.0 119.343946924412,4.73644094872649,0.0 119.343602284824,4.73880206434814,0.0 119.343382331542,4.7411781369141,0.0 119.343287678861,4.74356254381241,0.0 119.343318591872,4.74594863913956,0.0 119.343474985711,4.74832977221979,0.0 119.343756425782,4.75069930613852,0.0 119.344162128952,4.75305063623808,0.0 119.344690965719,4.75537720852449,0.0 119.345341463344,4.75767253793382,0.0 119.346111809945,4.7599302264074,0.0 119.346999859525,4.76214398072537,0.0 119.348003137948,4.76430763004901,0.0 119.349118849814,4.76641514312286,0.0 119.350343886241,4.7684606450887,0.0 119.351674833516,4.77043843386446,0.0 119.353107982605,4.77234299604249,0.0 119.354639339472,4.77416902226265,0.0 119.356264636212,4.77591142201746,0.0 119.357979342935,4.77756533784792,0.0 119.390472240071,4.80728903952241,0.0 119.392255799881,4.80883671890191,0.0 119.394117647446,4.81028866422653,0.0 119.396052682559,4.81164089734727,0.0 119.398055604382,4.81288971324145,0.0 119.400120925968,4.81403169017047,0.0 119.402242989294,4.81506369906166,0.0 119.404415980762,4.81598291208859,0.0 119.406633947134,4.81678681042603,0.0 119.408890811842,4.81747319115836,0.0 119.411180391646,4.81804017332236,0.0 119.413496413576,4.81848620306775,0.0 119.415832532135,4.8188100579212,0.0 119.415844820727,4.81881110800524,0.0 119.415334558011,4.82206503829991,0.0 119.403542073389,4.86454536813887,0.0 119.402973622109,4.86681955471053,0.0 119.402523496423,4.86912024715951,0.0 119.402192908488,4.87144125564989,0.0 119.401982748906,4.87377633563545,0.0 119.400027701779,4.90432554993417,0.0 119.399938561722,4.90666270882631,0.0 119.399970073877,4.90900136347495,0.0 119.400122155136,4.91133525225173,0.0 119.400394399588,4.9136581262221,0.0 119.40078607959,4.91596376587387,0.0 119.401296147701,4.91824599776786,0.0 119.401923239473,4.92049871106586,0.0 119.402665677089,4.92271587389188,0.0 119.403521473845,4.92489154948279,0.0 119.40448833945,4.92701991208513,0.0 119.40556368615,4.92909526255553,0.0 119.406744635645,4.93111204362296,0.0 119.40802802678,4.93306485477189,0.0 119.409410424004,4.93494846670653,0.0 119.410888126556,4.93675783535735,0.0 119.412457178366,4.9384881153923,0.0 119.414113378642,4.94013467319656,0.0 119.415852293111,4.94169309928599,0.0 119.41766926589,4.94315922012083,0.0 119.419559431947,4.94452910928822,0.0 119.421517730128,4.94579909802325,0.0 119.423538916708,4.94696578504045,0.0 119.425617579434,4.94802604564914,0.0 119.42774815202,4.94897704012843,0.0 119.429924929055,4.94981622133898,0.0 119.432142081287,4.95054134155137,0.0 119.434393671238,4.95115045847255,0.0 119.43667366911,4.95164194045409,0.0 119.438975968945,4.95201447086845,0.0 119.441294404978,4.9522670516411,0.0 119.443622768164,4.95239900592936,0.0 119.445954822815,4.95240997994034,0.0 119.448284323306,4.95229994388341,0.0 119.450605030819,4.95206919205421,0.0 119.452910730057,4.95171834205035,0.0 119.455195245903,4.95124833312046,0.0 119.457452459967,4.9506604236513,0.0 119.459676326988,4.94995618779942,0.0 119.461860891029,4.9491375112765,0.0 119.464000301441,4.94820658629963,0.0 119.489003445305,4.93654616080183,0.0 119.491187477226,4.93545447375313,0.0 119.493309387123,4.93424581556203,0.0 119.49536295293,4.93292373011887,0.0 119.497342153074,4.93149209393466,0.0 119.49924118413,4.9299551047704,0.0 119.501054477853,4.92831726932366,0.0 119.502776717505,4.92658339000874,0.0 119.504402853457,4.92475855086913,0.0 119.505928117989,4.92284810266371,0.0 119.507348039279,4.92085764717059,0.0 119.508658454508,4.91879302075456,0.0 119.509855522069,4.91666027724665,0.0 119.510935732822,4.91446567018584,0.0 119.511895920379,4.91221563447542,0.0 119.539115062963,4.84332326270913,0.0 119.539931794641,4.84108520936819,0.0 119.540629788255,4.83880708386113,0.0 119.541207104304,4.83649521989699,0.0 119.541662138866,4.83415604493793,0.0 119.551378672683,4.77609409635361,0.0 119.551726798323,4.77358449600554,0.0 119.551934203253,4.77105926895031,0.0 119.552000237257,4.76852635014944,0.0 119.551924694384,4.76599369865255,0.0 119.550526974031,4.7418234024001,0.0 119.550323882583,4.73942138510908,0.0 119.54999344098,4.7370336460369,0.0 119.549536590405,4.73466697626422,0.0 119.548954631552,4.73232810686971,0.0 119.548249220907,4.73002368978504,0.0 119.519365857077,4.64391384633113,0.0 119.51856689635,4.64172081966603,0.0 119.51765614286,4.639572116647,0.0 119.5166360279,4.6374734705923,0.0 119.515509274507,4.63543048118275,0.0 119.51427889019,4.6334485995223,0.0 119.512948158893,4.63153311359573,0.0 119.511520632223,4.62968913416221,0.0 119.510000119964,4.62792158112239,0.0 119.508390679909,4.62623517039538,0.0 119.50669660702,4.62463440134045,0.0 119.504922421971,4.62312354475706,0.0 119.503072859075,4.62170663149522,0.0 119.501152853653,4.62038744170638,0.0 119.499167528864,4.61916949476357,0.0 119.497122182035,4.61805603987755,0.0 119.495022270529,4.61705004743399,0.0 119.492873397186,4.61615420107473,0.0 119.490681295374,4.61537089054405,0.0 119.488451813703,4.61470220531918,0.0 119.48619090042,4.61414992904175,0.0 119.483904587547,4.61371553476517,0.0 119.481598974797,4.61340018103035,0.0 119.479280213302,4.61320470878039,0.0 119.476954489219,4.61312963912218,0.0 119.474628007225,4.61317517194102,0.0 119.472306973981,4.61334118537177,0.0 119.469997581579,4.61362723612797,0.0 119.467705991032,4.61403256068799,0.0 119.465438315849,4.61455607733495,0.0 119.463200605733,4.61519638904506,0.0 119.460998830454,4.61595178721655,0.0 119.458838863929,4.61682025622922,0.0 119.456726468564,4.61779947882254,0.0 119.454667279887,4.61888684227782,0.0 119.452666791525,4.62007944538807,0.0 119.450730340552,4.62137410619688,0.0 119.448863093261,4.62276737048576,0.0 119.426632405762,4.64026655254325,0.0 119.424780532021,4.64180606064609,0.0 119.423013170398,4.64344253193133,0.0 119.421830058311,4.64466157876218,0.0 119.420694965112,4.64435905877575,0.0 119.418376731713,4.64387048369936,0.0 119.416036112537,4.64350485283873,0.0 119.413679578795,4.64326317664148,0.0 119.411313645627,4.64314612284641,0.0 119.408944854101,4.64315401464297,0.0 119.406579753139,4.64328682978302,0.0 119.404224881418,4.64354420064697,0.0 119.401886749308,4.64392541526439,0.0 119.399571820881,4.64442941928599,0.0 119.397286496052,4.64505481890154,0.0 119.395037092895,4.64579988469573,0.0 119.392829830188,4.64666255643113,0.0 119.39067081023,4.64764044874514,0.0 119.38856600198,4.6487308577451,0.0 119.386521224564,4.64993076848337,0.0 119.384542131199,4.65123686329167,0.0 119.382634193567,4.65264553095177,0.0 119.380802686696,4.65415287667704,0.0 119.379052674387,4.65575473287745,0.0 119.377388995211,4.65744667067826,0.0 119.375816249142,4.65922401216051,0.0 119.374338784841,4.66108184328967,0.0 119.372960687632,4.66301502749673,0.0 119.371685768209,4.66501821987414,0.0 119.3705175521,4.66708588194762,0.0 119.369459269913,4.66921229698288,0.0 119.368513848406,4.67139158578524,0.0 119.367683902384,4.67361772294826,0.0 119.366971727467,4.6758845535069,0.0 119.366379293734,4.67818580994885,0.0 119.365908240264,4.68051512953753,0.0 119.3655598706,4.68286607189848,0.0 119.362620768072,4.7070552077333,0.0 118.385478610824,6.98565321008765,0.0 118.384541843711,6.9865657797952,0.0 118.382920456526,6.9883217001451,0.0 118.381394249273,6.99016081571066,0.0 118.379967491724,6.99207798194964,0.0 118.378644175622,6.99406783599501,0.0 118.377428003512,6.99612481164712,0.0 118.37632237838,6.99824315493448,0.0 118.375330394131,7.00041694019944,0.0 118.374454826923,7.0026400866641,0.0 118.373698127399,7.00490637543028,0.0 118.373062413812,7.00720946686592,0.0 118.372549466095,7.00954291832975,0.0 118.372160720857,7.0119002021844,0.0 118.371897267356,7.01427472404806,0.0 118.37175984443,7.01665984123344,0.0 118.371748838408,7.01904888132285,0.0 118.371864282016,7.02143516082732,0.0 118.372105854254,7.02381200387783,0.0 118.372472881281,7.02617276089633,0.0 118.372964338271,7.02851082719447,0.0 118.373578852261,7.03081966144808,0.0 118.374314705966,7.03309280399567,0.0 118.375169842562,7.03532389490996,0.0 118.376141871421,7.03750669179167,0.0 118.377228074773,7.03963508723608,0.0 118.378425415292,7.04170312592317,0.0 118.379730544573,7.04370502128377,0.0 118.381139812486,7.04563517169486,0.0 118.382649277367,7.04748817615878,0.0 118.384254717034,7.04925884942225,0.0 118.38595164059,7.05094223649304,0.0 118.387735300973,7.05253362651331,0.0 118.389600708233,7.05402856595087,0.0 118.391542643487,7.05542287107132,0.0 118.393555673514,7.05671263965594,0.0 118.395634165963,7.05789426193243,0.0 118.428411080941,7.07539645951833,0.0 118.430464279279,7.07642659921498,0.0 118.432567221979,7.07735120954049,0.0 118.434714478103,7.07816790191126,0.0 118.436900502119,7.07887456642744,0.0 118.439119648225,7.07946937733194,0.0 118.441366184943,7.07995079773536,0.0 118.443634309931,7.08031758359467,0.0 118.445918164976,7.08056878693514,0.0 118.448211851139,7.08070375830708,0.0 118.450509444003,7.08072214847113,0.0 118.45280500899,7.08062390930745,0.0 118.4550926167,7.08040929394653,0.0 118.457366358242,7.08007885612112,0.0 118.463509916616,7.07902608994152,0.0 118.464168446768,7.07965102269204,0.0 118.465938096866,7.08116501036605,0.0 118.467783478594,7.08258592259414,0.0 118.469699692295,7.08390998557488,0.0 118.471681650041,7.08513368262376,0.0 118.473724089145,7.08625376352207,0.0 118.475821586135,7.08726725315841,0.0 118.477968571158,7.08817145944,0.0 118.48015934278,7.08896398045237,0.0 118.482388083125,7.08964271084858,0.0 118.484648873341,7.09020584745072,0.0 118.486935709326,7.09065189404862,0.0 118.489242517678,7.09097966538312,0.0 118.508401594244,7.09320011661368,0.0 118.51075045597,7.09341044455445,0.0 118.513107105831,7.09349814924928,0.0 118.515465132285,7.09346299143534,0.0 118.517818119974,7.09330506611212,0.0 118.520159667191,7.09302480228983,0.0 118.522483403318,7.09262296182816,0.0 118.524783006169,7.09210063736864,0.0 118.527052219211,7.09145924936596,0.0 118.529284868602,7.09070054222654,0.0 118.531474880004,7.08982657956459,0.0 118.533616295124,7.0888397385887,0.0 118.535703287939,7.08774270363432,0.0 118.537730180562,7.08653845885944,0.0 118.539691458703,7.08523028012377,0.0 118.54158178668,7.08382172607323,0.0 118.543396021947,7.08231662845424,0.0 118.545129229095,7.08071908168422,0.0 118.546776693284,7.07903343170669,0.0 118.548333933074,7.07726426416138,0.0 118.549796712624,7.07541639190174,0.0 118.551161053213,7.0734948418938,0.0 118.564771813907,7.05322365401644,0.0 118.566031169201,7.05123809789873,0.0 118.567185421604,7.04918977825339,0.0 118.568231446173,7.04708424241751,0.0 118.56916641121,7.0449271926529,0.0 118.56998778592,7.04272447069407,0.0 118.570693347258,7.04048204191881,0.0 118.571281185936,7.03820597918414,0.0 118.571749711581,7.03590244637179,0.0 118.572097657024,7.03357768168751,0.0 118.572324081718,7.03123798076001,0.0 118.572428374269,7.02888967958495,0.0 118.572410254067,7.02653913736054,0.0 118.572269772032,7.02419271926126,0.0 118.572007310456,7.02185677919633,0.0 118.571623581942,7.01953764259978,0.0 118.571119627461,7.01724158929875,0.0 118.560281361088,6.97335124052819,0.0 118.559672425809,6.97113026656818,0.0 118.558951010621,6.96894318658528,0.0 118.558118992021,6.96679568417829,0.0 118.557178533868,6.9646933399902,0.0 118.556132081745,6.96264161720696,0.0 118.554982356585,6.96064584736261,0.0 118.553732347585,6.95871121648751,0.0 118.552385304426,6.95684275163569,0.0 118.550944728812,6.95504530782633,0.0 118.54941436536,6.95332355543314,0.0 118.534269473609,6.93713454517519,0.0 118.532635285881,6.93547546082694,0.0 118.530917745736,6.93390270571793,0.0 118.529121415125,6.93242045589578,0.0 118.527251065068,6.93103264699071,0.0 118.525311662974,6.92974296377332,0.0 118.523308359451,6.92855483037901,0.0 118.521246474627,6.927471401225,0.0 118.519131484024,6.92649555264375,0.0 118.516969004019,6.92562987525515,0.0 118.514764776941,6.9248766670974,0.0 118.51252465582,6.92423792753483,0.0 118.510254588863,6.92371535195872,0.0 118.507960603659,6.92331032729496,0.0 118.505648791194,6.92302392833064,0.0 118.503325289682,6.92285691486883,0.0 118.500996268284,6.92280972971947,0.0 118.498667910737,6.92288249753118,0.0 118.496346398955,6.92307502446731,0.0 118.494037896623,6.92338679872689,0.0 118.491748532853,6.92381699190903,0.0 118.489484385922,6.92436446121719,0.0 118.487251467148,6.9250277524972,0.0 118.48505570495,6.92580510410122,0.0 118.482902929116,6.92669445156714,0.0 118.480798855343,6.92769343310099,0.0 118.478749070072,6.92879939584802,0.0 118.476759015671,6.93000940293546,0.0 118.474833975998,6.93132024126859,0.0 118.467236213345,6.9367853779538,0.0 118.453930207222,6.93578769568844,0.0 118.451630258141,6.93567398650093,0.0 118.449327502789,6.93567745878382,0.0 118.447027915714,6.93579810290454,0.0 118.444737463188,6.9360356052264,0.0 118.442462087739,6.93638934892815,0.0 118.44020769275,6.93685841560937,0.0 118.437980127153,6.93744158767762,0.0 118.435785170273,6.93813735151094,0.0 118.433628516842,6.93894390138767,0.0 118.413641529467,6.94700374178685,0.0 118.411461644613,6.94795004130776,0.0 118.409334542943,6.94900951204175,0.0 118.407266103445,6.9501792252438,0.0 118.405262043052,6.95145594750239,0.0 118.403327900848,6.95283614967411,0.0 118.401469022775,6.9543160166347,0.0 118.399690546866,6.95589145781959,0.0 118.397997389049,6.95755811852477,0.0 118.396394229573,6.95931139193703,0.0 118.394885500073,6.96114643186013,0.0 118.393475371323,6.96305816610217,0.0 118.392167741711,6.9650413104869,0.0 118.390966226465,6.96709038345067,0.0 118.389874147653,6.96919972118456,0.0 118.388894524998,6.97136349328013,0.0 118.388030067524,6.9735757188356,0.0 118.387283166057,6.97583028297803,0.0 118.386655886609,6.97812095375611,0.0 118.38614996465,6.98044139935682,0.0 118.385766800301,6.98278520559863,0.0 118.385507454441,6.98514589365301,0.0 118.385478610824,6.98565321008765,0.0
</coordinates>
</LineString>
</Placemark>
</Document>
</kml>
